Unnamed: 0	best_epoch	best_validation_accuracy	best_validation_loss	dataset_reader.token_indexers.tokens.lowercase_tokens	dataset_reader.token_indexers.tokens.type	dataset_reader.tokenizer.end_tokens	dataset_reader.type	epoch	evaluate_on_test	iterator.batch_size	iterator.sorting_keys	iterator.type	model.aggregate_feedforward.activations	model.aggregate_feedforward.dropout	model.aggregate_feedforward.hidden_dims	model.aggregate_feedforward.input_dim	model.aggregate_feedforward.num_layers	model.attend_feedforward.activations	model.attend_feedforward.dropout	model.attend_feedforward.hidden_dims	model.attend_feedforward.input_dim	model.attend_feedforward.num_layers	model.compare_feedforward.activations	model.compare_feedforward.dropout	model.compare_feedforward.hidden_dims	model.compare_feedforward.input_dim	model.compare_feedforward.num_layers	model.initializer	model.similarity_function.type	model.text_field_embedder.token_embedders.tokens.embedding_dim	model.text_field_embedder.token_embedders.tokens.pretrained_file	model.text_field_embedder.token_embedders.tokens.projection_dim	model.text_field_embedder.token_embedders.tokens.trainable	model.text_field_embedder.token_embedders.tokens.type	model.type	peak_cpu_memory_MB	peak_gpu_0_memory_MB	peak_gpu_1_memory_MB	peak_gpu_2_memory_MB	peak_gpu_3_memory_MB	peak_gpu_4_memory_MB	peak_gpu_5_memory_MB	peak_gpu_6_memory_MB	peak_gpu_7_memory_MB	test_accuracy	test_data_path	test_loss	train_data_path	trainer.cuda_device	trainer.grad_clipping	trainer.num_epochs	trainer.optimizer.lr	trainer.optimizer.type	trainer.patience	trainer.validation_metric	training_accuracy	training_cpu_memory_MB	training_duration	training_epochs	training_gpu_0_memory_MB	training_gpu_1_memory_MB	training_gpu_2_memory_MB	training_gpu_3_memory_MB	training_gpu_4_memory_MB	training_gpu_5_memory_MB	training_gpu_6_memory_MB	training_gpu_7_memory_MB	training_loss	training_start_epoch	validation_accuracy	validation_data_path	validation_loss	dataset_reader.sample	embedding
0	133	0.7893720788457631	0.5487184027185688	True	single_id	['@@NULL@@']	snli	139	True	64	[['premise', 'num_tokens'], ['hypothesis', 'num_tokens']]	bucket	['relu', 'relu', 'linear']	['0.2626440999072005', '0.2626440999072005', '0.0']	[232, 232, 3]	610	3	tanh	0.3904475235831753	139	233	2	relu	0.09986172499006467	305	466	2	[['.*linear_layers.*weight', {'type': 'xavier_normal'}], ['.*token_embedder_tokens\\._projection.*weight', {'type': 'xavier_normal'}]]	dot_product	300	https://s3-us-west-2.amazonaws.com/allennlp/datasets/glove/glove.6B.300d.txt.gz	233	False	embedding	decomposable_attention	7416.411999999998	1675	2681	2807	3635	3589	3487	2319	1521	0.7876628664495114	https://s3-us-west-2.amazonaws.com/allennlp/datasets/snli/snli_1.0_test.jsonl	0.5538885945623572	https://s3-us-west-2.amazonaws.com/allennlp/datasets/snli/snli_1.0_train.jsonl	0	7.184317658368872	140	0.07955771066991256	adagrad	20	+accuracy	0.7612197310723069	7416.411999999998	40088.0	139	1675	2681	2157	3635	1561	3487	2167	1521	0.5837549251423522	0	0.7886608412924202	https://s3-us-west-2.amazonaws.com/allennlp/datasets/snli/snli_1.0_dev.jsonl	0.5416579790316619	550152	glove
1	139	0.7797195691932534	0.5431343206724564	True	single_id	['@@NULL@@']	snli	139	True	64	[['premise', 'num_tokens'], ['hypothesis', 'num_tokens']]	bucket	['tanh', 'linear']	['0.22825406815281685', '0.0']	[382, 3]	396	2	relu	0.2223530180321594	248	134	3	relu	0.17525243194620488	198	268	2	[['.*linear_layers.*weight', {'type': 'xavier_normal'}], ['.*token_embedder_tokens\\._projection.*weight', {'type': 'xavier_normal'}]]	dot_product	300	https://s3-us-west-2.amazonaws.com/allennlp/datasets/glove/glove.6B.300d.txt.gz	134	False	embedding	decomposable_attention	7405.728	2195	1513	2807	2135	3589	2965	2389	2929	0.7827768729641694	https://s3-us-west-2.amazonaws.com/allennlp/datasets/snli/snli_1.0_test.jsonl	0.5453265061626187	https://s3-us-west-2.amazonaws.com/allennlp/datasets/snli/snli_1.0_train.jsonl	0	7.010710632735478	140	0.011829184797946294	adagrad	20	+accuracy	0.7602950304623322	7405.728	40614.0	139	2195	1211	2807	1115	3589	1825	1667	2929	0.5868738304931265	0	0.7797195691932534	https://s3-us-west-2.amazonaws.com/allennlp/datasets/snli/snli_1.0_dev.jsonl	0.5431343206724564	550152	glove
2	136	0.7221093273724852	0.6701613318223458	True	single_id	['@@NULL@@']	snli	139	True	64	[['premise', 'num_tokens'], ['hypothesis', 'num_tokens']]	bucket	['relu', 'linear']	['0.39112552709009063', '0.0']	[452, 3]	866	2	tanh	0.0957073439194599	238	68	1	tanh	0.21882486368666165	433	136	1	[['.*linear_layers.*weight', {'type': 'xavier_normal'}], ['.*token_embedder_tokens\\._projection.*weight', {'type': 'xavier_normal'}]]	dot_product	300	https://s3-us-west-2.amazonaws.com/allennlp/datasets/glove/glove.6B.300d.txt.gz	68	False	embedding	decomposable_attention	7415.0	3423	1513	2807	2135	3589	2965	2389	2929	0.7275040716612378	https://s3-us-west-2.amazonaws.com/allennlp/datasets/snli/snli_1.0_test.jsonl	0.6658850881186399	https://s3-us-west-2.amazonaws.com/allennlp/datasets/snli/snli_1.0_train.jsonl	0	5.098082726497954	140	0.000213690432939993	adagrad	20	+accuracy	0.6961047896943209	7415.0	36755.0	139	2195	1211	2807	2135	3589	1825	2389	2929	0.7166160201898604	0	0.7212964844543792	https://s3-us-west-2.amazonaws.com/allennlp/datasets/snli/snli_1.0_dev.jsonl	0.6694958467375148	550152	glove
3	136	0.6536273115220483	0.7919177958717594	True	single_id	['@@NULL@@']	snli	139	True	64	[['premise', 'num_tokens'], ['hypothesis', 'num_tokens']]	bucket	['tanh', 'linear']	['0.4754171295076094', '0.0']	[385, 3]	390	2	relu	0.33858022870698273	242	278	1	tanh	0.4660935486125987	195	556	1	[['.*linear_layers.*weight', {'type': 'xavier_normal'}], ['.*token_embedder_tokens\\._projection.*weight', {'type': 'xavier_normal'}]]	dot_product	300	https://s3-us-west-2.amazonaws.com/allennlp/datasets/glove/glove.6B.300d.txt.gz	278	False	embedding	decomposable_attention	7417.312	1675	2681	2967	3635	1561	3487	2167	3313	0.6589983713355049	https://s3-us-west-2.amazonaws.com/allennlp/datasets/snli/snli_1.0_test.jsonl	0.7925025073738842	https://s3-us-west-2.amazonaws.com/allennlp/datasets/snli/snli_1.0_train.jsonl	0	5.8159035759049065	140	0.036121143140366865	adagrad	20	+accuracy	0.6163675648519114	7417.312	34963.0	139	1581	0	2967	1295	0	2715	2167	0	0.8487050894227743	0	0.65149359886202	https://s3-us-west-2.amazonaws.com/allennlp/datasets/snli/snli_1.0_dev.jsonl	0.7928823085574359	550152	glove
4	85	0.3778703515545621	1.0914743310445314	True	single_id	['@@NULL@@']	snli	104	True	64	[['premise', 'num_tokens'], ['hypothesis', 'num_tokens']]	bucket	['relu', 'relu', 'relu', 'linear']	['0.40547937208052326', '0.40547937208052326', '0.40547937208052326', '0.0']	[173, 173, 173, 3]	592	4	relu	0.2961818233447057	164	182	3	relu	0.11493917313351255	296	364	3	[['.*linear_layers.*weight', {'type': 'xavier_normal'}], ['.*token_embedder_tokens\\._projection.*weight', {'type': 'xavier_normal'}]]	dot_product	300	https://s3-us-west-2.amazonaws.com/allennlp/datasets/glove/glove.6B.300d.txt.gz	182	False	embedding	decomposable_attention	7421.211999999998	3423	1687	1287	1141	2919	2425	2237	2551	0.3844666123778502	https://s3-us-west-2.amazonaws.com/allennlp/datasets/snli/snli_1.0_test.jsonl	1.089334354772196	https://s3-us-west-2.amazonaws.com/allennlp/datasets/snli/snli_1.0_train.jsonl	0	7.699734621706789	140	2.4792990581293905e-06	adagrad	20	+accuracy	0.3418407002968871	7421.211999999998	33981.0	104	3423	1687	1287	1141	1405	2425	2237	2551	1.1579111873798025	0	0.37543182280024384	https://s3-us-west-2.amazonaws.com/allennlp/datasets/snli/snli_1.0_dev.jsonl	1.0912781953811646	550152	glove
5	139	0.5677707782970941	0.9359013283407532	True	single_id	['@@NULL@@']	snli	139	True	64	[['premise', 'num_tokens'], ['hypothesis', 'num_tokens']]	bucket	['relu', 'relu', 'relu', 'linear']	['0.29913747702737614', '0.29913747702737614', '0.29913747702737614', '0.0']	[225, 225, 225, 3]	958	4	tanh	0.23590227735406225	116	187	3	relu	0.027337751599200932	479	374	3	[['.*linear_layers.*weight', {'type': 'xavier_normal'}], ['.*token_embedder_tokens\\._projection.*weight', {'type': 'xavier_normal'}]]	dot_product	300	https://s3-us-west-2.amazonaws.com/allennlp/datasets/glove/glove.6B.300d.txt.gz	187	False	embedding	decomposable_attention	7407.812	3423	2671	3447	1515	1405	2965	2237	2551	0.5714576547231272	https://s3-us-west-2.amazonaws.com/allennlp/datasets/snli/snli_1.0_test.jsonl	0.9343870769847524	https://s3-us-west-2.amazonaws.com/allennlp/datasets/snli/snli_1.0_train.jsonl	0	6.812610038603702	140	2.1777620242131687e-05	adagrad	20	+accuracy	0.5218114666516189	7407.812	45593.0	139	3423	2671	1573	1515	1405	2965	1859	1349	0.9863037727669034	0	0.5677707782970941	https://s3-us-west-2.amazonaws.com/allennlp/datasets/snli/snli_1.0_dev.jsonl	0.9359013283407532	550152	glove
6	38	0.4806949806949807	1.0197022739168886	True	single_id	['@@NULL@@']	snli	57	True	64	[['premise', 'num_tokens'], ['hypothesis', 'num_tokens']]	bucket	['tanh', 'tanh', 'linear']	['0.34294957338287446', '0.34294957338287446', '0.0']	[451, 451, 3]	690	3	relu	0.18712927277405011	419	196	3	tanh	0.4614899058568235	345	392	2	[['.*linear_layers.*weight', {'type': 'xavier_normal'}], ['.*token_embedder_tokens\\._projection.*weight', {'type': 'xavier_normal'}]]	dot_product	300	https://s3-us-west-2.amazonaws.com/allennlp/datasets/glove/glove.6B.300d.txt.gz	196	False	embedding	decomposable_attention	7417.052	1675	2681	2967	3635	1561	3487	2167	3313	0.4909405537459283	https://s3-us-west-2.amazonaws.com/allennlp/datasets/snli/snli_1.0_test.jsonl	1.0161132173878806	https://s3-us-west-2.amazonaws.com/allennlp/datasets/snli/snli_1.0_train.jsonl	0	7.109954212720624	140	0.08662186202780582	adagrad	20	+accuracy	0.4529758795122386	7417.052	17786.0	57	1581	2681	2967	1295	1561	10	2167	3313	1.0428164495018075	0	0.4750050802682382	https://s3-us-west-2.amazonaws.com/allennlp/datasets/snli/snli_1.0_dev.jsonl	1.0207385134387326	550152	glove
7	7	0.3382442592968909	1.1022616733204236	True	single_id	['@@NULL@@']	snli	26	True	64	[['premise', 'num_tokens'], ['hypothesis', 'num_tokens']]	bucket	['tanh', 'tanh', 'tanh', 'linear']	['0.2620608311102062', '0.2620608311102062', '0.2620608311102062', '0.0']	[368, 368, 368, 3]	888	4	relu	0.26465391198836363	64	87	3	relu	0.07311767802814623	444	174	3	[['.*linear_layers.*weight', {'type': 'xavier_normal'}], ['.*token_embedder_tokens\\._projection.*weight', {'type': 'xavier_normal'}]]	dot_product	300	https://s3-us-west-2.amazonaws.com/allennlp/datasets/glove/glove.6B.300d.txt.gz	87	False	embedding	decomposable_attention	7404.528	2195	1211	2807	1115	3589	1825	2389	2929	0.3428338762214984	https://s3-us-west-2.amazonaws.com/allennlp/datasets/snli/snli_1.0_test.jsonl	1.1019926133093896	https://s3-us-west-2.amazonaws.com/allennlp/datasets/snli/snli_1.0_train.jsonl	0	5.386679584544782	140	0.09751505901341594	adagrad	20	+accuracy	0.3330833486539963	7404.528	8353.0	26	1675	1211	2807	1115	3589	1825	2319	1521	1.1025127278569693	0	0.3330623856939646	https://s3-us-west-2.amazonaws.com/allennlp/datasets/snli/snli_1.0_dev.jsonl	1.1079716473430783	550152	glove
8	135	0.8444421865474497	0.4038479493616463	True	single_id	['@@NULL@@']	snli	139	True	64	[['premise', 'num_tokens'], ['hypothesis', 'num_tokens']]	bucket	['relu', 'linear']	['0.05505787427230163', '0.0']	[492, 3]	448	2	tanh	0.3660674918758617	152	176	1	relu	0.23184438121743026	224	352	2	[['.*linear_layers.*weight', {'type': 'xavier_normal'}], ['.*token_embedder_tokens\\._projection.*weight', {'type': 'xavier_normal'}]]	dot_product	300	https://s3-us-west-2.amazonaws.com/allennlp/datasets/glove/glove.6B.300d.txt.gz	176	False	embedding	decomposable_attention	7404.711999999998	1581	2681	2967	1295	1561	3487	2167	3313	0.839678338762215	https://s3-us-west-2.amazonaws.com/allennlp/datasets/snli/snli_1.0_test.jsonl	0.4144639234457697	https://s3-us-west-2.amazonaws.com/allennlp/datasets/snli/snli_1.0_train.jsonl	0	9.8461103510045	140	0.004157730194846503	adagrad	20	+accuracy	0.8303611247126238	7404.711999999998	34229.0	139	1581	0	2967	0	0	2715	0	0	0.4328832856543494	0	0.8431213168055274	https://s3-us-west-2.amazonaws.com/allennlp/datasets/snli/snli_1.0_dev.jsonl	0.403328747331322	550152	glove
9	137	0.727900833163991	0.6497023063046592	True	single_id	['@@NULL@@']	snli	139	True	64	[['premise', 'num_tokens'], ['hypothesis', 'num_tokens']]	bucket	['relu', 'relu', 'linear']	['0.20364595031231775', '0.20364595031231775', '0.0']	[385, 385, 3]	636	3	tanh	0.3489880025182221	162	98	3	relu	0.016451456148542487	318	196	3	[['.*linear_layers.*weight', {'type': 'xavier_normal'}], ['.*token_embedder_tokens\\._projection.*weight', {'type': 'xavier_normal'}]]	dot_product	300	https://s3-us-west-2.amazonaws.com/allennlp/datasets/glove/glove.6B.300d.txt.gz	98	False	embedding	decomposable_attention	7404.991999999998	1675	2681	2807	3635	3589	3487	2319	3313	0.7366653094462541	https://s3-us-west-2.amazonaws.com/allennlp/datasets/snli/snli_1.0_test.jsonl	0.6368636096065695	https://s3-us-west-2.amazonaws.com/allennlp/datasets/snli/snli_1.0_train.jsonl	0	9.570841957802564	140	0.00018068603596774186	adagrad	20	+accuracy	0.7060125562693063	7404.991999999998	42966.0	139	1675	2681	2157	1047	1561	3487	2167	3313	0.6918976885290037	0	0.7269863848811218	https://s3-us-west-2.amazonaws.com/allennlp/datasets/snli/snli_1.0_dev.jsonl	0.6515034437179565	550152	glove
10	137	0.5911400121926438	0.8874105482132404	True	single_id	['@@NULL@@']	snli	139	True	64	[['premise', 'num_tokens'], ['hypothesis', 'num_tokens']]	bucket	['tanh', 'linear']	['0.021170838371933842', '0.0']	[425, 3]	876	2	relu	0.4896244000536352	83	268	2	tanh	0.3335455506052476	438	536	1	[['.*linear_layers.*weight', {'type': 'xavier_normal'}], ['.*token_embedder_tokens\\._projection.*weight', {'type': 'xavier_normal'}]]	dot_product	300	https://s3-us-west-2.amazonaws.com/allennlp/datasets/glove/glove.6B.300d.txt.gz	268	False	embedding	decomposable_attention	7405.2	1829	2447	1179	1183	2919	2269	2237	1603	0.5943607491856677	https://s3-us-west-2.amazonaws.com/allennlp/datasets/snli/snli_1.0_test.jsonl	0.8863614290565639	https://s3-us-west-2.amazonaws.com/allennlp/datasets/snli/snli_1.0_train.jsonl	0	5.325609242980394	140	2.7914009292408776e-05	adagrad	20	+accuracy	0.5548130848776865	7405.2	39385.0	139	1627	2447	1179	1183	2919	2269	2237	1603	0.9386734528482682	0	0.590428774639301	https://s3-us-west-2.amazonaws.com/allennlp/datasets/snli/snli_1.0_dev.jsonl	0.8869884029611365	550152	glove
11	138	0.6608412924202398	0.7884083158010012	True	single_id	['@@NULL@@']	snli	139	True	64	[['premise', 'num_tokens'], ['hypothesis', 'num_tokens']]	bucket	['relu', 'relu', 'linear']	['0.052174455682732435', '0.052174455682732435', '0.0']	[207, 207, 3]	694	3	tanh	0.3610610319014174	140	199	1	relu	0.20367582535018824	347	398	1	[['.*linear_layers.*weight', {'type': 'xavier_normal'}], ['.*token_embedder_tokens\\._projection.*weight', {'type': 'xavier_normal'}]]	dot_product	300	https://s3-us-west-2.amazonaws.com/allennlp/datasets/glove/glove.6B.300d.txt.gz	199	False	embedding	decomposable_attention	7404.804	3423	2671	3447	1515	3167	2965	1859	2551	0.6665309446254072	https://s3-us-west-2.amazonaws.com/allennlp/datasets/snli/snli_1.0_test.jsonl	0.7842064573393239	https://s3-us-west-2.amazonaws.com/allennlp/datasets/snli/snli_1.0_train.jsonl	0	6.840885630212593	140	4.2031112809660116e-05	adagrad	20	+accuracy	0.6161873574495738	7404.804	36004.0	139	3423	1513	1573	1515	3167	2965	1859	1349	0.8543953571645656	0	0.6608412924202398	https://s3-us-west-2.amazonaws.com/allennlp/datasets/snli/snli_1.0_dev.jsonl	0.7877999304176925	550152	glove
12	139	0.43741109530583216	1.056091932120261	True	single_id	['@@NULL@@']	snli	139	True	64	[['premise', 'num_tokens'], ['hypothesis', 'num_tokens']]	bucket	['tanh', 'tanh', 'linear']	['0.0838860158823545', '0.0838860158823545', '0.0']	[141, 141, 3]	1020	3	relu	0.1429081391087842	324	197	1	relu	0.4722709329206528	510	394	1	[['.*linear_layers.*weight', {'type': 'xavier_normal'}], ['.*token_embedder_tokens\\._projection.*weight', {'type': 'xavier_normal'}]]	dot_product	300	https://s3-us-west-2.amazonaws.com/allennlp/datasets/glove/glove.6B.300d.txt.gz	197	False	embedding	decomposable_attention	7417.408	3423	2671	3447	1515	3167	2965	1859	2551	0.4379071661237785	https://s3-us-west-2.amazonaws.com/allennlp/datasets/snli/snli_1.0_test.jsonl	1.0586750747321487	https://s3-us-west-2.amazonaws.com/allennlp/datasets/snli/snli_1.0_train.jsonl	0	9.494594032932431	140	2.291309256604748e-06	adagrad	20	+accuracy	0.3919875056201046	7417.408	36584.0	139	3423	2671	1573	1515	3167	2965	1859	1349	1.1154639062654828	0	0.43741109530583216	https://s3-us-west-2.amazonaws.com/allennlp/datasets/snli/snli_1.0_dev.jsonl	1.056091932120261	550152	glove
13	134	0.8350944929892299	0.4258255228980795	True	single_id	['@@NULL@@']	snli	139	True	64	[['premise', 'num_tokens'], ['hypothesis', 'num_tokens']]	bucket	['relu', 'relu', 'relu', 'linear']	['0.1664852040204604', '0.1664852040204604', '0.1664852040204604', '0.0']	[361, 361, 361, 3]	882	4	relu	0.06237158980445617	85	263	1	relu	0.26818628505988296	441	526	1	[['.*linear_layers.*weight', {'type': 'xavier_normal'}], ['.*token_embedder_tokens\\._projection.*weight', {'type': 'xavier_normal'}]]	dot_product	300	https://s3-us-west-2.amazonaws.com/allennlp/datasets/glove/glove.6B.300d.txt.gz	263	False	embedding	decomposable_attention	7417.544	1829	2447	1179	1183	2919	2269	2237	1603	0.8268526058631922	https://s3-us-west-2.amazonaws.com/allennlp/datasets/snli/snli_1.0_test.jsonl	0.4421000652886056	https://s3-us-west-2.amazonaws.com/allennlp/datasets/snli/snli_1.0_train.jsonl	0	8.833505105007143	140	0.002461728373696429	adagrad	20	+accuracy	0.8408076932178307	7417.544	39644.0	139	1627	2447	1179	1183	2919	2269	2237	10	0.4067035089095035	0	0.8349928876244666	https://s3-us-west-2.amazonaws.com/allennlp/datasets/snli/snli_1.0_dev.jsonl	0.4253622275087741	550152	glove
14	24	0.8362121520016257	0.4333633670172134	True	single_id	['@@NULL@@']	snli	43	True	64	[['premise', 'num_tokens'], ['hypothesis', 'num_tokens']]	bucket	['relu', 'relu', 'relu', 'linear']	['0.04163033990803172', '0.04163033990803172', '0.04163033990803172', '0.0']	[86, 86, 86, 3]	440	4	tanh	0.1789477334494039	340	109	2	relu	0.01757230448480246	220	218	3	[['.*linear_layers.*weight', {'type': 'xavier_normal'}], ['.*token_embedder_tokens\\._projection.*weight', {'type': 'xavier_normal'}]]	dot_product	300	https://s3-us-west-2.amazonaws.com/allennlp/datasets/glove/glove.6B.300d.txt.gz	109	False	embedding	decomposable_attention	7412.38	2193	1513	2807	2135	3167	2777	2389	2929	0.8317385993485342	https://s3-us-west-2.amazonaws.com/allennlp/datasets/snli/snli_1.0_test.jsonl	0.4410767906478473	https://s3-us-west-2.amazonaws.com/allennlp/datasets/snli/snli_1.0_train.jsonl	0	7.369290343641784	140	0.011411318613704723	adagrad	20	+accuracy	0.8609891020028505	7412.38	13422.0	43	2193	1513	2807	2135	10	2777	2389	2929	0.3656821623982693	0	0.8297094086567771	https://s3-us-west-2.amazonaws.com/allennlp/datasets/snli/snli_1.0_dev.jsonl	0.4533248626953595	550152	glove
15	116	0.8100995732574681	0.4919582657612763	True	single_id	['@@NULL@@']	snli	135	True	64	[['premise', 'num_tokens'], ['hypothesis', 'num_tokens']]	bucket	['relu', 'relu', 'relu', 'linear']	['0.12215911284146364', '0.12215911284146364', '0.12215911284146364', '0.0']	[142, 142, 142, 3]	370	4	tanh	0.022134401918642355	401	95	3	tanh	0.0917024212004896	185	190	3	[['.*linear_layers.*weight', {'type': 'xavier_normal'}], ['.*token_embedder_tokens\\._projection.*weight', {'type': 'xavier_normal'}]]	dot_product	300	https://s3-us-west-2.amazonaws.com/allennlp/datasets/glove/glove.6B.300d.txt.gz	95	False	embedding	decomposable_attention	7405.172	3423	2671	2807	2135	3167	2965	2389	2929	0.8021172638436482	https://s3-us-west-2.amazonaws.com/allennlp/datasets/snli/snli_1.0_test.jsonl	0.4994946768531552	https://s3-us-west-2.amazonaws.com/allennlp/datasets/snli/snli_1.0_train.jsonl	0	5.389949976221068	140	0.02127197575656811	adagrad	20	+accuracy	0.7959196675446468	7405.172	44387.0	135	2193	1513	2807	2135	3167	2777	2389	2929	0.5128847097306194	0	0.8080674659622028	https://s3-us-west-2.amazonaws.com/allennlp/datasets/snli/snli_1.0_dev.jsonl	0.4900554211495758	550152	glove
16	129	0.6289372078845763	0.8361220158539809	True	single_id	['@@NULL@@']	snli	139	True	64	[['premise', 'num_tokens'], ['hypothesis', 'num_tokens']]	bucket	['tanh', 'tanh', 'linear']	['0.4168277593238397', '0.4168277593238397', '0.0']	[99, 99, 3]	158	3	relu	0.06709117110611151	285	132	2	tanh	0.4611569616117314	79	264	1	[['.*linear_layers.*weight', {'type': 'xavier_normal'}], ['.*token_embedder_tokens\\._projection.*weight', {'type': 'xavier_normal'}]]	dot_product	300	https://s3-us-west-2.amazonaws.com/allennlp/datasets/glove/glove.6B.300d.txt.gz	132	False	embedding	decomposable_attention	7406.016	3423	2671	3447	1141	2919	2425	2237	2551	0.629885993485342	https://s3-us-west-2.amazonaws.com/allennlp/datasets/snli/snli_1.0_test.jsonl	0.8368664496130758	https://s3-us-west-2.amazonaws.com/allennlp/datasets/snli/snli_1.0_train.jsonl	0	5.822142433327818	140	0.029870444145382726	adagrad	20	+accuracy	0.5899753716550139	7406.016	39398.0	139	3423	2671	3447	1141	1405	2425	1859	2551	0.8909155425423789	0	0.6261938630359682	https://s3-us-west-2.amazonaws.com/allennlp/datasets/snli/snli_1.0_dev.jsonl	0.8326849890993787	550152	glove
17	136	0.8193456614509246	0.4616364527058292	True	single_id	['@@NULL@@']	snli	139	True	64	[['premise', 'num_tokens'], ['hypothesis', 'num_tokens']]	bucket	['tanh', 'linear']	['0.23323311826731086', '0.0']	[453, 3]	230	2	tanh	0.3770315415300246	347	79	1	relu	0.23326789677897106	115	158	3	[['.*linear_layers.*weight', {'type': 'xavier_normal'}], ['.*token_embedder_tokens\\._projection.*weight', {'type': 'xavier_normal'}]]	dot_product	300	https://s3-us-west-2.amazonaws.com/allennlp/datasets/glove/glove.6B.300d.txt.gz	79	False	embedding	decomposable_attention	7418.552	2195	1513	2807	2135	3589	2777	2389	2929	0.8204397394136808	https://s3-us-west-2.amazonaws.com/allennlp/datasets/snli/snli_1.0_test.jsonl	0.4628034451758707	https://s3-us-west-2.amazonaws.com/allennlp/datasets/snli/snli_1.0_train.jsonl	0	8.364037775658657	140	0.0045971138814673036	adagrad	20	+accuracy	0.7988066265356311	7418.552	40037.0	139	1675	1211	2807	10	3589	1825	2319	1521	0.5080643633739869	0	0.8178215809794758	https://s3-us-west-2.amazonaws.com/allennlp/datasets/snli/snli_1.0_dev.jsonl	0.4608828561840119	550152	glove
18	139	0.5530380004064215	0.94966014677828	True	single_id	['@@NULL@@']	snli	139	True	64	[['premise', 'num_tokens'], ['hypothesis', 'num_tokens']]	bucket	['relu', 'linear']	['0.32183072982311584', '0.0']	[356, 3]	1004	2	tanh	0.4855850363477003	186	210	1	relu	0.4326073522197607	502	420	3	[['.*linear_layers.*weight', {'type': 'xavier_normal'}], ['.*token_embedder_tokens\\._projection.*weight', {'type': 'xavier_normal'}]]	dot_product	300	https://s3-us-west-2.amazonaws.com/allennlp/datasets/glove/glove.6B.300d.txt.gz	210	False	embedding	decomposable_attention	7405.972	2195	1513	2807	3635	3589	1825	2389	2929	0.5453990228013029	https://s3-us-west-2.amazonaws.com/allennlp/datasets/snli/snli_1.0_test.jsonl	0.9539736118409541	https://s3-us-west-2.amazonaws.com/allennlp/datasets/snli/snli_1.0_train.jsonl	0	9.13631224298231	140	3.8842987929499735e-05	adagrad	20	+accuracy	0.5164689542691862	7405.972	39764.0	139	1675	1211	2157	3635	3589	1825	2319	1521	0.9858658094400018	0	0.5530380004064215	https://s3-us-west-2.amazonaws.com/allennlp/datasets/snli/snli_1.0_dev.jsonl	0.94966014677828	550152	glove
19	137	0.4948181263970738	1.0196725753220646	True	single_id	['@@NULL@@']	snli	139	True	64	[['premise', 'num_tokens'], ['hypothesis', 'num_tokens']]	bucket	['relu', 'relu', 'relu', 'linear']	['0.3019267782447623', '0.3019267782447623', '0.3019267782447623', '0.0']	[166, 166, 166, 3]	514	4	tanh	0.2467459272168518	243	156	2	relu	0.1425760460063888	257	312	2	[['.*linear_layers.*weight', {'type': 'xavier_normal'}], ['.*token_embedder_tokens\\._projection.*weight', {'type': 'xavier_normal'}]]	dot_product	300	https://s3-us-west-2.amazonaws.com/allennlp/datasets/glove/glove.6B.300d.txt.gz	156	False	embedding	decomposable_attention	7406.1	1675	2681	2157	3635	3589	3487	2319	3313	0.4930781758957655	https://s3-us-west-2.amazonaws.com/allennlp/datasets/snli/snli_1.0_test.jsonl	1.0224595782044643	https://s3-us-west-2.amazonaws.com/allennlp/datasets/snli/snli_1.0_train.jsonl	0	8.208760699744762	140	2.2960853590708482e-05	adagrad	20	+accuracy	0.44846887417700737	7406.1	40466.0	139	1581	2681	2157	1295	1561	3487	2167	3313	1.0493614573486476	0	0.4948181263970738	https://s3-us-west-2.amazonaws.com/allennlp/datasets/snli/snli_1.0_dev.jsonl	1.0191562415717483	550152	glove
20	118	0.8139605771184718	0.478122790041682	True	single_id	['@@NULL@@']	snli	137	True	64	[['premise', 'num_tokens'], ['hypothesis', 'num_tokens']]	bucket	['tanh', 'tanh', 'linear']	['0.07597163395616419', '0.07597163395616419', '0.0']	[320, 320, 3]	896	3	tanh	0.2522428349016928	451	262	1	tanh	0.15651997452521146	448	524	1	[['.*linear_layers.*weight', {'type': 'xavier_normal'}], ['.*token_embedder_tokens\\._projection.*weight', {'type': 'xavier_normal'}]]	dot_product	300	https://s3-us-west-2.amazonaws.com/allennlp/datasets/glove/glove.6B.300d.txt.gz	262	False	embedding	decomposable_attention	7417.151999999999	1675	2681	2967	3635	3589	3487	2319	3313	0.8048656351791531	https://s3-us-west-2.amazonaws.com/allennlp/datasets/snli/snli_1.0_test.jsonl	0.4888450385301144	https://s3-us-west-2.amazonaws.com/allennlp/datasets/snli/snli_1.0_train.jsonl	0	7.339181080935246	140	0.004935694824409986	adagrad	20	+accuracy	0.8203350401462046	7417.151999999999	38703.0	137	1581	2681	2967	1295	1561	3487	2167	3313	0.4502066007909909	0	0.813249339565129	https://s3-us-west-2.amazonaws.com/allennlp/datasets/snli/snli_1.0_dev.jsonl	0.4773748106770701	550152	glove
21	137	0.7593984962406015	0.5969237925170304	True	single_id	['@@NULL@@']	snli	139	True	64	[['premise', 'num_tokens'], ['hypothesis', 'num_tokens']]	bucket	['tanh', 'tanh', 'tanh', 'linear']	['0.473012796498657', '0.473012796498657', '0.473012796498657', '0.0']	[400, 400, 400, 3]	602	4	relu	0.1660515267117178	326	286	3	relu	0.4971033680345813	301	572	1	[['.*linear_layers.*weight', {'type': 'xavier_normal'}], ['.*token_embedder_tokens\\._projection.*weight', {'type': 'xavier_normal'}]]	dot_product	300	https://s3-us-west-2.amazonaws.com/allennlp/datasets/glove/glove.6B.300d.txt.gz	286	False	embedding	decomposable_attention	7410.048000000002	1581	2681	2967	1295	1561	2715	2167	3313	0.7627239413680782	https://s3-us-west-2.amazonaws.com/allennlp/datasets/snli/snli_1.0_test.jsonl	0.5947847074115431	https://s3-us-west-2.amazonaws.com/allennlp/datasets/snli/snli_1.0_train.jsonl	0	8.728772560235093	140	0.0004929609824245847	adagrad	20	+accuracy	0.7275773754157057	7410.048000000002	31475.000000000004	139	0	0	0	0	0	2715	0	0	0.6612405980392971	0	0.7590936801463117	https://s3-us-west-2.amazonaws.com/allennlp/datasets/snli/snli_1.0_dev.jsonl	0.5990477662968945	550152	glove
22	138	0.3713676082097135	1.1151437906475812	True	single_id	['@@NULL@@']	snli	139	True	64	[['premise', 'num_tokens'], ['hypothesis', 'num_tokens']]	bucket	['relu', 'relu', 'linear']	['0.08183044449799487', '0.08183044449799487', '0.0']	[174, 174, 3]	134	3	tanh	0.06541088440901817	288	221	2	relu	0.3893417012445325	67	442	2	[['.*linear_layers.*weight', {'type': 'xavier_normal'}], ['.*token_embedder_tokens\\._projection.*weight', {'type': 'xavier_normal'}]]	dot_product	300	https://s3-us-west-2.amazonaws.com/allennlp/datasets/glove/glove.6B.300d.txt.gz	221	False	embedding	decomposable_attention	7419.864	1829	2447	1287	1183	2919	2269	2237	2551	0.3715390879478828	https://s3-us-west-2.amazonaws.com/allennlp/datasets/snli/snli_1.0_test.jsonl	1.1143654066246826	https://s3-us-west-2.amazonaws.com/allennlp/datasets/snli/snli_1.0_train.jsonl	0	6.104772484966206	140	1.6332193354674034e-06	adagrad	20	+accuracy	0.34434540116170065	7419.864	41241.0	139	1627	2447	1287	957	2919	1743	2237	2551	1.2931071544571224	0	0.3712660028449502	https://s3-us-west-2.amazonaws.com/allennlp/datasets/snli/snli_1.0_dev.jsonl	1.115026721706638	550152	glove
23	135	0.7424304003251372	0.6220597110011361	True	single_id	['@@NULL@@']	snli	139	True	64	[['premise', 'num_tokens'], ['hypothesis', 'num_tokens']]	bucket	['relu', 'relu', 'relu', 'linear']	['0.05437782175659095', '0.05437782175659095', '0.05437782175659095', '0.0']	[198, 198, 198, 3]	550	4	relu	0.4427019759832945	439	284	3	tanh	0.2938178814999233	275	568	3	[['.*linear_layers.*weight', {'type': 'xavier_normal'}], ['.*token_embedder_tokens\\._projection.*weight', {'type': 'xavier_normal'}]]	dot_product	300	https://s3-us-west-2.amazonaws.com/allennlp/datasets/glove/glove.6B.300d.txt.gz	284	False	embedding	decomposable_attention	7428.972	3423	2671	3447	1515	3167	2965	2237	2551	0.7422638436482085	https://s3-us-west-2.amazonaws.com/allennlp/datasets/snli/snli_1.0_test.jsonl	0.6154063661377152	https://s3-us-west-2.amazonaws.com/allennlp/datasets/snli/snli_1.0_train.jsonl	0	6.542719645419687	140	0.0014827196985766375	adagrad	20	+accuracy	0.746866848572994	7428.972	46280.0	139	3423	1513	1573	593	3167	2965	1859	1349	0.6091730656503298	0	0.7416175574070311	https://s3-us-west-2.amazonaws.com/allennlp/datasets/snli/snli_1.0_dev.jsonl	0.6220636327158321	550152	glove
24	128	0.8072546230440967	0.4939515407789837	True	single_id	['@@NULL@@']	snli	139	True	64	[['premise', 'num_tokens'], ['hypothesis', 'num_tokens']]	bucket	['relu', 'linear']	['0.10728800349490447', '0.0']	[489, 3]	624	2	tanh	0.4975859430683677	254	110	2	tanh	0.3747327365246222	312	220	1	[['.*linear_layers.*weight', {'type': 'xavier_normal'}], ['.*token_embedder_tokens\\._projection.*weight', {'type': 'xavier_normal'}]]	dot_product	300	https://s3-us-west-2.amazonaws.com/allennlp/datasets/glove/glove.6B.300d.txt.gz	110	False	embedding	decomposable_attention	7419.411999999998	3423	2447	1287	1183	2919	2425	2237	2551	0.8031351791530945	https://s3-us-west-2.amazonaws.com/allennlp/datasets/snli/snli_1.0_test.jsonl	0.4966016804630106	https://s3-us-west-2.amazonaws.com/allennlp/datasets/snli/snli_1.0_train.jsonl	0	8.700759272301347	140	0.01669722641652089	adagrad	20	+accuracy	0.7882563022533207	7419.411999999998	38854.0	139	3423	1687	1287	1141	1405	2425	2237	2551	0.5241320842437842	0	0.8061369640317009	https://s3-us-west-2.amazonaws.com/allennlp/datasets/snli/snli_1.0_dev.jsonl	0.4907606731761586	550152	glove
25	135	0.8228002438528754	0.4590777170348477	True	single_id	['@@NULL@@']	snli	139	True	64	[['premise', 'num_tokens'], ['hypothesis', 'num_tokens']]	bucket	['tanh', 'linear']	['0.06309919661138208', '0.0']	[137, 3]	584	2	relu	0.12466571983506508	301	92	3	tanh	1.967784358775093e-05	292	184	3	[['.*linear_layers.*weight', {'type': 'xavier_normal'}], ['.*token_embedder_tokens\\._projection.*weight', {'type': 'xavier_normal'}]]	dot_product	300	https://s3-us-west-2.amazonaws.com/allennlp/datasets/glove/glove.6B.300d.txt.gz	92	False	embedding	decomposable_attention	7421.791999999998	3423	2671	3447	1515	2919	2965	2237	2551	0.822271986970684	https://s3-us-west-2.amazonaws.com/allennlp/datasets/snli/snli_1.0_test.jsonl	0.4602650956480534	https://s3-us-west-2.amazonaws.com/allennlp/datasets/snli/snli_1.0_train.jsonl	0	6.9187703445955275	140	0.0037382190857386632	adagrad	20	+accuracy	0.8161520440798228	7421.791999999998	42556.0	139	3423	2671	3447	1515	1405	2965	1859	2551	0.4655520979641396	0	0.8206665311928469	https://s3-us-west-2.amazonaws.com/allennlp/datasets/snli/snli_1.0_dev.jsonl	0.4592262414562238	550152	glove
26	139	0.5359682991261938	0.9673941495356622	True	single_id	['@@NULL@@']	snli	139	True	64	[['premise', 'num_tokens'], ['hypothesis', 'num_tokens']]	bucket	['relu', 'relu', 'linear']	['0.09600191041115969', '0.09600191041115969', '0.0']	[102, 102, 3]	350	3	relu	0.4756780596652179	156	160	2	relu	0.09872213407930144	175	320	1	[['.*linear_layers.*weight', {'type': 'xavier_normal'}], ['.*token_embedder_tokens\\._projection.*weight', {'type': 'xavier_normal'}]]	dot_product	300	https://s3-us-west-2.amazonaws.com/allennlp/datasets/glove/glove.6B.300d.txt.gz	160	False	embedding	decomposable_attention	7417.432	1829	2447	1179	1183	2919	2269	2237	1603	0.5424470684039088	https://s3-us-west-2.amazonaws.com/allennlp/datasets/snli/snli_1.0_test.jsonl	0.962202285017286	https://s3-us-west-2.amazonaws.com/allennlp/datasets/snli/snli_1.0_train.jsonl	0	6.030746206730307	140	4.0452458043223743e-05	adagrad	20	+accuracy	0.5097976398291124	7417.432	39282.0	139	1627	2447	1179	1183	2919	2269	2237	1603	0.9938318078637901	0	0.5359682991261938	https://s3-us-west-2.amazonaws.com/allennlp/datasets/snli/snli_1.0_dev.jsonl	0.9673941495356622	550152	glove
27	2	0.3382442592968909	1.1030080001075546	True	single_id	['@@NULL@@']	snli	21	True	64	[['premise', 'num_tokens'], ['hypothesis', 'num_tokens']]	bucket	['tanh', 'tanh', 'linear']	['0.06308734666962795', '0.06308734666962795', '0.0']	[403, 403, 3]	432	3	relu	0.12818604251495747	444	122	3	relu	0.0904429204071358	216	244	1	[['.*linear_layers.*weight', {'type': 'xavier_normal'}], ['.*token_embedder_tokens\\._projection.*weight', {'type': 'xavier_normal'}]]	dot_product	300	https://s3-us-west-2.amazonaws.com/allennlp/datasets/glove/glove.6B.300d.txt.gz	122	False	embedding	decomposable_attention	7409.368	3423	2671	3447	1515	1405	2965	1859	2551	0.3428338762214984	https://s3-us-west-2.amazonaws.com/allennlp/datasets/snli/snli_1.0_test.jsonl	1.1026155693190438	https://s3-us-west-2.amazonaws.com/allennlp/datasets/snli/snli_1.0_train.jsonl	0	7.084881500401933	140	0.02682923769893981	adagrad	20	+accuracy	0.3340717589516662	7409.368	6158.0	21	3423	2671	3447	1515	1405	2965	1859	1349	1.0996250147477329	0	0.3330623856939646	https://s3-us-west-2.amazonaws.com/allennlp/datasets/snli/snli_1.0_dev.jsonl	1.0987012463730652	550152	glove
28	139	0.7010770168664906	0.7122853626678516	True	single_id	['@@NULL@@']	snli	139	True	64	[['premise', 'num_tokens'], ['hypothesis', 'num_tokens']]	bucket	['tanh', 'linear']	['0.16963899797318555', '0.0']	[143, 3]	738	2	relu	0.11469926661693015	77	244	2	tanh	0.3073705069758898	369	488	2	[['.*linear_layers.*weight', {'type': 'xavier_normal'}], ['.*token_embedder_tokens\\._projection.*weight', {'type': 'xavier_normal'}]]	dot_product	300	https://s3-us-west-2.amazonaws.com/allennlp/datasets/glove/glove.6B.300d.txt.gz	244	False	embedding	decomposable_attention	7405.308000000001	3423	2671	3447	1141	2919	2425	2237	2551	0.7016490228013029	https://s3-us-west-2.amazonaws.com/allennlp/datasets/snli/snli_1.0_test.jsonl	0.7109313448528191	https://s3-us-west-2.amazonaws.com/allennlp/datasets/snli/snli_1.0_train.jsonl	0	8.417439113566296	140	0.015144151435982097	adagrad	20	+accuracy	0.6683219050288787	7405.308000000001	39949.0	139	3423	2671	3447	1141	1405	2425	1859	2551	0.7686516350136943	0	0.7010770168664906	https://s3-us-west-2.amazonaws.com/allennlp/datasets/snli/snli_1.0_dev.jsonl	0.7122853626678516	550152	glove
29	113	0.8188376346271083	0.4754043674314177	True	single_id	['@@NULL@@']	snli	132	True	64	[['premise', 'num_tokens'], ['hypothesis', 'num_tokens']]	bucket	['relu', 'relu', 'relu', 'linear']	['0.10064972967525926', '0.10064972967525926', '0.10064972967525926', '0.0']	[398, 398, 398, 3]	198	4	tanh	0.05862117117136145	321	70	3	relu	0.2613683031165838	99	140	3	[['.*linear_layers.*weight', {'type': 'xavier_normal'}], ['.*token_embedder_tokens\\._projection.*weight', {'type': 'xavier_normal'}]]	dot_product	300	https://s3-us-west-2.amazonaws.com/allennlp/datasets/glove/glove.6B.300d.txt.gz	70	False	embedding	decomposable_attention	7415.656	1675	2681	2967	3635	1561	3487	2319	3313	0.8131107491856677	https://s3-us-west-2.amazonaws.com/allennlp/datasets/snli/snli_1.0_test.jsonl	0.4807283369364677	https://s3-us-west-2.amazonaws.com/allennlp/datasets/snli/snli_1.0_train.jsonl	0	6.444754457291678	140	0.04377514067786282	adagrad	20	+accuracy	0.7939938146994632	7415.656	41912.0	132	1581	2681	2967	1295	0	2715	2167	0	0.5139988682858597	0	0.8184312131680552	https://s3-us-west-2.amazonaws.com/allennlp/datasets/snli/snli_1.0_dev.jsonl	0.4722186893998802	550152	glove
30	136	0.735724446250762	0.6347290302638884	True	single_id	['@@NULL@@']	snli	139	True	64	[['premise', 'num_tokens'], ['hypothesis', 'num_tokens']]	bucket	['relu', 'relu', 'relu', 'linear']	['0.32054675978321323', '0.32054675978321323', '0.32054675978321323', '0.0']	[463, 463, 463, 3]	646	4	relu	0.047305133704291465	354	73	3	tanh	0.003347991248205895	323	146	3	[['.*linear_layers.*weight', {'type': 'xavier_normal'}], ['.*token_embedder_tokens\\._projection.*weight', {'type': 'xavier_normal'}]]	dot_product	300	https://s3-us-west-2.amazonaws.com/allennlp/datasets/glove/glove.6B.300d.txt.gz	73	False	embedding	decomposable_attention	7407.156	1829	2447	1287	1183	2919	2425	2237	2551	0.7408387622149837	https://s3-us-west-2.amazonaws.com/allennlp/datasets/snli/snli_1.0_test.jsonl	0.6354222601497328	https://s3-us-west-2.amazonaws.com/allennlp/datasets/snli/snli_1.0_train.jsonl	0	6.8519357462441075	140	0.000322782538567565	adagrad	20	+accuracy	0.7176969129925896	7407.156	44849.0	139	1627	1687	1287	1141	2919	2425	2237	2551	0.6730273207658268	0	0.7350132086974193	https://s3-us-west-2.amazonaws.com/allennlp/datasets/snli/snli_1.0_dev.jsonl	0.6335059350187128	550152	glove
31	137	0.7617354196301565	0.5784182970399979	True	single_id	['@@NULL@@']	snli	139	True	64	[['premise', 'num_tokens'], ['hypothesis', 'num_tokens']]	bucket	['relu', 'relu', 'linear']	['0.3867196436429573', '0.3867196436429573', '0.0']	[373, 373, 3]	812	3	relu	0.09624250978118264	103	249	1	relu	0.005026455871839364	406	498	1	[['.*linear_layers.*weight', {'type': 'xavier_normal'}], ['.*token_embedder_tokens\\._projection.*weight', {'type': 'xavier_normal'}]]	dot_product	300	https://s3-us-west-2.amazonaws.com/allennlp/datasets/glove/glove.6B.300d.txt.gz	249	False	embedding	decomposable_attention	7405.508000000002	1675	2681	2967	1295	1561	3487	2167	3313	0.7651669381107492	https://s3-us-west-2.amazonaws.com/allennlp/datasets/snli/snli_1.0_test.jsonl	0.5789081045946518	https://s3-us-west-2.amazonaws.com/allennlp/datasets/snli/snli_1.0_train.jsonl	0	8.4314155715797	140	0.0002675452120480052	adagrad	20	+accuracy	0.7334332058532821	7405.508000000002	33302.0	139	1581	0	2967	1295	0	2715	0	0	0.6411584165617338	0	0.7614306035358667	https://s3-us-west-2.amazonaws.com/allennlp/datasets/snli/snli_1.0_dev.jsonl	0.5772632072111229	550152	glove
32	138	0.5288559235927657	0.9702626207432192	True	single_id	['@@NULL@@']	snli	139	True	64	[['premise', 'num_tokens'], ['hypothesis', 'num_tokens']]	bucket	['tanh', 'linear']	['0.3980314411004558', '0.0']	[450, 3]	480	2	relu	0.4542640186925857	92	155	2	tanh	0.08828342854275856	240	310	2	[['.*linear_layers.*weight', {'type': 'xavier_normal'}], ['.*token_embedder_tokens\\._projection.*weight', {'type': 'xavier_normal'}]]	dot_product	300	https://s3-us-west-2.amazonaws.com/allennlp/datasets/glove/glove.6B.300d.txt.gz	155	False	embedding	decomposable_attention	7418.604	2195	1211	2807	3635	3589	3487	2389	2929	0.5334894136807817	https://s3-us-west-2.amazonaws.com/allennlp/datasets/snli/snli_1.0_test.jsonl	0.9635473741339399	https://s3-us-west-2.amazonaws.com/allennlp/datasets/snli/snli_1.0_train.jsonl	0	6.83606033996208	140	1.700675264018927e-05	adagrad	20	+accuracy	0.4480684132829238	7418.604	39266.0	139	1675	1211	2157	3635	1209	3487	2319	1521	1.1743159703528447	0	0.5288559235927657	https://s3-us-west-2.amazonaws.com/allennlp/datasets/snli/snli_1.0_dev.jsonl	0.9700649450351666	550152	glove
33	116	0.8436293436293436	0.4236576771968371	True	single_id	['@@NULL@@']	snli	135	True	64	[['premise', 'num_tokens'], ['hypothesis', 'num_tokens']]	bucket	['relu', 'relu', 'relu', 'linear']	['0.35031848081886535', '0.35031848081886535', '0.35031848081886535', '0.0']	[426, 426, 426, 3]	922	4	tanh	0.019453365554924662	193	249	2	relu	0.26588627423713984	461	498	2	[['.*linear_layers.*weight', {'type': 'xavier_normal'}], ['.*token_embedder_tokens\\._projection.*weight', {'type': 'xavier_normal'}]]	dot_product	300	https://s3-us-west-2.amazonaws.com/allennlp/datasets/glove/glove.6B.300d.txt.gz	249	False	embedding	decomposable_attention	7418.0	3423	2671	3447	1567	3167	2965	1859	2551	0.8390675895765473	https://s3-us-west-2.amazonaws.com/allennlp/datasets/snli/snli_1.0_test.jsonl	0.4326644931714256	https://s3-us-west-2.amazonaws.com/allennlp/datasets/snli/snli_1.0_train.jsonl	0	8.313715852260142	140	0.02580373511802861	adagrad	20	+accuracy	0.857009976937093	7418.0	41184.0	135	10	1513	1573	1567	3167	2965	1859	1349	0.3727991908340813	0	0.8419020524283682	https://s3-us-west-2.amazonaws.com/allennlp/datasets/snli/snli_1.0_dev.jsonl	0.4256401150064035	550152	glove
34	139	0.7192643771591141	0.6736095896014921	True	single_id	['@@NULL@@']	snli	139	True	64	[['premise', 'num_tokens'], ['hypothesis', 'num_tokens']]	bucket	['relu', 'linear']	['0.013010882793104361', '0.0']	[337, 3]	396	2	tanh	0.14131919973619672	113	294	2	relu	0.027565935395193253	198	588	1	[['.*linear_layers.*weight', {'type': 'xavier_normal'}], ['.*token_embedder_tokens\\._projection.*weight', {'type': 'xavier_normal'}]]	dot_product	300	https://s3-us-west-2.amazonaws.com/allennlp/datasets/glove/glove.6B.300d.txt.gz	294	False	embedding	decomposable_attention	7405.352	3423	2671	3447	2135	3167	2965	1859	1349	0.7218037459283387	https://s3-us-west-2.amazonaws.com/allennlp/datasets/snli/snli_1.0_test.jsonl	0.6648126145848979	https://s3-us-west-2.amazonaws.com/allennlp/datasets/snli/snli_1.0_train.jsonl	0	9.24927430167442	140	0.0823224316730247	adagrad	20	+accuracy	0.6910025538483382	7405.352	36883.0	139	2193	1513	1573	2135	3167	2965	1721	1349	0.7213188164241661	0	0.7192643771591141	https://s3-us-west-2.amazonaws.com/allennlp/datasets/snli/snli_1.0_dev.jsonl	0.6736095896014921	550152	glove
35	138	0.4711440764072343	1.0360106736808627	True	single_id	['@@NULL@@']	snli	139	True	64	[['premise', 'num_tokens'], ['hypothesis', 'num_tokens']]	bucket	['tanh', 'tanh', 'linear']	['0.44357601349876835', '0.44357601349876835', '0.0']	[402, 402, 3]	500	3	relu	0.4017366070143302	368	128	2	tanh	0.2469465923927871	250	256	3	[['.*linear_layers.*weight', {'type': 'xavier_normal'}], ['.*token_embedder_tokens\\._projection.*weight', {'type': 'xavier_normal'}]]	dot_product	300	https://s3-us-west-2.amazonaws.com/allennlp/datasets/glove/glove.6B.300d.txt.gz	128	False	embedding	decomposable_attention	7405.724	3423	2671	3447	2135	3167	2965	2389	2929	0.469564332247557	https://s3-us-west-2.amazonaws.com/allennlp/datasets/snli/snli_1.0_test.jsonl	1.0326079966185928	https://s3-us-west-2.amazonaws.com/allennlp/datasets/snli/snli_1.0_train.jsonl	0	5.172851892485405	140	6.936652646961451e-06	adagrad	20	+accuracy	0.38480651367846996	7405.724	42327.0	139	2193	1513	1573	2135	3167	2965	2389	2929	1.3014886649282091	0	0.4711440764072343	https://s3-us-west-2.amazonaws.com/allennlp/datasets/snli/snli_1.0_dev.jsonl	1.0358735737088438	550152	glove
36	137	0.6026214184108921	0.8686851363677484	True	single_id	['@@NULL@@']	snli	139	True	64	[['premise', 'num_tokens'], ['hypothesis', 'num_tokens']]	bucket	['relu', 'relu', 'linear']	['0.07339968049883172', '0.07339968049883172', '0.0']	[98, 98, 3]	672	3	relu	0.12075761113026208	468	123	3	relu	0.2061516222808908	336	246	2	[['.*linear_layers.*weight', {'type': 'xavier_normal'}], ['.*token_embedder_tokens\\._projection.*weight', {'type': 'xavier_normal'}]]	dot_product	300	https://s3-us-west-2.amazonaws.com/allennlp/datasets/glove/glove.6B.300d.txt.gz	123	False	embedding	decomposable_attention	7418.092	2195	1513	2807	3635	3589	2777	2389	2929	0.6052524429967426	https://s3-us-west-2.amazonaws.com/allennlp/datasets/snli/snli_1.0_test.jsonl	0.8706771677190607	https://s3-us-west-2.amazonaws.com/allennlp/datasets/snli/snli_1.0_train.jsonl	0	6.084103633442912	140	4.137276210264381e-05	adagrad	20	+accuracy	0.576006567558663	7418.092	42449.0	139	1675	1211	2157	3635	3589	2411	2319	1521	0.9055050786754736	0	0.6024182076813656	https://s3-us-west-2.amazonaws.com/allennlp/datasets/snli/snli_1.0_dev.jsonl	0.8681214293102165	550152	glove
37	135	0.7986181670392196	0.520389124751091	True	single_id	['@@NULL@@']	snli	139	True	64	[['premise', 'num_tokens'], ['hypothesis', 'num_tokens']]	bucket	['relu', 'linear']	['0.4446056834003224', '0.0']	[372, 3]	814	2	tanh	0.3126576610112333	155	275	2	tanh	0.4366924795785736	407	550	2	[['.*linear_layers.*weight', {'type': 'xavier_normal'}], ['.*token_embedder_tokens\\._projection.*weight', {'type': 'xavier_normal'}]]	dot_product	300	https://s3-us-west-2.amazonaws.com/allennlp/datasets/glove/glove.6B.300d.txt.gz	275	False	embedding	decomposable_attention	7417.512	1627	2447	1287	1183	2919	2425	2237	2551	0.7947882736156352	https://s3-us-west-2.amazonaws.com/allennlp/datasets/snli/snli_1.0_test.jsonl	0.5224022356333671	https://s3-us-west-2.amazonaws.com/allennlp/datasets/snli/snli_1.0_train.jsonl	0	5.4415666292842175	140	0.008734507898296568	adagrad	20	+accuracy	0.7549907438925163	7417.512	37673.0	139	1627	1687	1287	1141	1405	2425	2237	2551	0.6079169528564058	0	0.7955700060963219	https://s3-us-west-2.amazonaws.com/allennlp/datasets/snli/snli_1.0_dev.jsonl	0.5195150445033978	550152	glove
38	127	0.7336923389554969	0.6425984207685892	True	single_id	['@@NULL@@']	snli	139	True	64	[['premise', 'num_tokens'], ['hypothesis', 'num_tokens']]	bucket	['tanh', 'tanh', 'linear']	['0.1924703024570661', '0.1924703024570661', '0.0']	[116, 116, 3]	696	3	relu	0.3379226450036685	261	263	3	tanh	0.1681108022326634	348	526	1	[['.*linear_layers.*weight', {'type': 'xavier_normal'}], ['.*token_embedder_tokens\\._projection.*weight', {'type': 'xavier_normal'}]]	dot_product	300	https://s3-us-west-2.amazonaws.com/allennlp/datasets/glove/glove.6B.300d.txt.gz	263	False	embedding	decomposable_attention	7405.504	1829	2447	1179	1183	2919	2269	2237	1831	0.7382939739413681	https://s3-us-west-2.amazonaws.com/allennlp/datasets/snli/snli_1.0_test.jsonl	0.6419402765376228	https://s3-us-west-2.amazonaws.com/allennlp/datasets/snli/snli_1.0_train.jsonl	0	7.458044461732039	140	0.0012615757948084825	adagrad	20	+accuracy	0.7120049074662294	7405.504	40331.0	139	1627	2447	1049	10	2919	2269	2237	1831	0.6847545388089589	0	0.7333875228612071	https://s3-us-west-2.amazonaws.com/allennlp/datasets/snli/snli_1.0_dev.jsonl	0.6409135226692472	550152	glove
39	136	0.777585856533225	0.5552431302411216	True	single_id	['@@NULL@@']	snli	139	True	64	[['premise', 'num_tokens'], ['hypothesis', 'num_tokens']]	bucket	['relu', 'relu', 'relu', 'linear']	['0.2784370380427199', '0.2784370380427199', '0.2784370380427199', '0.0']	[470, 470, 470, 3]	352	4	relu	0.1788088288190413	280	191	1	tanh	0.0511663265495344	176	382	1	[['.*linear_layers.*weight', {'type': 'xavier_normal'}], ['.*token_embedder_tokens\\._projection.*weight', {'type': 'xavier_normal'}]]	dot_product	300	https://s3-us-west-2.amazonaws.com/allennlp/datasets/glove/glove.6B.300d.txt.gz	191	False	embedding	decomposable_attention	7417.108	2195	1513	2807	2135	3589	2965	2389	2929	0.7778908794788274	https://s3-us-west-2.amazonaws.com/allennlp/datasets/snli/snli_1.0_test.jsonl	0.5563234934559116	https://s3-us-west-2.amazonaws.com/allennlp/datasets/snli/snli_1.0_train.jsonl	0	5.0599305975070665	140	0.0007503036168934862	adagrad	20	+accuracy	0.7538767344962475	7417.108	38668.0	139	2195	1211	2807	1115	3589	1825	2389	2929	0.5964713933333435	0	0.7765698028855924	https://s3-us-west-2.amazonaws.com/allennlp/datasets/snli/snli_1.0_dev.jsonl	0.5552032359621741	550152	glove
40	89	0.8099979678927047	0.4900582877846507	True	single_id	['@@NULL@@']	snli	108	True	64	[['premise', 'num_tokens'], ['hypothesis', 'num_tokens']]	bucket	['relu', 'relu', 'linear']	['0.09411305487659571', '0.09411305487659571', '0.0']	[231, 231, 3]	698	3	relu	0.003315036417321726	189	70	1	tanh	0.1174441132120576	349	140	3	[['.*linear_layers.*weight', {'type': 'xavier_normal'}], ['.*token_embedder_tokens\\._projection.*weight', {'type': 'xavier_normal'}]]	dot_product	300	https://s3-us-west-2.amazonaws.com/allennlp/datasets/glove/glove.6B.300d.txt.gz	70	False	embedding	decomposable_attention	7405.988	1829	2447	1179	1183	2919	2269	1775	1603	0.8082247557003257	https://s3-us-west-2.amazonaws.com/allennlp/datasets/snli/snli_1.0_test.jsonl	0.4869408893894839	https://s3-us-west-2.amazonaws.com/allennlp/datasets/snli/snli_1.0_train.jsonl	0	5.931127556986661	140	0.002936562086333249	adagrad	20	+accuracy	0.8029805212180564	7405.988	32058.000000000004	108	1829	2447	1179	1183	2919	2269	1775	1603	0.4922174102429714	0	0.8093883357041252	https://s3-us-west-2.amazonaws.com/allennlp/datasets/snli/snli_1.0_dev.jsonl	0.4849571388263207	550152	glove
41	108	0.7880512091038406	0.5262042969078212	True	single_id	['@@NULL@@']	snli	127	True	64	[['premise', 'num_tokens'], ['hypothesis', 'num_tokens']]	bucket	['tanh', 'tanh', 'linear']	['0.38724131094770076', '0.38724131094770076', '0.0']	[430, 430, 3]	670	3	relu	0.3521597755569497	473	251	1	tanh	0.2553020565122353	335	502	3	[['.*linear_layers.*weight', {'type': 'xavier_normal'}], ['.*token_embedder_tokens\\._projection.*weight', {'type': 'xavier_normal'}]]	dot_product	300	https://s3-us-west-2.amazonaws.com/allennlp/datasets/glove/glove.6B.300d.txt.gz	251	False	embedding	decomposable_attention	7405.751999999998	1675	2681	2807	3635	3589	3487	2319	2313	0.7934649837133549	https://s3-us-west-2.amazonaws.com/allennlp/datasets/snli/snli_1.0_test.jsonl	0.5262193358563757	https://s3-us-west-2.amazonaws.com/allennlp/datasets/snli/snli_1.0_train.jsonl	0	6.201072908561093	140	0.0017061005893090533	adagrad	20	+accuracy	0.7585639472338164	7405.751999999998	36728.0	127	1675	2681	2157	3635	1561	3487	2167	2311	0.5898049698668668	0	0.7870351554562081	https://s3-us-west-2.amazonaws.com/allennlp/datasets/snli/snli_1.0_dev.jsonl	0.5211477717021843	550152	glove
42	133	0.7359276569802886	0.6501470037869045	True	single_id	['@@NULL@@']	snli	139	True	64	[['premise', 'num_tokens'], ['hypothesis', 'num_tokens']]	bucket	['tanh', 'linear']	['0.19493050486715302', '0.0']	[81, 3]	668	2	tanh	0.1295823391323898	151	235	1	tanh	0.04747598944904158	334	470	1	[['.*linear_layers.*weight', {'type': 'xavier_normal'}], ['.*token_embedder_tokens\\._projection.*weight', {'type': 'xavier_normal'}]]	dot_product	300	https://s3-us-west-2.amazonaws.com/allennlp/datasets/glove/glove.6B.300d.txt.gz	235	False	embedding	decomposable_attention	7417.632	3423	2671	1573	2135	3167	2965	2389	2929	0.7335097719869706	https://s3-us-west-2.amazonaws.com/allennlp/datasets/snli/snli_1.0_test.jsonl	0.6572389035642922	https://s3-us-west-2.amazonaws.com/allennlp/datasets/snli/snli_1.0_train.jsonl	0	9.97341718916213	140	0.09012802561077073	adagrad	20	+accuracy	0.7097332020307008	7417.632	37923.0	139	2193	1513	1573	2135	3167	2965	2389	2929	0.7016900008525231	0	0.7340987604145499	https://s3-us-west-2.amazonaws.com/allennlp/datasets/snli/snli_1.0_dev.jsonl	0.6506393563437771	550152	glove
43	137	0.740804714488925	0.6273310739885677	True	single_id	['@@NULL@@']	snli	139	True	64	[['premise', 'num_tokens'], ['hypothesis', 'num_tokens']]	bucket	['relu', 'linear']	['0.4554868123176456', '0.0']	[445, 3]	618	2	relu	0.4027905920798641	181	231	1	relu	0.020488170174280063	309	462	1	[['.*linear_layers.*weight', {'type': 'xavier_normal'}], ['.*token_embedder_tokens\\._projection.*weight', {'type': 'xavier_normal'}]]	dot_product	300	https://s3-us-west-2.amazonaws.com/allennlp/datasets/glove/glove.6B.300d.txt.gz	231	False	embedding	decomposable_attention	7415.648	1829	2447	1179	1183	2919	2269	1775	1603	0.7415513029315961	https://s3-us-west-2.amazonaws.com/allennlp/datasets/snli/snli_1.0_test.jsonl	0.6287546637770417	https://s3-us-west-2.amazonaws.com/allennlp/datasets/snli/snli_1.0_train.jsonl	0	6.063695394255237	140	0.0002147158290193441	adagrad	20	+accuracy	0.6967600893391849	7415.648	36859.0	139	1627	2447	1179	1183	2919	2269	1775	1603	0.7113347592358265	0	0.7394838447470027	https://s3-us-west-2.amazonaws.com/allennlp/datasets/snli/snli_1.0_dev.jsonl	0.6267579935200802	550152	glove
44	136	0.727494411704938	0.6624455450030117	True	single_id	['@@NULL@@']	snli	139	True	64	[['premise', 'num_tokens'], ['hypothesis', 'num_tokens']]	bucket	['tanh', 'tanh', 'tanh', 'linear']	['0.36882432571677976', '0.36882432571677976', '0.36882432571677976', '0.0']	[352, 352, 352, 3]	768	4	tanh	0.21085285649074093	147	86	1	tanh	0.2446314399600765	384	172	2	[['.*linear_layers.*weight', {'type': 'xavier_normal'}], ['.*token_embedder_tokens\\._projection.*weight', {'type': 'xavier_normal'}]]	dot_product	300	https://s3-us-west-2.amazonaws.com/allennlp/datasets/glove/glove.6B.300d.txt.gz	86	False	embedding	decomposable_attention	7430.32	1675	2681	2967	3635	1561	3487	2319	3313	0.7344258957654723	https://s3-us-west-2.amazonaws.com/allennlp/datasets/snli/snli_1.0_test.jsonl	0.6595364702599389	https://s3-us-west-2.amazonaws.com/allennlp/datasets/snli/snli_1.0_train.jsonl	0	9.49037706562548	140	0.0005123911369583642	adagrad	20	+accuracy	0.7013635693443545	7430.32	40014.0	139	1581	2681	2967	1295	1561	2715	2167	0	0.7057147949121594	0	0.7261735419630156	https://s3-us-west-2.amazonaws.com/allennlp/datasets/snli/snli_1.0_dev.jsonl	0.6607692791269971	550152	glove
45	139	0.7291200975411501	0.6548939364684092	True	single_id	['@@NULL@@']	snli	139	True	64	[['premise', 'num_tokens'], ['hypothesis', 'num_tokens']]	bucket	['relu', 'relu', 'linear']	['0.19937994715674018', '0.19937994715674018', '0.0']	[84, 84, 3]	288	3	relu	0.04132208848080576	272	71	1	tanh	0.2877087431830299	144	142	1	[['.*linear_layers.*weight', {'type': 'xavier_normal'}], ['.*token_embedder_tokens\\._projection.*weight', {'type': 'xavier_normal'}]]	dot_product	300	https://s3-us-west-2.amazonaws.com/allennlp/datasets/glove/glove.6B.300d.txt.gz	71	False	embedding	decomposable_attention	7414.28	2195	2681	2807	3635	3589	3487	2319	2929	0.7364617263843648	https://s3-us-west-2.amazonaws.com/allennlp/datasets/snli/snli_1.0_test.jsonl	0.6511618158259949	https://s3-us-west-2.amazonaws.com/allennlp/datasets/snli/snli_1.0_train.jsonl	0	7.165997181072093	140	0.0003856510440834643	adagrad	20	+accuracy	0.6988170021133413	7414.28	37212.0	139	1675	2681	2157	3635	1561	3487	2319	1521	0.7125610356798043	0	0.7291200975411501	https://s3-us-west-2.amazonaws.com/allennlp/datasets/snli/snli_1.0_dev.jsonl	0.6548939364684092	550152	glove
46	137	0.8308270676691729	0.4314578127164345	True	single_id	['@@NULL@@']	snli	139	True	64	[['premise', 'num_tokens'], ['hypothesis', 'num_tokens']]	bucket	['relu', 'relu', 'relu', 'linear']	['0.20101290454848753', '0.20101290454848753', '0.20101290454848753', '0.0']	[152, 152, 152, 3]	726	4	relu	0.41235678152581895	374	211	1	relu	0.3123664350979808	363	422	1	[['.*linear_layers.*weight', {'type': 'xavier_normal'}], ['.*token_embedder_tokens\\._projection.*weight', {'type': 'xavier_normal'}]]	dot_product	300	https://s3-us-west-2.amazonaws.com/allennlp/datasets/glove/glove.6B.300d.txt.gz	211	False	embedding	decomposable_attention	7406.2040000000015	1581	2681	2967	1295	1561	3487	2167	3313	0.8273615635179153	https://s3-us-west-2.amazonaws.com/allennlp/datasets/snli/snli_1.0_test.jsonl	0.4406256824731827	https://s3-us-west-2.amazonaws.com/allennlp/datasets/snli/snli_1.0_train.jsonl	0	6.1649122617896825	140	0.002944027846394625	adagrad	20	+accuracy	0.8158334956413472	7406.2040000000015	33344.0	139	0	0	2967	0	0	2715	0	0	0.4670931889353544	0	0.8306238569396465	https://s3-us-west-2.amazonaws.com/allennlp/datasets/snli/snli_1.0_dev.jsonl	0.4313407221978361	550152	glove
47	79	0.4206462101198944	1.0745068734342402	True	single_id	['@@NULL@@']	snli	98	True	64	[['premise', 'num_tokens'], ['hypothesis', 'num_tokens']]	bucket	['relu', 'relu', 'linear']	['0.4469058066625302', '0.4469058066625302', '0.0']	[181, 181, 3]	962	3	tanh	0.02389554600294613	140	195	1	relu	0.26393977962181536	481	390	1	[['.*linear_layers.*weight', {'type': 'xavier_normal'}], ['.*token_embedder_tokens\\._projection.*weight', {'type': 'xavier_normal'}]]	dot_product	300	https://s3-us-west-2.amazonaws.com/allennlp/datasets/glove/glove.6B.300d.txt.gz	195	False	embedding	decomposable_attention	7409.436	3423	1513	2807	2135	3589	2965	2389	2929	0.4151058631921824	https://s3-us-west-2.amazonaws.com/allennlp/datasets/snli/snli_1.0_test.jsonl	1.073738343529887	https://s3-us-west-2.amazonaws.com/allennlp/datasets/snli/snli_1.0_train.jsonl	0	7.416058269292966	140	9.467498469817663e-06	adagrad	20	+accuracy	0.37908538372344897	7409.436	26479.0	98	2193	1513	2807	2135	3589	1825	2389	2929	1.0925306423679202	0	0.4202397886608413	https://s3-us-west-2.amazonaws.com/allennlp/datasets/snli/snli_1.0_dev.jsonl	1.073002987867826	550152	glove
48	139	0.6684616947774843	0.8021841413014895	True	single_id	['@@NULL@@']	snli	139	True	64	[['premise', 'num_tokens'], ['hypothesis', 'num_tokens']]	bucket	['relu', 'relu', 'linear']	['0.3983320520008484', '0.3983320520008484', '0.0']	[172, 172, 3]	832	3	relu	0.12823941769430947	98	246	1	tanh	0.498801419223699	416	492	3	[['.*linear_layers.*weight', {'type': 'xavier_normal'}], ['.*token_embedder_tokens\\._projection.*weight', {'type': 'xavier_normal'}]]	dot_product	300	https://s3-us-west-2.amazonaws.com/allennlp/datasets/glove/glove.6B.300d.txt.gz	246	False	embedding	decomposable_attention	7405.66	3423	2671	1287	1141	2919	2425	2237	2551	0.6730456026058632	https://s3-us-west-2.amazonaws.com/allennlp/datasets/snli/snli_1.0_test.jsonl	0.8008994367215541	https://s3-us-west-2.amazonaws.com/allennlp/datasets/snli/snli_1.0_train.jsonl	0	8.602683500285615	140	0.0002942323260949148	adagrad	20	+accuracy	0.6154519656258931	7405.66	37911.0	139	3423	2671	1287	1141	1405	2425	1399	2551	0.8529204809821218	0	0.6684616947774843	https://s3-us-west-2.amazonaws.com/allennlp/datasets/snli/snli_1.0_dev.jsonl	0.8021841413014895	550152	glove
49	133	0.757264783580573	0.6455276155626619	True	single_id	['@@NULL@@']	snli	139	True	64	[['premise', 'num_tokens'], ['hypothesis', 'num_tokens']]	bucket	['relu', 'relu', 'linear']	['0.41467439175945264', '0.41467439175945264', '0.0']	[93, 93, 3]	958	3	relu	0.3844679943247356	366	121	1	tanh	0.3721717138719109	479	242	1	[['.*linear_layers.*weight', {'type': 'xavier_normal'}], ['.*token_embedder_tokens\\._projection.*weight', {'type': 'xavier_normal'}]]	dot_product	300	https://s3-us-west-2.amazonaws.com/allennlp/datasets/glove/glove.6B.300d.txt.gz	121	False	embedding	decomposable_attention	7406.22	2195	1513	2807	2135	3589	2965	2389	2929	0.7637418566775245	https://s3-us-west-2.amazonaws.com/allennlp/datasets/snli/snli_1.0_test.jsonl	0.6473028535966749	https://s3-us-west-2.amazonaws.com/allennlp/datasets/snli/snli_1.0_train.jsonl	0	8.904825618241881	140	0.001035058720021893	adagrad	20	+accuracy	0.7128586172813438	7406.22	38365.0	139	2195	1211	2807	1115	3589	1825	1667	2929	0.6884565083457561	0	0.75685836212152	https://s3-us-west-2.amazonaws.com/allennlp/datasets/snli/snli_1.0_dev.jsonl	0.6437134090569112	550152	glove
