	Unnamed: 0	best_epoch	best_validation_accuracy	best_validation_accuracy3	best_validation_f1-measure-overall	best_validation_loss	best_validation_precision-overall	best_validation_recall-overall	dataset_reader.coding_scheme	dataset_reader.tag_label	dataset_reader.token_indexers.elmo.type	dataset_reader.token_indexers.token_characters.min_padding_length	dataset_reader.token_indexers.token_characters.type	dataset_reader.token_indexers.tokens.lowercase_tokens	dataset_reader.token_indexers.tokens.type	dataset_reader.type	embedding	epoch	evaluate_on_test	iterator.batch_size	iterator.type	model.dropout	model.encoder.bidirectional	model.encoder.dropout	model.encoder.hidden_size	model.encoder.input_size	model.encoder.num_layers	model.encoder.type	model.include_start_end_transitions	model.label_encoding	model.regularizer	model.text_field_embedder.token_embedders.elmo.do_layer_norm	model.text_field_embedder.token_embedders.elmo.dropout	model.text_field_embedder.token_embedders.elmo.options_file	model.text_field_embedder.token_embedders.elmo.requires_grad	model.text_field_embedder.token_embedders.elmo.type	model.text_field_embedder.token_embedders.elmo.weight_file	model.text_field_embedder.token_embedders.token_characters.embedding.embedding_dim	model.text_field_embedder.token_embedders.token_characters.encoder.conv_layer_activation	model.text_field_embedder.token_embedders.token_characters.encoder.embedding_dim	model.text_field_embedder.token_embedders.token_characters.encoder.ngram_filter_sizes	model.text_field_embedder.token_embedders.token_characters.encoder.num_filters	model.text_field_embedder.token_embedders.token_characters.encoder.type	model.text_field_embedder.token_embedders.token_characters.type	model.text_field_embedder.token_embedders.tokens.embedding_dim	model.text_field_embedder.token_embedders.tokens.pretrained_file	model.text_field_embedder.token_embedders.tokens.trainable	model.text_field_embedder.token_embedders.tokens.type	model.type	peak_cpu_memory_MB	peak_gpu_0_memory_MB	peak_gpu_1_memory_MB	peak_gpu_2_memory_MB	peak_gpu_3_memory_MB	peak_gpu_4_memory_MB	peak_gpu_5_memory_MB	peak_gpu_6_memory_MB	peak_gpu_7_memory_MB	test_accuracy	test_accuracy3	test_data_path	test_f1-measure-overall	test_loss	test_precision-overall	test_recall-overall	train_data_path	trainer.cuda_device	trainer.grad_norm	trainer.learning_rate_scheduler.factor	trainer.learning_rate_scheduler.patience	trainer.learning_rate_scheduler.type	trainer.num_epochs	trainer.num_serialized_models_to_keep	trainer.optimizer.lr	trainer.optimizer.type	trainer.patience	trainer.validation_metric	training_accuracy	training_accuracy3	training_cpu_memory_MB	training_duration	training_epochs	training_f1-measure-overall	training_gpu_0_memory_MB	training_gpu_1_memory_MB	training_gpu_2_memory_MB	training_gpu_3_memory_MB	training_gpu_4_memory_MB	training_gpu_5_memory_MB	training_gpu_6_memory_MB	training_gpu_7_memory_MB	training_loss	training_precision-overall	training_recall-overall	training_start_epoch	validation_accuracy	validation_accuracy3	validation_data_path	validation_f1-measure-overall	validation_loss	validation_precision-overall	validation_recall-overall	dataset_reader.sample
50	0	13	0.9922121412717572	0.9931856236127876	0.9623466128760636	42.33005948160209	0.9612155809267964	0.9634803096600472	BIOUL	ner	elmo_characters	3	characters	True	single_id	conll2003	elmo frozen	37	True	64	basic	0.3870105499239693	True	0.2406804568135328	271	1190	2	lstm	False	BIOUL	[['scalar_parameters', {'alpha': '0.005990368208987876', 'type': 'l2'}]]	False	0.4725043403334286	https://s3-us-west-2.amazonaws.com/allennlp/models/elmo/2x4096_512_2048cnn_2xhighway/elmo_2x4096_512_2048cnn_2xhighway_options.json		elmo_token_embedder	https://s3-us-west-2.amazonaws.com/allennlp/models/elmo/2x4096_512_2048cnn_2xhighway/elmo_2x4096_512_2048cnn_2xhighway_weights.hdf5	41	relu	41	[1, 2, 3, 4]	29	cnn	character_encoding	50	https://s3-us-west-2.amazonaws.com/allennlp/datasets/glove/glove.6B.50d.txt.gz	True	embedding	crf_tagger	3262.996	10	10	5721	10					0.98283622267686	0.9848605577689244	s3://suching-dev/ner-2003/test.txt	0.9268680445150532	92.23746868416114	0.9247444483609448	0.9290014164305948	s3://suching-dev/ner-2003/train.txt	0	6.760355034325111	0.5	2	reduce_on_plateau	75	1	0.0017581930524098756	adam	25	+f1-measure-overall	0.9991160047342856	0.9992044042608572	3262.996	4819.0	37	0.9950206409328348	10	10	5721	10					2.183578345746818	0.9951053415620345	0.9949359547214776	0	0.9921342626844748	0.9930882753786846	s3://suching-dev/ner-2003/dev.txt	0.9619231739093388	45.71942759495155	0.9608732157850546	0.9629754291484348	full
51	1	12	0.9919590358630894	0.992971457497761	0.9613733905578901	59.110013531703565	0.9614543006227908	0.9612924941097274	BIOUL	ner	elmo_characters	3	characters	True	single_id	conll2003	elmo frozen	36	True	64	basic	0.24849205910758365	True	0.1701485740490346	381	1215	2	lstm	False	BIOUL	[['scalar_parameters', {'alpha': '0.001321675709291534', 'type': 'l2'}]]	False	0.1879173719262768	https://s3-us-west-2.amazonaws.com/allennlp/models/elmo/2x4096_512_2048cnn_2xhighway/elmo_2x4096_512_2048cnn_2xhighway_options.json		elmo_token_embedder	https://s3-us-west-2.amazonaws.com/allennlp/models/elmo/2x4096_512_2048cnn_2xhighway/elmo_2x4096_512_2048cnn_2xhighway_weights.hdf5	53	relu	53	[1, 2, 3]	47	cnn	character_encoding	50	https://s3-us-west-2.amazonaws.com/allennlp/datasets/glove/glove.6B.50d.txt.gz	True	embedding	crf_tagger	3252.692	10	10	5751	10					0.9830085065144826	0.9850974480456552	s3://suching-dev/ner-2003/test.txt	0.9277620396600068	117.96556156652944	0.9277620396600568	0.9277620396600568	s3://suching-dev/ner-2003/train.txt	0	7.043509837204652	0.5	2	reduce_on_plateau	75	1	0.0017699773517041665	adam	25	+f1-measure-overall	0.999906689388619	0.9999263337278572	3252.692	4664.0	36	0.9994679832307816	10	10	5751	10					0.1948974774780006	0.9996168908564618	0.9993191199625516	0	0.9918811572758072	0.9929130485572992	s3://suching-dev/ner-2003/dev.txt	0.960827168796184	61.86803167006549	0.9598589183742022	0.9617973746213396	full
52	2	7	0.9893501031891282	0.990245706942876	0.9492723142928752	46.734405321233396	0.9490328006728344	0.9495119488387748	BIOUL	ner	elmo_characters	3	characters	True	single_id	conll2003	elmo frozen	31	True	64	basic	0.00693472645008425	True	0.15686452779027432	344	1198	2	lstm	False	BIOUL	[['scalar_parameters', {'alpha': '0.5978296891072613', 'type': 'l2'}]]	False	0.4043714156988161	https://s3-us-west-2.amazonaws.com/allennlp/models/elmo/2x4096_512_2048cnn_2xhighway/elmo_2x4096_512_2048cnn_2xhighway_options.json		elmo_token_embedder	https://s3-us-west-2.amazonaws.com/allennlp/models/elmo/2x4096_512_2048cnn_2xhighway/elmo_2x4096_512_2048cnn_2xhighway_weights.hdf5	40	relu	40	[1, 2, 3, 4]	31	cnn	character_encoding	50	https://s3-us-west-2.amazonaws.com/allennlp/datasets/glove/glove.6B.50d.txt.gz	True	embedding	crf_tagger	3267.808	10	10	5739	10					0.9775815656293744	0.9798212555184668	s3://suching-dev/ner-2003/test.txt	0.8988347457626619	93.8284050800182	0.8963028169014085	0.9013810198300284	s3://suching-dev/ner-2003/train.txt	0	8.575236895661012	0.5	2	reduce_on_plateau	75	1	0.010233071497290582	adam	25	+f1-measure-overall	0.9999558002367144	0.9999754445759524	3267.808	4024.0000000000014	31	0.9997446591198752	10	10	5739	10					0.10107994183093648	0.9997872068774736	0.9997021149836164	0	0.9886686655504068	0.9901288890619524	s3://suching-dev/ner-2003/dev.txt	0.9464660895873104	55.9862938488231	0.9452744670135974	0.9476607202961964	full
53	3	29	0.9730929480939216	0.97593551652973	0.866379674179067	105.8114211699542	0.8690939881456393	0.863682261864692	BIOUL	ner	elmo_characters	3	characters	True	single_id	conll2003	elmo frozen	53	True	64	basic	0.4731920995448254	True	0.4372318171606824	114	1354	2	lstm	False	BIOUL	[['scalar_parameters', {'alpha': '0.0038224501864324145', 'type': 'l2'}]]	False	0.2030873390150097	https://s3-us-west-2.amazonaws.com/allennlp/models/elmo/2x4096_512_2048cnn_2xhighway/elmo_2x4096_512_2048cnn_2xhighway_options.json		elmo_token_embedder	https://s3-us-west-2.amazonaws.com/allennlp/models/elmo/2x4096_512_2048cnn_2xhighway/elmo_2x4096_512_2048cnn_2xhighway_weights.hdf5	24	relu	24	[1, 2, 3, 4, 5]	56	cnn	character_encoding	50	https://s3-us-west-2.amazonaws.com/allennlp/datasets/glove/glove.6B.50d.txt.gz	True	embedding	crf_tagger	3226.0640000000008	10	10	5695	10					0.9687950899106278	0.9723269085818886	s3://suching-dev/ner-2003/test.txt	0.8493150684931007	104.41545966819479	0.8478913005117346	0.8507436260623229	s3://suching-dev/ner-2003/train.txt	0	9.369426369677104	0.5	2	reduce_on_plateau	75	1	6.156077159309908e-05	adam	25	+f1-measure-overall	0.9645370565904302	0.9681614371798588	3226.0640000000008	6843.0	53	0.8237948894285032	10	10	5695	10					131.51040607799186	0.8321465786731504	0.8156091748585046	0	0.9730929480939216	0.97593551652973	s3://suching-dev/ner-2003/dev.txt	0.866379674179067	105.67214941510969	0.8690939881456393	0.863682261864692	full
54	4	2	0.5822981971107044	0.5978933842140104	0.04343340048146016	2680.7314118030026	0.030671015196724726	0.07438572871087176	BIOUL	ner	elmo_characters	3	characters	True	single_id	conll2003	elmo frozen	26	True	64	basic	0.007950310363714075	True	0.18803904917567388	190	1167	3	lstm	False	BIOUL	[['scalar_parameters', {'alpha': '0.2586076352732973', 'type': 'l2'}]]	False	0.4962948877671838	https://s3-us-west-2.amazonaws.com/allennlp/models/elmo/2x4096_512_2048cnn_2xhighway/elmo_2x4096_512_2048cnn_2xhighway_options.json		elmo_token_embedder	https://s3-us-west-2.amazonaws.com/allennlp/models/elmo/2x4096_512_2048cnn_2xhighway/elmo_2x4096_512_2048cnn_2xhighway_weights.hdf5	44	relu	44	[1, 2, 3]	31	cnn	character_encoding	50	https://s3-us-west-2.amazonaws.com/allennlp/datasets/glove/glove.6B.50d.txt.gz	True	embedding	crf_tagger	3225.556	10	10	5721	10					0.5546032087864757	0.5771508560353182	s3://suching-dev/ner-2003/test.txt	0.04251913361008401	2293.543657090929	0.029631178972320992	0.07524787535410765	s3://suching-dev/ner-2003/train.txt	0	6.711414048966532	0.5	2	reduce_on_plateau	75	1	1.1575971819436394e-06	adam	25	+f1-measure-overall	0.8328119398293891	0.8572200313327211	3225.556	3449.0	26	0.0	10	10	5721	10					846.5051478992807	0.0	0.0	0	0.8325026284023208	0.8500253105408668	s3://suching-dev/ner-2003/dev.txt	0.0	933.5038577809053	0.0	0.0	full
55	5	4	0.6557571745648534	0.6732798567033994	0.029664495648798538	2280.934005438113	0.02198069592018817	0.04560753954897341	BIOUL	ner	elmo_characters	3	characters	True	single_id	conll2003	elmo frozen	28	True	64	basic	0.4900853679874893	True	0.09010427810803988	124	1194	1	lstm	False	BIOUL	[['scalar_parameters', {'alpha': '0.6054651757674654', 'type': 'l2'}]]	False	0.11452498073121607	https://s3-us-west-2.amazonaws.com/allennlp/models/elmo/2x4096_512_2048cnn_2xhighway/elmo_2x4096_512_2048cnn_2xhighway_options.json		elmo_token_embedder	https://s3-us-west-2.amazonaws.com/allennlp/models/elmo/2x4096_512_2048cnn_2xhighway/elmo_2x4096_512_2048cnn_2xhighway_weights.hdf5	59	relu	59	[1, 2, 3, 4]	30	cnn	character_encoding	50	https://s3-us-west-2.amazonaws.com/allennlp/datasets/glove/glove.6B.50d.txt.gz	True	embedding	crf_tagger	3218.232	10	10	5691	10					0.6601270593302466	0.685065144826101	s3://suching-dev/ner-2003/test.txt	0.02750200406975789	1947.1839136194296	0.0210994417636484	0.03948300283286119	s3://suching-dev/ner-2003/train.txt	0	9.104679302881218	0.5	2	reduce_on_plateau	75	1	2.0383733916766984e-06	adam	25	+f1-measure-overall	0.8229603037014847	0.8473683952048168	3218.232	3543.0	28	0.0056583404682802145	10	10	5691	10					1556.152715509588	0.022592152199762187	0.003234180177879909	0	0.8325026284023208	0.8500253105408668	s3://suching-dev/ner-2003/dev.txt	0.0	1336.141404095818	0.0	0.0	full
56	6	39	0.9507417935438652	0.9553755694871696	0.7561701382810633	113.24917927910299	0.7877461706783371	0.7270279367216426	BIOUL	ner	elmo_characters	3	characters	True	single_id	conll2003	elmo frozen	63	True	64	basic	0.4010283511088351	True	0.3429599393608649	196	1278	1	lstm	False	BIOUL	[['scalar_parameters', {'alpha': '0.007169144026802362', 'type': 'l2'}]]	False	0.12821843157699242	https://s3-us-west-2.amazonaws.com/allennlp/models/elmo/2x4096_512_2048cnn_2xhighway/elmo_2x4096_512_2048cnn_2xhighway_options.json		elmo_token_embedder	https://s3-us-west-2.amazonaws.com/allennlp/models/elmo/2x4096_512_2048cnn_2xhighway/elmo_2x4096_512_2048cnn_2xhighway_weights.hdf5	53	relu	53	[1, 2, 3, 4]	51	cnn	character_encoding	50	https://s3-us-west-2.amazonaws.com/allennlp/datasets/glove/glove.6B.50d.txt.gz	True	embedding	crf_tagger	3261.168	10	10	5699	10					0.9420049531603316	0.9468935070528696	s3://suching-dev/ner-2003/test.txt	0.7282786141846045	115.20596278155293	0.7465600595016735	0.710871104815864	s3://suching-dev/ner-2003/train.txt	0	5.1486482403009415	0.5	2	reduce_on_plateau	75	1	0.09408859094962824	adam	25	+f1-measure-overall	0.9277432091974795	0.934996881461146	3261.168	7772.000000000001	63	0.6407762648958744	10	10	5699	10					153.58261996182532	0.6750518183531186	0.6098131835397251	0	0.9506639149565826	0.9553366301935284	s3://suching-dev/ner-2003/dev.txt	0.7547468354429879	113.83017611036114	0.7900257637099742	0.7224840121171323	full
57	7	2	0.7135430863284141	0.7303648611814182	0.050679074446633283	2287.9712524414067	0.04045372415177675	0.06782228205991249	BIOUL	ner	elmo_characters	3	characters	True	single_id	conll2003	elmo frozen	26	True	64	basic	0.3707184357801909	True	0.15561562042966404	295	1189	1	lstm	False	BIOUL	[['scalar_parameters', {'alpha': '0.059447937619746316', 'type': 'l2'}]]	False	0.3865026543285113	https://s3-us-west-2.amazonaws.com/allennlp/models/elmo/2x4096_512_2048cnn_2xhighway/elmo_2x4096_512_2048cnn_2xhighway_options.json		elmo_token_embedder	https://s3-us-west-2.amazonaws.com/allennlp/models/elmo/2x4096_512_2048cnn_2xhighway/elmo_2x4096_512_2048cnn_2xhighway_weights.hdf5	40	relu	40	[1, 2, 3, 4, 5]	23	cnn	character_encoding	50	https://s3-us-west-2.amazonaws.com/allennlp/datasets/glove/glove.6B.50d.txt.gz	True	embedding	crf_tagger	3247.268	10	10	5709	10					0.6889846021320125	0.7132335522773771	s3://suching-dev/ner-2003/test.txt	0.051091675580398406	1962.7324388292104	0.039629087359687655	0.07188385269121814	s3://suching-dev/ner-2003/train.txt	0	9.90418069862482	0.5	2	reduce_on_plateau	75	1	1.8698434846491543e-06	adam	25	+f1-measure-overall	0.8327824733205318	0.8571905648238639	3247.268	3439.0	26	0.00016969285593014784	10	10	5709	10					713.5200507424095	0.02739726027397257	8.511000468105026e-05	0	0.8325026284023208	0.8500253105408668	s3://suching-dev/ner-2003/dev.txt	0.0	878.615857891008	0.0	0.0	full
58	8	35	0.8339823215606869	0.8515050036992329	0.013664389268453307	620.1619591806449	0.6949152542372871	0.006900033658700774	BIOUL	ner	elmo_characters	3	characters	True	single_id	conll2003	elmo frozen	59	True	64	basic	0.4509680855426258	True	0.07851919172764342	102	1344	3	lstm	False	BIOUL	[['scalar_parameters', {'alpha': '0.04302337713689261', 'type': 'l2'}]]	False	0.2687516213512359	https://s3-us-west-2.amazonaws.com/allennlp/models/elmo/2x4096_512_2048cnn_2xhighway/elmo_2x4096_512_2048cnn_2xhighway_options.json		elmo_token_embedder	https://s3-us-west-2.amazonaws.com/allennlp/models/elmo/2x4096_512_2048cnn_2xhighway/elmo_2x4096_512_2048cnn_2xhighway_weights.hdf5	25	relu	25	[1, 2, 3, 4, 5]	54	cnn	character_encoding	50	https://s3-us-west-2.amazonaws.com/allennlp/datasets/glove/glove.6B.50d.txt.gz	True	embedding	crf_tagger	3221.844	10	10	5697	10					0.8275223430601917	0.8521804673199096	s3://suching-dev/ner-2003/test.txt	0.017794836008371152	545.6454772949219	0.6071428571428564	0.009029745042492921	s3://suching-dev/ner-2003/train.txt	0	5.5438870131937685	0.5	2	reduce_on_plateau	75	1	9.619037726161153e-06	adam	25	+f1-measure-overall	0.8341133773039127	0.8582955589060067	3221.844	7595.000000000001	59	0.012740989103098446	10	10	5697	10					584.2562176097523	0.4210526315789472	0.006468360355759818	0	0.8339823215606869	0.8515050036992329	s3://suching-dev/ner-2003/dev.txt	0.013662112629121648	617.4320861218022	0.6833333333333322	0.006900033658700774	full
59	9	8	0.9915696429266772	0.9926599431486312	0.9591991250945912	35.925231952293245	0.9589571068124474	0.9594412655671491	BIOUL	ner	elmo_characters	3	characters	True	single_id	conll2003	elmo frozen	32	True	64	basic	0.25145734425123784	True	0.0714736243669945	80	1278	2	lstm	False	BIOUL	[['scalar_parameters', {'alpha': '0.8606218671492611', 'type': 'l2'}]]	False	0.3598669114914671	https://s3-us-west-2.amazonaws.com/allennlp/models/elmo/2x4096_512_2048cnn_2xhighway/elmo_2x4096_512_2048cnn_2xhighway_options.json		elmo_token_embedder	https://s3-us-west-2.amazonaws.com/allennlp/models/elmo/2x4096_512_2048cnn_2xhighway/elmo_2x4096_512_2048cnn_2xhighway_weights.hdf5	17	relu	17	[1, 2, 3, 4]	51	cnn	character_encoding	50	https://s3-us-west-2.amazonaws.com/allennlp/datasets/glove/glove.6B.50d.txt.gz	True	embedding	crf_tagger	3223.292	10	10	5689	10					0.9816948422526112	0.9836976418649724	s3://suching-dev/ner-2003/test.txt	0.9208620385090474	77.0984825734739	0.9187522030313712	0.9229815864022662	s3://suching-dev/ner-2003/train.txt	0	5.948927512287438	0.5	2	reduce_on_plateau	75	1	0.0017104583358713743	adam	25	+f1-measure-overall	0.9989146502570952	0.999061982801381	3223.292	4144.0	32	0.9945108718777425	10	10	5689	10					2.9550525446507065	0.994426243458282	0.9945955147027532	0	0.9912970678711888	0.9924068377399634	s3://suching-dev/ner-2003/dev.txt	0.9586804678952626	41.24875704447428	0.9587611513213264	0.9585997980477954	full
60	10	69	0.9464974105369728	0.9528639850473112	0.7271020059751956	216.95419221765854	0.7377446734799931	0.7167620329855268	BIOUL	ner	elmo_characters	3	characters	True	single_id	conll2003	elmo frozen	74	True	64	basic	0.2426925798095876	True	0.11491331746550534	476	1278	2	lstm	False	BIOUL	[['scalar_parameters', {'alpha': '0.0417374805832107', 'type': 'l2'}]]	False	0.4073592174059615	https://s3-us-west-2.amazonaws.com/allennlp/models/elmo/2x4096_512_2048cnn_2xhighway/elmo_2x4096_512_2048cnn_2xhighway_options.json		elmo_token_embedder	https://s3-us-west-2.amazonaws.com/allennlp/models/elmo/2x4096_512_2048cnn_2xhighway/elmo_2x4096_512_2048cnn_2xhighway_weights.hdf5	43	relu	43	[1, 2, 3, 4]	51	cnn	character_encoding	50	https://s3-us-west-2.amazonaws.com/allennlp/datasets/glove/glove.6B.50d.txt.gz	True	embedding	crf_tagger	3277.792	10	10	5759	10					0.9411004630128136	0.9492839452998816	s3://suching-dev/ner-2003/test.txt	0.7045090001781714	200.09850396050342	0.7091855041263007	0.6998937677053825	s3://suching-dev/ner-2003/train.txt	0	8.433272143391656	0.5	2	reduce_on_plateau	75	1	6.8626596631372975e-06	adam	25	+f1-measure-overall	0.9408754499781457	0.94876756326705	3277.792	9975.0	74	0.6921906914084068	10	10	5759	10					229.38017640547318	0.7071882076099987	0.6778160772798842	0	0.9465168801837934	0.9528834546941318	s3://suching-dev/ner-2003/dev.txt	0.7270244901441604	216.6203721738329	0.7374069586290463	0.7169303264893975	full
61	11	0	0.477181573926249	0.4942759238347416	0.03607400528605843	2519.277034983916	0.02289626405513239	0.08498821945472905	BIOUL	ner	elmo_characters	3	characters	True	single_id	conll2003	elmo frozen	24	True	64	basic	0.2041841255341793	True	0.27596862742846545	280	1194	1	lstm	False	BIOUL	[['scalar_parameters', {'alpha': '0.26610551029696017', 'type': 'l2'}]]	False	0.14489920961645453	https://s3-us-west-2.amazonaws.com/allennlp/models/elmo/2x4096_512_2048cnn_2xhighway/elmo_2x4096_512_2048cnn_2xhighway_options.json		elmo_token_embedder	https://s3-us-west-2.amazonaws.com/allennlp/models/elmo/2x4096_512_2048cnn_2xhighway/elmo_2x4096_512_2048cnn_2xhighway_weights.hdf5	40	relu	40	[1, 2, 3, 4]	30	cnn	character_encoding	50	https://s3-us-west-2.amazonaws.com/allennlp/datasets/glove/glove.6B.50d.txt.gz	True	embedding	crf_tagger	3260.24	10	10	5707	10					0.4965220200279961	0.5208355766124689	s3://suching-dev/ner-2003/test.txt	0.031115167607000286	2144.3142835828994	0.0203185955786736	0.06639518413597734	s3://suching-dev/ner-2003/train.txt	0	6.1331534192784645	0.5	2	reduce_on_plateau	75	1	3.1595142524079027e-06	adam	25	+f1-measure-overall	0.8346486855481507	0.8590371327122448	3260.24	3080.0	24	0.02046185325927724	10	10	5707	10					568.3792603926225	0.5468749999999999	0.010425975573428656	0	0.8337097465051984	0.8512324286437444	s3://suching-dev/ner-2003/dev.txt	0.012353923205340648	612.4044404871323	0.7708333333333317	0.006226859643217772	full
62	12	11	0.9880261672053268	0.9897784354191816	0.9437805083318808	44.555344880795964	0.943939393939394	0.9436216762032984	BIOUL	ner	elmo_characters	3	characters	True	single_id	conll2003	elmo frozen	35	True	64	basic	0.20479575061021954	True	0.2999732367242522	134	1234	1	lstm	False	BIOUL	[['scalar_parameters', {'alpha': '0.005285052082379609', 'type': 'l2'}]]	False	0.12586178543073584	https://s3-us-west-2.amazonaws.com/allennlp/models/elmo/2x4096_512_2048cnn_2xhighway/elmo_2x4096_512_2048cnn_2xhighway_options.json		elmo_token_embedder	https://s3-us-west-2.amazonaws.com/allennlp/models/elmo/2x4096_512_2048cnn_2xhighway/elmo_2x4096_512_2048cnn_2xhighway_weights.hdf5	63	relu	63	[1, 2, 3, 4]	40	cnn	character_encoding	50	https://s3-us-west-2.amazonaws.com/allennlp/datasets/glove/glove.6B.50d.txt.gz	True	embedding	crf_tagger	3225.756	10	10	5691	10					0.9765263271239368	0.9795843652417358	s3://suching-dev/ner-2003/test.txt	0.8979483551467488	90.71740417127256	0.8969964664310954	0.8989022662889519	s3://suching-dev/ner-2003/train.txt	0	6.891741110090969	0.5	2	reduce_on_plateau	75	1	0.03222449201361047	adam	25	+f1-measure-overall	0.9988802726634286	0.9991110936494764	3225.756	4477.0	35	0.9948711400540052	10	10	5691	10					1.9929872503842816	0.9950617283950616	0.9946806247074343	0	0.9880066975585065	0.9895058603636928	s3://suching-dev/ner-2003/dev.txt	0.9427898367827195	46.630019244025725	0.9426312247644684	0.9429485021878156	full
63	13	9	0.9914917643393948	0.9924457770336046	0.9597507578308696	40.90406739478018	0.9603977081226828	0.9591046785594076	BIOUL	ner	elmo_characters	3	characters	True	single_id	conll2003	elmo frozen	33	True	64	basic	0.2954603485984557	True	0.05874452802426928	447	1294	1	lstm	False	BIOUL	[['scalar_parameters', {'alpha': '0.6611016030503134', 'type': 'l2'}]]	False	0.4573342810940916	https://s3-us-west-2.amazonaws.com/allennlp/models/elmo/2x4096_512_2048cnn_2xhighway/elmo_2x4096_512_2048cnn_2xhighway_options.json		elmo_token_embedder	https://s3-us-west-2.amazonaws.com/allennlp/models/elmo/2x4096_512_2048cnn_2xhighway/elmo_2x4096_512_2048cnn_2xhighway_weights.hdf5	58	relu	58	[1, 2, 3, 4]	55	cnn	character_encoding	50	https://s3-us-west-2.amazonaws.com/allennlp/datasets/glove/glove.6B.50d.txt.gz	True	embedding	crf_tagger	3268.052	10	10	5711	10					0.9819532680090448	0.9840422095402176	s3://suching-dev/ner-2003/test.txt	0.9228181979110848	87.79492805622242	0.9226548672566371	0.9229815864022662	s3://suching-dev/ner-2003/train.txt	0	7.140996420035387	0.5	2	reduce_on_plateau	75	1	0.002022474837479979	adam	25	+f1-measure-overall	0.999774090098762	0.9998281120316668	3268.052	4284.0	33	0.9987230782326902	10	10	5711	10					0.6582904449664057	0.9989356720166886	0.9985105749180816	0	0.9913165375180094	0.9923289591526808	s3://suching-dev/ner-2003/dev.txt	0.958950201884203	45.68389720542758	0.958627648839556	0.9592729720632784	full
64	14	22	0.9850667808885948	0.9871695027452202	0.928390901432132	53.735662329430674	0.9294871794871796	0.9272972063278356	BIOUL	ner	elmo_characters	3	characters	True	single_id	conll2003	elmo frozen	46	True	64	basic	0.4754361927430822	True	0.3010362113644616	345	1294	2	lstm	False	BIOUL	[['scalar_parameters', {'alpha': '0.0015103791888118293', 'type': 'l2'}]]	False	0.1843398919804872	https://s3-us-west-2.amazonaws.com/allennlp/models/elmo/2x4096_512_2048cnn_2xhighway/elmo_2x4096_512_2048cnn_2xhighway_options.json		elmo_token_embedder	https://s3-us-west-2.amazonaws.com/allennlp/models/elmo/2x4096_512_2048cnn_2xhighway/elmo_2x4096_512_2048cnn_2xhighway_weights.hdf5	47	relu	47	[1, 2, 3, 4]	55	cnn	character_encoding	50	https://s3-us-west-2.amazonaws.com/allennlp/datasets/glove/glove.6B.50d.txt.gz	True	embedding	crf_tagger	3278.896	10	10	5739	10					0.978098417142242	0.9806180682674708	s3://suching-dev/ner-2003/test.txt	0.9042308373162892	72.94721114193952	0.904070796460177	0.9043909348441926	s3://suching-dev/ner-2003/train.txt	0	9.303320777577694	0.5	2	reduce_on_plateau	75	1	7.181823273479942e-05	adam	25	+f1-measure-overall	0.9835183993792388	0.9856645434410006	3278.896	6072.0	46	0.9203676328812406	10	10	5739	10					55.294393418051975	0.9267408749676416	0.9140814502744796	0	0.9849694326544916	0.9870721545111172	s3://suching-dev/ner-2003/dev.txt	0.9278732726659426	53.63522206100763	0.9291258859264259	0.9266240323123528	full
65	15	8	0.32779097387173395	0.3424126786340096	0.05665441631907765	3004.585163191253	0.037537619699042415	0.11544934365533492	BIOUL	ner	elmo_characters	3	characters	True	single_id	conll2003	elmo frozen	32	True	64	basic	0.16292615914360448	True	0.3721171335915094	481	1167	3	lstm	False	BIOUL	[['scalar_parameters', {'alpha': '0.2744340967189109', 'type': 'l2'}]]	False	0.2245159817415945	https://s3-us-west-2.amazonaws.com/allennlp/models/elmo/2x4096_512_2048cnn_2xhighway/elmo_2x4096_512_2048cnn_2xhighway_options.json		elmo_token_embedder	https://s3-us-west-2.amazonaws.com/allennlp/models/elmo/2x4096_512_2048cnn_2xhighway/elmo_2x4096_512_2048cnn_2xhighway_weights.hdf5	18	relu	18	[1, 2, 3]	31	cnn	character_encoding	50	https://s3-us-west-2.amazonaws.com/allennlp/datasets/glove/glove.6B.50d.txt.gz	True	embedding	crf_tagger	3324.764	10	10	5805	10					0.3289975234198342	0.3494131581780984	s3://suching-dev/ner-2003/test.txt	0.05558045719404557	2527.382802327474	0.03721041891729685	0.10977337110481586	s3://suching-dev/ner-2003/train.txt	0	8.970470115187222	0.5	2	reduce_on_plateau	75	1	0.08034377433082415	adam	25	+f1-measure-overall	0.8328119398293891	0.8572200313327211	3324.764	4455.0	32	0.0	10	10	5805	10					530.5773142034358	0.0	0.0	0	0.8325026284023208	0.8500253105408668	s3://suching-dev/ner-2003/dev.txt	0.0	572.4490152994791	0.0	0.0	full
66	16	9	0.990498812351544	0.9917643393948834	0.9556492411466616	40.85726307887657	0.9575870226427848	0.9537192864355436	BIOUL	ner	elmo_characters	3	characters	True	single_id	conll2003	elmo frozen	33	True	64	basic	0.2843328209755749	True	0.3186670668370906	476	1318	1	lstm	False	BIOUL	[['scalar_parameters', {'alpha': '0.010311073525005572', 'type': 'l2'}]]	False	0.004073049504681736	https://s3-us-west-2.amazonaws.com/allennlp/models/elmo/2x4096_512_2048cnn_2xhighway/elmo_2x4096_512_2048cnn_2xhighway_options.json		elmo_token_embedder	https://s3-us-west-2.amazonaws.com/allennlp/models/elmo/2x4096_512_2048cnn_2xhighway/elmo_2x4096_512_2048cnn_2xhighway_weights.hdf5	60	relu	60	[1, 2, 3, 4]	61	cnn	character_encoding	50	https://s3-us-west-2.amazonaws.com/allennlp/datasets/glove/glove.6B.50d.txt.gz	True	embedding	crf_tagger	3274.84	10	10	5717	10					0.9807257456659848	0.9831377193926994	s3://suching-dev/ner-2003/test.txt	0.9174425822470016	81.64032390382555	0.9189909397761592	0.915899433427762	s3://suching-dev/ner-2003/train.txt	0	5.692215382188112	0.5	2	reduce_on_plateau	75	1	0.00036598144532292635	adam	25	+f1-measure-overall	0.9997249792506668	0.9997495346747144	3274.84	4308.0	33	0.9984679547195008	10	10	5717	10					1.4698904201388359	0.998510448142316	0.9984254649134006	0	0.9903430551769792	0.9915112339862155	s3://suching-dev/ner-2003/dev.txt	0.9543309740478096	44.54038079579672	0.9556193047586904	0.9530461124200604	full
67	17	20	0.9877146528561972	0.9892916942486664	0.9407507153677334	47.925669483110006	0.9409090909090908	0.9405923931336252	BIOUL	ner	elmo_characters	3	characters	True	single_id	conll2003	elmo frozen	44	True	64	basic	0.124005407802825	True	0.15420030954535344	284	1282	3	lstm	False	BIOUL	[['scalar_parameters', {'alpha': '0.009089855766865208', 'type': 'l2'}]]	False	0.028378432717711174	https://s3-us-west-2.amazonaws.com/allennlp/models/elmo/2x4096_512_2048cnn_2xhighway/elmo_2x4096_512_2048cnn_2xhighway_options.json		elmo_token_embedder	https://s3-us-west-2.amazonaws.com/allennlp/models/elmo/2x4096_512_2048cnn_2xhighway/elmo_2x4096_512_2048cnn_2xhighway_weights.hdf5	53	relu	53	[1, 2, 3, 4]	52	cnn	character_encoding	50	https://s3-us-west-2.amazonaws.com/allennlp/datasets/glove/glove.6B.50d.txt.gz	True	embedding	crf_tagger	3285.676	10	10	5743	10					0.9777969204264024	0.9803381070313342	s3://suching-dev/ner-2003/test.txt	0.9048375706214192	80.0512974527147	0.9022887323943662	0.9074008498583568	s3://suching-dev/ner-2003/train.txt	0	7.619286143798562	0.5	2	reduce_on_plateau	75	1	7.442417224256017e-05	adam	25	+f1-measure-overall	0.9947893390170954	0.9953884913638572	3285.676	5895.0	44	0.9716126005075534	10	10	5743	10					20.329098183458505	0.9739182486745341	0.9693178433124814	0	0.98748101709435	0.989155406720922	s3://suching-dev/ner-2003/dev.txt	0.9400673400672901	48.05974466660443	0.9403839676658808	0.9397509256142712	full
68	18	73	0.9405202289630468	0.9502161130797088	0.7252418645557989	228.13262019437903	0.7595799557848194	0.6938741164591047	BIOUL	ner	elmo_characters	3	characters	True	single_id	conll2003	elmo frozen	74	True	64	basic	0.15014148819503909	True	0.4561243078010058	278	1174	1	lstm	False	BIOUL	[['scalar_parameters', {'alpha': '0.0016018478516251558', 'type': 'l2'}]]	False	0.20996289583497185	https://s3-us-west-2.amazonaws.com/allennlp/models/elmo/2x4096_512_2048cnn_2xhighway/elmo_2x4096_512_2048cnn_2xhighway_options.json		elmo_token_embedder	https://s3-us-west-2.amazonaws.com/allennlp/models/elmo/2x4096_512_2048cnn_2xhighway/elmo_2x4096_512_2048cnn_2xhighway_weights.hdf5	28	relu	28	[1, 2, 3, 4, 5]	20	cnn	character_encoding	50	https://s3-us-west-2.amazonaws.com/allennlp/datasets/glove/glove.6B.50d.txt.gz	True	embedding	crf_tagger	3245.848	10	10	5707	10					0.935264348013352	0.9483363841929578	s3://suching-dev/ner-2003/test.txt	0.6974163027655979	208.24173369231048	0.7172529940119761	0.6786473087818697	s3://suching-dev/ner-2003/train.txt	0	7.580367747143687	0.5	2	reduce_on_plateau	75	1	1.039471962555677e-05	adam	25	+f1-measure-overall	0.9359250764901459	0.9480947446481454	3245.848	9416.0	74	0.6914269262285507	10	10	5707	10					230.1110566572709	0.7208829777408331	0.6642835865355973	0	0.9405202289630468	0.9502161130797088	s3://suching-dev/ner-2003/dev.txt	0.7252418645557989	228.10714979732742	0.7595799557848194	0.6938741164591047	full
69	19	24	0.9789338421401036	0.9816595926949884	0.8982751367269168	75.68765314887551	0.8981995625105166	0.8983507236620667	BIOUL	ner	elmo_characters	3	characters	True	single_id	conll2003	elmo frozen	48	True	64	basic	0.4317696207947519	True	0.4319199328782259	104	1214	2	lstm	False	BIOUL	[['scalar_parameters', {'alpha': '0.03246588848228788', 'type': 'l2'}]]	False	0.1435802270872681	https://s3-us-west-2.amazonaws.com/allennlp/models/elmo/2x4096_512_2048cnn_2xhighway/elmo_2x4096_512_2048cnn_2xhighway_options.json		elmo_token_embedder	https://s3-us-west-2.amazonaws.com/allennlp/models/elmo/2x4096_512_2048cnn_2xhighway/elmo_2x4096_512_2048cnn_2xhighway_weights.hdf5	55	relu	55	[1, 2, 3, 4]	35	cnn	character_encoding	50	https://s3-us-west-2.amazonaws.com/allennlp/datasets/glove/glove.6B.50d.txt.gz	True	embedding	crf_tagger	3217.708	10	10	5693	10					0.9729945084526758	0.9764401852051254	s3://suching-dev/ner-2003/test.txt	0.8776356418173298	82.58999400668674	0.8746263407772111	0.8806657223796034	s3://suching-dev/ner-2003/train.txt	0	7.435066286878527	0.5	2	reduce_on_plateau	75	1	9.842121933661751e-05	adam	25	+f1-measure-overall	0.9749485563866204	0.9781456725976201	3217.708	6254.0	48	0.8774473012672929	10	10	5693	10					89.91590016104958	0.8843693265323765	0.8706327928848037	0	0.9789338421401036	0.9816595926949884	s3://suching-dev/ner-2003/dev.txt	0.8982751367269168	75.5261381560681	0.8981995625105166	0.8983507236620667	full
70	20	20	0.988960710252716	0.9904014641174408	0.9478912366360304	56.89092411714442	0.9482903823479872	0.9474924267923258	BIOUL	ner	elmo_characters	3	characters	True	single_id	conll2003	elmo frozen	44	True	64	basic	0.09312927583660263	True	0.11354481705751752	335	1222	1	lstm	False	BIOUL	[['scalar_parameters', {'alpha': '0.16595788442924708', 'type': 'l2'}]]	False	0.15149965048140113	https://s3-us-west-2.amazonaws.com/allennlp/models/elmo/2x4096_512_2048cnn_2xhighway/elmo_2x4096_512_2048cnn_2xhighway_options.json		elmo_token_embedder	https://s3-us-west-2.amazonaws.com/allennlp/models/elmo/2x4096_512_2048cnn_2xhighway/elmo_2x4096_512_2048cnn_2xhighway_weights.hdf5	28	relu	28	[1, 2, 3, 4]	37	cnn	character_encoding	50	https://s3-us-west-2.amazonaws.com/allennlp/datasets/glove/glove.6B.50d.txt.gz	True	embedding	crf_tagger	3246.836	10	10	5711	10					0.978873694411543	0.9813287390976634	s3://suching-dev/ner-2003/test.txt	0.9045430440162132	109.7923583984375	0.903106247793858	0.9059844192634559	s3://suching-dev/ner-2003/train.txt	0	6.8793134598520425	0.5	2	reduce_on_plateau	75	1	0.011420974581532413	adam	25	+f1-measure-overall	0.9999459780670952	0.9999558002367144	3246.836	5599.0	44	0.9997020896284132	10	10	5711	10					0.09915241336195983	0.9997871887635668	0.9996170049789352	0	0.9888049530781512	0.9902067676492348	s3://suching-dev/ner-2003/dev.txt	0.946960767805978	57.18240062863218	0.9474393530997304	0.9464826657691012	full
71	21	10	0.9901094194151321	0.9913554768116506	0.9525415156368042	47.03101848153507	0.9542307042729268	0.9508582968697408	BIOUL	ner	elmo_characters	3	characters	True	single_id	conll2003	elmo frozen	34	True	64	basic	0.0712810194533785	True	0.3741439945595629	264	1198	1	lstm	False	BIOUL	[['scalar_parameters', {'alpha': '0.7768787453740176', 'type': 'l2'}]]	False	0.11883825634266545	https://s3-us-west-2.amazonaws.com/allennlp/models/elmo/2x4096_512_2048cnn_2xhighway/elmo_2x4096_512_2048cnn_2xhighway_options.json		elmo_token_embedder	https://s3-us-west-2.amazonaws.com/allennlp/models/elmo/2x4096_512_2048cnn_2xhighway/elmo_2x4096_512_2048cnn_2xhighway_weights.hdf5	30	relu	30	[1, 2, 3, 4]	31	cnn	character_encoding	50	https://s3-us-west-2.amazonaws.com/allennlp/datasets/glove/glove.6B.50d.txt.gz	True	embedding	crf_tagger	3244.864	10	10	5703	10					0.9800581457951976	0.9823193711639928	s3://suching-dev/ner-2003/test.txt	0.9117308543602864	93.15185333181309	0.9118115813706392	0.9116501416430596	s3://suching-dev/ner-2003/train.txt	0	6.852790117306506	0.5	2	reduce_on_plateau	75	1	0.0066889466529043325	adam	25	+f1-measure-overall	0.9999656224063334	0.9999754445759524	3244.864	4301.0	34	0.9998084902648718	10	10	5703	10					0.08217647302451289	0.9998723186925434	0.9997446699859568	0	0.989797905066002	0.9911218410498034	s3://suching-dev/ner-2003/dev.txt	0.9517311094262833	48.990559690138866	0.9527744982290436	0.95069000336587	full
72	22	17	0.991394416105292	0.9925041859740664	0.9580143037441654	55.4389565411736	0.9579337035167425	0.9580949175361833	BIOUL	ner	elmo_characters	3	characters	True	single_id	conll2003	elmo frozen	41	True	64	basic	0.12239728650400013	True	0.08046634676977292	153	1251	2	lstm	False	BIOUL	[['scalar_parameters', {'alpha': '0.041012758709398175', 'type': 'l2'}]]	False	0.05666939376796842	https://s3-us-west-2.amazonaws.com/allennlp/models/elmo/2x4096_512_2048cnn_2xhighway/elmo_2x4096_512_2048cnn_2xhighway_options.json		elmo_token_embedder	https://s3-us-west-2.amazonaws.com/allennlp/models/elmo/2x4096_512_2048cnn_2xhighway/elmo_2x4096_512_2048cnn_2xhighway_weights.hdf5	48	relu	48	[1, 2, 3]	59	cnn	character_encoding	50	https://s3-us-west-2.amazonaws.com/allennlp/datasets/glove/glove.6B.50d.txt.gz	True	embedding	crf_tagger	3229.86	10	10	5703	10					0.9819963389684504	0.9839560676214064	s3://suching-dev/ner-2003/test.txt	0.9220171332685184	114.08488384882612	0.9198237885462556	0.9242209631728046	s3://suching-dev/ner-2003/train.txt	0	8.28718962975875	0.5	2	reduce_on_plateau	75	1	0.001048977435073128	adam	25	+f1-measure-overall	0.9999508891519048	0.9999705334911428	3229.86	5333.0	41	0.9997021149835664	10	10	5703	10					0.12745501699603418	0.9997021149836164	0.9997021149836164	0	0.9914138857521124	0.9925236556208872	s3://suching-dev/ner-2003/dev.txt	0.9580072372296058	55.97618211484423	0.9580878639959602	0.9579266240323124	full
73	23	23	0.9900704801214906	0.9912581285775476	0.9535978480160899	39.26155088462082	0.9526368827678872	0.9545607539548974	BIOUL	ner	elmo_characters	3	characters	True	single_id	conll2003	elmo frozen	47	True	64	basic	0.4075853296193444	True	0.08854846603197758	81	1194	1	lstm	False	BIOUL	[['scalar_parameters', {'alpha': '0.2700985736787994', 'type': 'l2'}]]	False	0.07574208714929681	https://s3-us-west-2.amazonaws.com/allennlp/models/elmo/2x4096_512_2048cnn_2xhighway/elmo_2x4096_512_2048cnn_2xhighway_options.json		elmo_token_embedder	https://s3-us-west-2.amazonaws.com/allennlp/models/elmo/2x4096_512_2048cnn_2xhighway/elmo_2x4096_512_2048cnn_2xhighway_weights.hdf5	19	relu	19	[1, 2, 3, 4, 5]	24	cnn	character_encoding	50	https://s3-us-west-2.amazonaws.com/allennlp/datasets/glove/glove.6B.50d.txt.gz	True	embedding	crf_tagger	3223.704	10	10	5685	10					0.9785506622160008	0.9808764940239044	s3://suching-dev/ner-2003/test.txt	0.9072456093901186	84.37578236615217	0.9044518740102059	0.910056657223796	s3://suching-dev/ner-2003/train.txt	0	5.244977104442018	0.5	2	reduce_on_plateau	75	1	0.01770031622793249	adam	25	+f1-measure-overall	0.997917700040762	0.9983105868255241	3223.704	6039.0	47	0.9901891932153832	10	10	5685	10					3.639295726066286	0.9903788846317582	0.9899995744499764	0	0.9899536622405668	0.9911802499902652	s3://suching-dev/ner-2003/dev.txt	0.9531814743212076	39.435217726464366	0.9521410579345088	0.9542241669471558	full
74	24	10	0.9898563140064642	0.990946614228418	0.9505383580080254	53.36011134876925	0.9502186343760513	0.9508582968697408	BIOUL	ner	elmo_characters	3	characters	True	single_id	conll2003	elmo frozen	34	True	64	basic	0.05716647576971923	True	0.1138288944989012	402	1189	2	lstm	False	BIOUL	[['scalar_parameters', {'alpha': '0.0021451850267302417', 'type': 'l2'}]]	False	0.09693727977955713	https://s3-us-west-2.amazonaws.com/allennlp/models/elmo/2x4096_512_2048cnn_2xhighway/elmo_2x4096_512_2048cnn_2xhighway_options.json		elmo_token_embedder	https://s3-us-west-2.amazonaws.com/allennlp/models/elmo/2x4096_512_2048cnn_2xhighway/elmo_2x4096_512_2048cnn_2xhighway_weights.hdf5	27	relu	27	[1, 2, 3, 4, 5]	23	cnn	character_encoding	50	https://s3-us-west-2.amazonaws.com/allennlp/datasets/glove/glove.6B.50d.txt.gz	True	embedding	crf_tagger	3248.984000000001	10	10	5753	10					0.9797351135996556	0.9819101970496392	s3://suching-dev/ner-2003/test.txt	0.908641975308592	99.92019003408926	0.9051300070274068	0.9121813031161472	s3://suching-dev/ner-2003/train.txt	0	6.808959509007188	0.5	2	reduce_on_plateau	75	1	0.005709183574778443	adam	25	+f1-measure-overall	0.9999410669822856	0.9999558002367144	3248.984000000001	4567.0	34	0.999659531003908	10	10	5753	10					0.08779274013994093	0.99974462651628	0.9995744499765948	0	0.9896421478914372	0.9908103267006736	s3://suching-dev/ner-2003/dev.txt	0.949768615902348	58.31213575250961	0.9496887094060241	0.9498485358465164	full
75	25	1	0.8024025544176628	0.8199252365562089	0.07714939522715278	1807.596501967486	0.10942812982998454	0.05957590037024571	BIOUL	ner	elmo_characters	3	characters	True	single_id	conll2003	elmo frozen	25	True	64	basic	0.4592591393700808	True	0.20594044810597284	268	1244	2	lstm	False	BIOUL	[['scalar_parameters', {'alpha': '0.3272904182092989', 'type': 'l2'}]]	False	0.33388583593717264	https://s3-us-west-2.amazonaws.com/allennlp/models/elmo/2x4096_512_2048cnn_2xhighway/elmo_2x4096_512_2048cnn_2xhighway_options.json		elmo_token_embedder	https://s3-us-west-2.amazonaws.com/allennlp/models/elmo/2x4096_512_2048cnn_2xhighway/elmo_2x4096_512_2048cnn_2xhighway_weights.hdf5	48	relu	48	[1, 2, 3, 4, 5]	34	cnn	character_encoding	50	https://s3-us-west-2.amazonaws.com/allennlp/datasets/glove/glove.6B.50d.txt.gz	True	embedding	crf_tagger	3263.196	10	10	5725	10					0.7960805426940885	0.821018628189943	s3://suching-dev/ner-2003/test.txt	0.11138067931181893	1522.8936332420071	0.1476608187134503	0.08941218130311615	s3://suching-dev/ner-2003/train.txt	0	6.973278783787105	0.5	2	reduce_on_plateau	75	1	0.09953216659877144	adam	25	+f1-measure-overall	0.8328119398293891	0.8572200313327211	3263.196	3327.0	25	0.0	10	10	5725	10					519.2657202980735	0.0	0.0	0	0.8325026284023208	0.8500253105408668	s3://suching-dev/ner-2003/dev.txt	0.0	565.7399031695197	0.0	0.0	full
76	26	32	0.9785055099100504	0.9810755032903704	0.8907491966852198	82.14188186795106	0.8951393609789259	0.8864018848872434	BIOUL	ner	elmo_characters	3	characters	True	single_id	conll2003	elmo frozen	56	True	64	basic	0.15442370961555524	True	0.01539813685551561	374	1142	3	lstm	False	BIOUL	[['scalar_parameters', {'alpha': '0.003004056319320235', 'type': 'l2'}]]	False	0.07409014592596436	https://s3-us-west-2.amazonaws.com/allennlp/models/elmo/2x4096_512_2048cnn_2xhighway/elmo_2x4096_512_2048cnn_2xhighway_options.json		elmo_token_embedder	https://s3-us-west-2.amazonaws.com/allennlp/models/elmo/2x4096_512_2048cnn_2xhighway/elmo_2x4096_512_2048cnn_2xhighway_weights.hdf5	59	relu	59	[1, 2, 3, 4]	17	cnn	character_encoding	50	https://s3-us-west-2.amazonaws.com/allennlp/datasets/glove/glove.6B.50d.txt.gz	True	embedding	crf_tagger	3276.248	10	10	5777	10					0.9726068698180252	0.9759017982125552	s3://suching-dev/ner-2003/test.txt	0.8719264107553011	89.80867816783764	0.8711558854718982	0.8726983002832861	s3://suching-dev/ner-2003/train.txt	0	5.57942331944162	0.5	2	reduce_on_plateau	75	1	1.895059125777588e-05	adam	25	+f1-measure-overall	0.9802132393024297	0.9825263602477152	3276.248	7515.000000000001	56	0.8988942225269516	10	10	5777	10					72.89941734834152	0.9053744873731924	0.8925060640878335	0	0.9785055099100504	0.9810560336435497	s3://suching-dev/ner-2003/dev.txt	0.8905047772046513	81.89817357530781	0.8948173322005097	0.8862335913833727	full
77	27	32	0.9857092792336748	0.9877535921498384	0.9338724623030416	39.84622970281863	0.9348962725586102	0.9328508919555704	BIOUL	ner	elmo_characters	3	characters	True	single_id	conll2003	elmo frozen	56	True	64	basic	0.2875460645742847	True	0.4028608177261617	156	1227	1	lstm	False	BIOUL	[['scalar_parameters', {'alpha': '0.22620731293576019', 'type': 'l2'}]]	False	0.3063734071246677	https://s3-us-west-2.amazonaws.com/allennlp/models/elmo/2x4096_512_2048cnn_2xhighway/elmo_2x4096_512_2048cnn_2xhighway_options.json		elmo_token_embedder	https://s3-us-west-2.amazonaws.com/allennlp/models/elmo/2x4096_512_2048cnn_2xhighway/elmo_2x4096_512_2048cnn_2xhighway_weights.hdf5	18	relu	18	[1, 2, 3]	51	cnn	character_encoding	50	https://s3-us-west-2.amazonaws.com/allennlp/datasets/glove/glove.6B.50d.txt.gz	True	embedding	crf_tagger	3226.312	10	10	5693	10					0.9738774631204912	0.9769139657585872	s3://suching-dev/ner-2003/test.txt	0.8908081431214799	71.02007172725818	0.8868222495174592	0.8948300283286119	s3://suching-dev/ner-2003/train.txt	0	7.739416643353003	0.5	2	reduce_on_plateau	75	1	0.054837154673766576	adam	25	+f1-measure-overall	0.9916511558238101	0.9929918819768101	3226.312	6946.0	56	0.962929841371184	10	10	5693	10					15.597393997690894	0.9636069206511548	0.9622537129239542	0	0.9856508702932129	0.9877146528561972	s3://suching-dev/ner-2003/dev.txt	0.933614153327667	39.885672531875905	0.9347165991902834	0.932514304947829	full
78	28	16	0.9909855535220592	0.992173201978116	0.95679999999995	43.99631096335018	0.9575257036912186	0.956075395489734	BIOUL	ner	elmo_characters	3	characters	True	single_id	conll2003	elmo frozen	40	True	64	basic	0.29788008830207763	True	0.34532799271087594	294	1137	2	lstm	False	BIOUL	[['scalar_parameters', {'alpha': '0.7146591665531793', 'type': 'l2'}]]	False	0.18535627864710852	https://s3-us-west-2.amazonaws.com/allennlp/models/elmo/2x4096_512_2048cnn_2xhighway/elmo_2x4096_512_2048cnn_2xhighway_options.json		elmo_token_embedder	https://s3-us-west-2.amazonaws.com/allennlp/models/elmo/2x4096_512_2048cnn_2xhighway/elmo_2x4096_512_2048cnn_2xhighway_weights.hdf5	44	relu	44	[1, 2, 3]	21	cnn	character_encoding	50	https://s3-us-west-2.amazonaws.com/allennlp/datasets/glove/glove.6B.50d.txt.gz	True	embedding	crf_tagger	3255.724	10	10	5729	10					0.9818886615699364	0.9838268547431894	s3://suching-dev/ner-2003/test.txt	0.921201413427512	91.68143358937016	0.9192524682651622	0.9231586402266287	s3://suching-dev/ner-2003/train.txt	0	8.755240127804438	0.5	2	reduce_on_plateau	75	1	0.00035034491663889504	adam	25	+f1-measure-overall	0.998340053334381	0.9985414078115716	3255.7	5183.0	40	0.990823344050028	10	10	5729	10					5.390215613625267	0.9914777569456279	0.9901697944593388	0	0.9909855535220592	0.9921537323312956	s3://suching-dev/ner-2003/dev.txt	0.9564851443480692	44.63119265612434	0.9567267216703148	0.9562436889936048	full
79	29	16	0.9898368443596434	0.9911218410498034	0.9494575729542852	42.072933571011404	0.9488989746175828	0.9500168293503872	BIOUL	ner	elmo_characters	3	characters	True	single_id	conll2003	elmo frozen	40	True	64	basic	0.3573419311569839	True	0.1909364680310008	436	1284	3	lstm	False	BIOUL	[['scalar_parameters', {'alpha': '0.03683633194432964', 'type': 'l2'}]]	False	0.08961814633938138	https://s3-us-west-2.amazonaws.com/allennlp/models/elmo/2x4096_512_2048cnn_2xhighway/elmo_2x4096_512_2048cnn_2xhighway_options.json		elmo_token_embedder	https://s3-us-west-2.amazonaws.com/allennlp/models/elmo/2x4096_512_2048cnn_2xhighway/elmo_2x4096_512_2048cnn_2xhighway_weights.hdf5	24	relu	24	[1, 2, 3, 4, 5]	42	cnn	character_encoding	50	https://s3-us-west-2.amazonaws.com/allennlp/datasets/glove/glove.6B.50d.txt.gz	True	embedding	crf_tagger	3301.216	10	10	5781	10					0.9784645202971896	0.9810057069021212	s3://suching-dev/ner-2003/test.txt	0.9077464788731896	81.7877375902953	0.9026610644257704	0.9128895184135978	s3://suching-dev/ner-2003/train.txt	0	6.014284861885973	0.5	2	reduce_on_plateau	75	1	0.007729251140538448	adam	25	+f1-measure-overall	0.9968421724674764	0.9975002578319524	3301.216	5605.0	40	0.9845760545376576	10	10	5781	10					6.220423719693314	0.9857941214112026	0.9833609940848548	0	0.989603208597796	0.990751917760212	s3://suching-dev/ner-2003/dev.txt	0.9491924629878372	43.34864154516482	0.9488731920618904	0.9495119488387748	full
80	30	15	0.9902067676492348	0.9914917643393948	0.9528452551062794	40.91893091388777	0.9518052057094878	0.9538875799394144	BIOUL	ner	elmo_characters	3	characters	True	single_id	conll2003	elmo frozen	39	True	64	basic	0.19016689146435345	True	0.1350093892912565	243	1134	3	lstm	False	BIOUL	[['scalar_parameters', {'alpha': '0.06015918747221634', 'type': 'l2'}]]	False	0.4850318217792989	https://s3-us-west-2.amazonaws.com/allennlp/models/elmo/2x4096_512_2048cnn_2xhighway/elmo_2x4096_512_2048cnn_2xhighway_options.json		elmo_token_embedder	https://s3-us-west-2.amazonaws.com/allennlp/models/elmo/2x4096_512_2048cnn_2xhighway/elmo_2x4096_512_2048cnn_2xhighway_weights.hdf5	52	relu	52	[1, 2, 3]	20	cnn	character_encoding	50	https://s3-us-west-2.amazonaws.com/allennlp/datasets/glove/glove.6B.50d.txt.gz	True	embedding	crf_tagger	3256.468	10	10	5731	10					0.9805103908689566	0.9828146871971574	s3://suching-dev/ner-2003/test.txt	0.9163726182074308	76.57817505024096	0.9131504922644164	0.9196175637393768	s3://suching-dev/ner-2003/train.txt	0	6.838270918934769	0.5	2	reduce_on_plateau	75	1	0.00025985864955442253	adam	25	+f1-measure-overall	0.994887560713286	0.9955849347562384	3256.468	5144.0	39	0.9732551944591936	10	10	5731	10					16.49435619874434	0.974771621275506	0.9717434784458912	0	0.9900704801214906	0.9913165375180094	s3://suching-dev/ner-2003/dev.txt	0.952204955900832	41.24609909805597	0.9505282575884622	0.9538875799394144	full
81	31	27	0.9848915540672092	0.9869748062770142	0.9290714345955476	54.406510278290384	0.9311918850380388	0.9269606193200942	BIOUL	ner	elmo_characters	3	characters	True	single_id	conll2003	elmo frozen	51	True	64	basic	0.3880166518230628	True	0.010048253649290021	428	1242	1	lstm	False	BIOUL	[['scalar_parameters', {'alpha': '0.04329008624475847', 'type': 'l2'}]]	False	0.269891111990588	https://s3-us-west-2.amazonaws.com/allennlp/models/elmo/2x4096_512_2048cnn_2xhighway/elmo_2x4096_512_2048cnn_2xhighway_options.json		elmo_token_embedder	https://s3-us-west-2.amazonaws.com/allennlp/models/elmo/2x4096_512_2048cnn_2xhighway/elmo_2x4096_512_2048cnn_2xhighway_weights.hdf5	42	relu	42	[1, 2, 3, 4]	42	cnn	character_encoding	50	https://s3-us-west-2.amazonaws.com/allennlp/datasets/glove/glove.6B.50d.txt.gz	True	embedding	crf_tagger	3257.532	10	10	5725	10					0.9779476687843222	0.9807042101862818	s3://suching-dev/ner-2003/test.txt	0.9045716822014592	71.45342904550057	0.9070678298023857	0.9020892351274789	s3://suching-dev/ner-2003/train.txt	0	7.978970271863967	0.5	2	reduce_on_plateau	75	1	6.819097963716167e-05	adam	25	+f1-measure-overall	0.9839161972488104	0.9859641196143816	3257.532	6699.0	51	0.9232318902699884	10	10	5725	10					56.48326995156028	0.9299684814990716	0.9165921954125708	0	0.9847942058331062	0.9868969276897316	s3://suching-dev/ner-2003/dev.txt	0.9288907633909244	54.36152688194724	0.9311686115339084	0.9266240323123528	full
82	32	12	0.9911802499902652	0.992231610918578	0.9592798250041566	62.52001463198194	0.9591184387617766	0.9594412655671491	BIOUL	ner	elmo_characters	3	characters	True	single_id	conll2003	elmo frozen	36	True	64	basic	0.09885378298817377	True	0.05977667193738913	478	1155	3	lstm	False	BIOUL	[['scalar_parameters', {'alpha': '0.3170211724423055', 'type': 'l2'}]]	False	0.12413973314769974	https://s3-us-west-2.amazonaws.com/allennlp/models/elmo/2x4096_512_2048cnn_2xhighway/elmo_2x4096_512_2048cnn_2xhighway_options.json		elmo_token_embedder	https://s3-us-west-2.amazonaws.com/allennlp/models/elmo/2x4096_512_2048cnn_2xhighway/elmo_2x4096_512_2048cnn_2xhighway_weights.hdf5	46	relu	46	[1, 2, 3]	27	cnn	character_encoding	50	https://s3-us-west-2.amazonaws.com/allennlp/datasets/glove/glove.6B.50d.txt.gz	True	embedding	crf_tagger	3321.744	10	10	5799	10					0.9809411004630127	0.9830300419941854	s3://suching-dev/ner-2003/test.txt	0.9173809313421786	120.81971933223585	0.9156817780913742	0.9190864022662888	s3://suching-dev/ner-2003/train.txt	0	7.763583990169573	0.5	2	reduce_on_plateau	75	1	0.0023770158475425076	adam	25	+f1-measure-overall	0.9999459780670952	0.9999607113215241	3321.744	4935.0	36	0.9997021149835664	10	10	5799	10					0.1344945428490808	0.9997021149836164	0.9997021149836164	0	0.9911023714029829	0.9922121412717572	s3://suching-dev/ner-2003/dev.txt	0.958627648839506	67.28712407280419	0.9579831932773109	0.9592729720632784	full
83	33	1	0.9888828316654336	0.9901678283555936	0.9469160768452484	36.12144081265319	0.9481943975700304	0.9456411982497476	BIOUL	ner	elmo_characters	3	characters	True	single_id	conll2003	elmo frozen	25	True	64	basic	0.027311110697349483	True	0.30239779082975005	487	1164	1	lstm	False	BIOUL	[['scalar_parameters', {'alpha': '0.01670917598936111', 'type': 'l2'}]]	False	0.4987168051162314	https://s3-us-west-2.amazonaws.com/allennlp/models/elmo/2x4096_512_2048cnn_2xhighway/elmo_2x4096_512_2048cnn_2xhighway_options.json		elmo_token_embedder	https://s3-us-west-2.amazonaws.com/allennlp/models/elmo/2x4096_512_2048cnn_2xhighway/elmo_2x4096_512_2048cnn_2xhighway_weights.hdf5	58	relu	58	[1, 2, 3]	30	cnn	character_encoding	50	https://s3-us-west-2.amazonaws.com/allennlp/datasets/glove/glove.6B.50d.txt.gz	True	embedding	crf_tagger	3270.236	10	10	5711	10					0.9791105846882742	0.9816087003338	s3://suching-dev/ner-2003/test.txt	0.9104755158062016	64.64068453400223	0.9107174490699734	0.9102337110481586	s3://suching-dev/ner-2003/train.txt	0	9.109508103763462	0.5	2	reduce_on_plateau	75	1	0.008363215120352503	adam	25	+f1-measure-overall	0.9999558002367144	0.9999656224063334	3270.236	3239.0	25	0.9997659225841647	10	10	5711	10					0.08546260030178184	0.999872307823274	0.9996595599812758	0	0.9883376815544566	0.9898952533001052	s3://suching-dev/ner-2003/dev.txt	0.9434947368420552	55.04612623476515	0.9442103488960054	0.9427802086839449	full
84	34	74	0.8499279623067637	0.8670417818620769	0.13479160508422336	531.1109421673943	0.5533980582524272	0.07674183776506227	BIOUL	ner	elmo_characters	3	characters	True	single_id	conll2003	elmo frozen	74	True	64	basic	0.3411252935267037	True	0.38681392919855256	269	1263	2	lstm	False	BIOUL	[['scalar_parameters', {'alpha': '0.0695527937114762', 'type': 'l2'}]]	False	0.23396838238035084	https://s3-us-west-2.amazonaws.com/allennlp/models/elmo/2x4096_512_2048cnn_2xhighway/elmo_2x4096_512_2048cnn_2xhighway_options.json		elmo_token_embedder	https://s3-us-west-2.amazonaws.com/allennlp/models/elmo/2x4096_512_2048cnn_2xhighway/elmo_2x4096_512_2048cnn_2xhighway_weights.hdf5	43	relu	43	[1, 2, 3]	63	cnn	character_encoding	50	https://s3-us-west-2.amazonaws.com/allennlp/datasets/glove/glove.6B.50d.txt.gz	True	embedding	crf_tagger	3259.6	10	10	5725	10					0.8435662754387854	0.8674060514697964	s3://suching-dev/ner-2003/test.txt	0.12593611493196474	465.868074770327	0.4603351955307262	0.07294617563739376	s3://suching-dev/ner-2003/train.txt	0	5.1969187518679245	0.5	2	reduce_on_plateau	75	1	4.602244513161261e-06	adam	25	+f1-measure-overall	0.8495341836058167	0.8724198388181965	3259.6	9594.0	74	0.13493993135008756	10	10	5725	10					510.4366014653986	0.4222421123293802	0.08030128941657091	0	0.8499279623067637	0.8670417818620769	s3://suching-dev/ner-2003/dev.txt	0.13479160508422336	531.1109421673943	0.5533980582524272	0.07674183776506227	full
85	35	72	0.9427008294069544	0.9471983178225148	0.6786413552395858	228.22630201601515	0.6866494401378123	0.6708179064288119	BIOUL	ner	elmo_characters	3	characters	True	single_id	conll2003	elmo frozen	74	True	64	basic	0.38361925298723415	True	0.010758487256699423	196	1162	3	lstm	False	BIOUL	[['scalar_parameters', {'alpha': '0.021121859810817635', 'type': 'l2'}]]	False	0.2947982925617573	https://s3-us-west-2.amazonaws.com/allennlp/models/elmo/2x4096_512_2048cnn_2xhighway/elmo_2x4096_512_2048cnn_2xhighway_options.json		elmo_token_embedder	https://s3-us-west-2.amazonaws.com/allennlp/models/elmo/2x4096_512_2048cnn_2xhighway/elmo_2x4096_512_2048cnn_2xhighway_weights.hdf5	18	relu	18	[1, 2, 3, 4]	22	cnn	character_encoding	50	https://s3-us-west-2.amazonaws.com/allennlp/datasets/glove/glove.6B.50d.txt.gz	True	embedding	crf_tagger	3228.948	10	10	5723	10					0.9388177021643156	0.944459997846452	s3://suching-dev/ner-2003/test.txt	0.673352435530036	206.44501961602103	0.6811594202898551	0.6657223796033994	s3://suching-dev/ner-2003/train.txt	0	5.666776319208144	0.5	2	reduce_on_plateau	75	1	1.7207258153247033e-05	adam	25	+f1-measure-overall	0.9390878151074792	0.9444163421258122	3228.948	9539.0	74	0.6656802802497379	10	10	5723	10					230.78579424077813	0.6810774710596617	0.6509638708030129	0	0.9426618901133134	0.9471593785288734	s3://suching-dev/ner-2003/dev.txt	0.6783008427683164	228.16825088800167	0.6863049095607235	0.6704813194210704	full
86	36	15	0.9898368443596434	0.9911607803434446	0.9511252939200038	41.51915277219286	0.9492122024807241	0.9530461124200604	BIOUL	ner	elmo_characters	3	characters	True	single_id	conll2003	elmo frozen	39	True	64	basic	0.3846372640120011	True	0.4163140755420651	289	1190	2	lstm	False	BIOUL	[['scalar_parameters', {'alpha': '0.08677010235182883', 'type': 'l2'}]]	False	0.4516817755874703	https://s3-us-west-2.amazonaws.com/allennlp/models/elmo/2x4096_512_2048cnn_2xhighway/elmo_2x4096_512_2048cnn_2xhighway_options.json		elmo_token_embedder	https://s3-us-west-2.amazonaws.com/allennlp/models/elmo/2x4096_512_2048cnn_2xhighway/elmo_2x4096_512_2048cnn_2xhighway_weights.hdf5	63	relu	63	[1, 2, 3, 4]	29	cnn	character_encoding	50	https://s3-us-west-2.amazonaws.com/allennlp/datasets/glove/glove.6B.50d.txt.gz	True	embedding	crf_tagger	3240.568	10	10	5725	10					0.9789383008506516	0.9812210616991494	s3://suching-dev/ner-2003/test.txt	0.9069890575361308	86.98396161750509	0.9041168191414496	0.9098796033994334	s3://suching-dev/ner-2003/train.txt	0	7.206082884657048	0.5	2	reduce_on_plateau	75	1	0.008708553505355704	adam	25	+f1-measure-overall	0.9980257439065716	0.9983695198432382	3240.568	5072.0	39	0.9907007426637512	10	10	5725	10					3.767283772812648	0.99080616327573	0.990595344482744	0	0.9896226782446168	0.9908687356411354	s3://suching-dev/ner-2003/dev.txt	0.9508774876143592	42.84636996774113	0.9488855371208312	0.9528778189161898	full
87	37	10	0.9911023714029829	0.992231610918578	0.9570046276819021	38.2882386375876	0.9569241124011442	0.9570851565129586	BIOUL	ner	elmo_characters	3	characters	True	single_id	conll2003	elmo frozen	34	True	64	basic	0.4391764824959697	True	0.07330332478733681	362	1194	1	lstm	False	BIOUL	[['scalar_parameters', {'alpha': '0.3084606803821794', 'type': 'l2'}]]	False	0.1563251162353677	https://s3-us-west-2.amazonaws.com/allennlp/models/elmo/2x4096_512_2048cnn_2xhighway/elmo_2x4096_512_2048cnn_2xhighway_options.json		elmo_token_embedder	https://s3-us-west-2.amazonaws.com/allennlp/models/elmo/2x4096_512_2048cnn_2xhighway/elmo_2x4096_512_2048cnn_2xhighway_weights.hdf5	46	relu	46	[1, 2, 3]	40	cnn	character_encoding	50	https://s3-us-west-2.amazonaws.com/allennlp/datasets/glove/glove.6B.50d.txt.gz	True	embedding	crf_tagger	3258.048	10	10	5717	10					0.9820178744481534	0.9841283514590288	s3://suching-dev/ner-2003/test.txt	0.9224778761061448	86.49304280457676	0.9221514508138712	0.9228045325779036	s3://suching-dev/ner-2003/train.txt	0	6.204330171918622	0.5	2	reduce_on_plateau	75	1	0.0031591640762655463	adam	25	+f1-measure-overall	0.9995776467063808	0.9996365797240953	3258.048	4320.0	34	0.9977442969015504	10	10	5717	10					1.135202142122117	0.9978717064657556	0.9976169198689306	0	0.9911023714029829	0.9921926716249369	s3://suching-dev/ner-2003/dev.txt	0.9567631224763968	41.58509884628595	0.9564413050790448	0.9570851565129586	full
88	38	7	0.9910439624625208	0.9921342626844748	0.9581050324537982	42.465173216427075	0.9598040871474414	0.9564119824974756	BIOUL	ner	elmo_characters	3	characters	True	single_id	conll2003	elmo frozen	31	True	64	basic	0.0776590826790246	True	0.3421873196983769	288	1384	1	lstm	False	BIOUL	[['scalar_parameters', {'alpha': '0.004133129963771333', 'type': 'l2'}]]	False	0.14919335973734815	https://s3-us-west-2.amazonaws.com/allennlp/models/elmo/2x4096_512_2048cnn_2xhighway/elmo_2x4096_512_2048cnn_2xhighway_options.json		elmo_token_embedder	https://s3-us-west-2.amazonaws.com/allennlp/models/elmo/2x4096_512_2048cnn_2xhighway/elmo_2x4096_512_2048cnn_2xhighway_weights.hdf5	37	relu	37	[1, 2, 3, 4, 5]	62	cnn	character_encoding	50	https://s3-us-west-2.amazonaws.com/allennlp/datasets/glove/glove.6B.50d.txt.gz	True	embedding	crf_tagger	3243.0	10	10	5711	10					0.9823839776031013	0.9843221707763541	s3://suching-dev/ner-2003/test.txt	0.9240696543798668	88.20084458810312	0.9226831421006179	0.9254603399433428	s3://suching-dev/ner-2003/train.txt	0	9.313537115468376	0.5	2	reduce_on_plateau	75	1	0.0008061736085459751	adam	25	+f1-measure-overall	0.9999508891519048	0.9999705334911428	3243.0	4061.0000000000014	31	0.9997233748270592	10	10	5711	10					0.19149144727059386	0.9997871978209056	0.9996595599812758	0	0.9910439624625208	0.992173201978116	s3://suching-dev/ner-2003/dev.txt	0.9574234887445754	47.42449115304386	0.9592836627808752	0.9555705149781218	full
89	39	23	0.9865659436937814	0.9884155601417388	0.9345888683369268	53.95502686968037	0.9338037634408602	0.9353752945136318	BIOUL	ner	elmo_characters	3	characters	True	single_id	conll2003	elmo frozen	47	True	64	basic	0.19720628416191416	True	0.2638091249198879	161	1122	3	lstm	False	BIOUL	[['scalar_parameters', {'alpha': '0.015879485568510297', 'type': 'l2'}]]	False	0.06487139790265972	https://s3-us-west-2.amazonaws.com/allennlp/models/elmo/2x4096_512_2048cnn_2xhighway/elmo_2x4096_512_2048cnn_2xhighway_options.json		elmo_token_embedder	https://s3-us-west-2.amazonaws.com/allennlp/models/elmo/2x4096_512_2048cnn_2xhighway/elmo_2x4096_512_2048cnn_2xhighway_weights.hdf5	31	relu	31	[1, 2, 3]	16	cnn	character_encoding	50	https://s3-us-west-2.amazonaws.com/allennlp/datasets/glove/glove.6B.50d.txt.gz	True	embedding	crf_tagger	3244.716	10	10	5711	10					0.9778830623452136	0.9804673199095508	s3://suching-dev/ner-2003/test.txt	0.902116402116352	78.10682031843398	0.8986296556570625	0.9056303116147308	s3://suching-dev/ner-2003/train.txt	0	7.348497251643701	0.5	2	reduce_on_plateau	75	1	8.903172912635116e-05	adam	25	+f1-measure-overall	0.9889156815849052	0.9903153407556196	3244.712	6048.0	47	0.943456705701292	10	10	5711	10					41.75562204881148	0.9475468944499292	0.9394016766670922	0	0.9864685954596784	0.9882987422608154	s3://suching-dev/ner-2003/dev.txt	0.9340844123086772	53.84016543743658	0.9332997311827956	0.9348704140020196	full
90	40	24	0.990751917760212	0.9920174448035513	0.9560245522575808	40.06456083409928	0.9553016299781548	0.9567485695052173	BIOUL	ner	elmo_characters	3	characters	True	single_id	conll2003	elmo frozen	48	True	64	basic	0.12021118465962324	True	0.07202708158649862	142	1244	3	lstm	False	BIOUL	[['scalar_parameters', {'alpha': '0.601064160479004', 'type': 'l2'}]]	False	0.3640852146037006	https://s3-us-west-2.amazonaws.com/allennlp/models/elmo/2x4096_512_2048cnn_2xhighway/elmo_2x4096_512_2048cnn_2xhighway_options.json		elmo_token_embedder	https://s3-us-west-2.amazonaws.com/allennlp/models/elmo/2x4096_512_2048cnn_2xhighway/elmo_2x4096_512_2048cnn_2xhighway_weights.hdf5	42	relu	42	[1, 2, 3, 4, 5]	34	cnn	character_encoding	50	https://s3-us-west-2.amazonaws.com/allennlp/datasets/glove/glove.6B.50d.txt.gz	True	embedding	crf_tagger	3241.456	10	10	5705	10					0.9818025196511252	0.9840422095402176	s3://suching-dev/ner-2003/test.txt	0.9207580431907828	77.83759182470816	0.9167983149025803	0.9247521246458924	s3://suching-dev/ner-2003/train.txt	0	5.798647770567854	0.5	2	reduce_on_plateau	75	1	0.00032618432411041985	adam	25	+f1-measure-overall	0.9969649495877144	0.9973971250509523	3241.456	6333.0	48	0.9843500479079668	10	10	5705	10					10.59513000574979	0.9850421886985424	0.9836588791012384	0	0.9906740391729294	0.9919395662162688	s3://suching-dev/ner-2003/dev.txt	0.955439717504574	40.04834027383842	0.9546370967741936	0.9562436889936048	full
91	41	16	0.9905377516451852	0.991783809041704	0.9533008567108521	62.6641383451574	0.9515425888665324	0.9550656344665096	BIOUL	ner	elmo_characters	3	characters	True	single_id	conll2003	elmo frozen	40	True	64	basic	0.16153352955462175	True	0.177723059329568	345	1282	3	lstm	False	BIOUL	[['scalar_parameters', {'alpha': '0.024169977416650192', 'type': 'l2'}]]	False	0.07338847012550652	https://s3-us-west-2.amazonaws.com/allennlp/models/elmo/2x4096_512_2048cnn_2xhighway/elmo_2x4096_512_2048cnn_2xhighway_options.json		elmo_token_embedder	https://s3-us-west-2.amazonaws.com/allennlp/models/elmo/2x4096_512_2048cnn_2xhighway/elmo_2x4096_512_2048cnn_2xhighway_weights.hdf5	43	relu	43	[1, 2, 3, 4]	52	cnn	character_encoding	50	https://s3-us-west-2.amazonaws.com/allennlp/datasets/glove/glove.6B.50d.txt.gz	True	embedding	crf_tagger	3269.188	10	10	5763	10					0.9808549585442016	0.9830300419941854	s3://suching-dev/ner-2003/test.txt	0.9171446219005944	108.35079246097142	0.914160070360598	0.9201487252124646	s3://suching-dev/ner-2003/train.txt	0	5.748713755752813	0.5	2	reduce_on_plateau	75	1	0.003849619393386232	adam	25	+f1-measure-overall	0.9999017783038096	0.9999263337278572	3269.188	5515.0	40	0.9994467143343048	10	10	5763	10					0.1428982625630769	0.9995743412931511	0.9993191199625516	0	0.9904404034110821	0.9917059304544216	s3://suching-dev/ner-2003/dev.txt	0.9525409491809664	65.84469092125987	0.9508636592319304	0.9542241669471558	full
92	42	37	0.910011292395156	0.9205638409719248	0.4764454857333614	319.89209732354857	0.4737893160259611	0.4791316055200269	BIOUL	ner	elmo_characters	3	characters	True	single_id	conll2003	elmo frozen	61	True	64	basic	0.4947040730363181	True	0.3082957559925071	79	1159	3	lstm	False	BIOUL	[['scalar_parameters', {'alpha': '0.05838237455216439', 'type': 'l2'}]]	False	0.3463513852635337	https://s3-us-west-2.amazonaws.com/allennlp/models/elmo/2x4096_512_2048cnn_2xhighway/elmo_2x4096_512_2048cnn_2xhighway_options.json		elmo_token_embedder	https://s3-us-west-2.amazonaws.com/allennlp/models/elmo/2x4096_512_2048cnn_2xhighway/elmo_2x4096_512_2048cnn_2xhighway_weights.hdf5	48	relu	48	[1, 2, 3, 4, 5]	17	cnn	character_encoding	50	https://s3-us-west-2.amazonaws.com/allennlp/datasets/glove/glove.6B.50d.txt.gz	True	embedding	crf_tagger	3224.436	10	10	5691	10					0.8960697749542371	0.9109292559491764	s3://suching-dev/ner-2003/test.txt	0.4285714285713785	290.51421073631	0.4223100721897559	0.4350212464589235	s3://suching-dev/ner-2003/train.txt	0	8.219177122767361	0.5	2	reduce_on_plateau	75	1	3.720646117288687e-05	adam	25	+f1-measure-overall	0.8961060008545287	0.9120326488918136	3224.436	8079.000000000001	61	0.4192007711856481	10	10	5691	10					343.38468121615324	0.4320162564913073	0.4071237073918039	0	0.910011292395156	0.9205249016782836	s3://suching-dev/ner-2003/dev.txt	0.4762781357208102	319.49120495366117	0.473622898984856	0.4789633120161562	full
93	43	22	0.9894863907168724	0.9908297963474942	0.9507256159297508	42.19027756709679	0.9532994923857868	0.9481656008078088	BIOUL	ner	elmo_characters	3	characters	True	single_id	conll2003	elmo frozen	46	True	64	basic	0.09196615218069376	True	0.3453957257075088	491	1298	1	lstm	False	BIOUL	[['scalar_parameters', {'alpha': '0.0016325078342786488', 'type': 'l2'}]]	False	0.12884571086728402	https://s3-us-west-2.amazonaws.com/allennlp/models/elmo/2x4096_512_2048cnn_2xhighway/elmo_2x4096_512_2048cnn_2xhighway_options.json		elmo_token_embedder	https://s3-us-west-2.amazonaws.com/allennlp/models/elmo/2x4096_512_2048cnn_2xhighway/elmo_2x4096_512_2048cnn_2xhighway_weights.hdf5	25	relu	25	[1, 2, 3, 4]	56	cnn	character_encoding	50	https://s3-us-west-2.amazonaws.com/allennlp/datasets/glove/glove.6B.50d.txt.gz	True	embedding	crf_tagger	3274.0640000000008	10	10	5715	10					0.9796489716808442	0.9819963389684504	s3://suching-dev/ner-2003/test.txt	0.9120879120878622	82.49880444561994	0.9130589070262598	0.9111189801699716	s3://suching-dev/ner-2003/train.txt	0	5.116866536295216	0.5	2	reduce_on_plateau	75	1	0.00018254513895505663	adam	25	+f1-measure-overall	0.9993861143988096	0.9994646917557621	3274.0640000000008	5987.0	46	0.9967225674639836	10	10	5715	10					3.3681760950521986	0.9969347354080632	0.9965104898080772	0	0.9893306335423075	0.9906740391729294	s3://suching-dev/ner-2003/dev.txt	0.9501392052644398	42.334367621178714	0.9526306885467772	0.9476607202961964	full
94	44	8	0.9916085822203186	0.9925625949145284	0.959157894736792	44.85755366905064	0.9598853868194842	0.9584315045439246	BIOUL	ner	elmo_characters	3	characters	True	single_id	conll2003	elmo frozen	32	True	64	basic	0.2716851764443373	True	0.4204067798619172	506	1254	1	lstm	False	BIOUL	[['scalar_parameters', {'alpha': '0.025771563630645263', 'type': 'l2'}]]	False	0.015907712091157378	https://s3-us-west-2.amazonaws.com/allennlp/models/elmo/2x4096_512_2048cnn_2xhighway/elmo_2x4096_512_2048cnn_2xhighway_options.json		elmo_token_embedder	https://s3-us-west-2.amazonaws.com/allennlp/models/elmo/2x4096_512_2048cnn_2xhighway/elmo_2x4096_512_2048cnn_2xhighway_weights.hdf5	56	relu	56	[1, 2, 3, 4, 5]	36	cnn	character_encoding	50	https://s3-us-west-2.amazonaws.com/allennlp/datasets/glove/glove.6B.50d.txt.gz	True	embedding	crf_tagger	3273.4240000000004	10	10	5717	10					0.982513190481318	0.9845159900936792	s3://suching-dev/ner-2003/test.txt	0.9247501989565332	97.63245596709076	0.9236883942766296	0.925814447592068	s3://suching-dev/ner-2003/train.txt	0	5.3997563088043234	0.5	2	reduce_on_plateau	75	1	0.0008615944682417786	adam	25	+f1-measure-overall	0.9999508891519048	0.9999705334911428	3273.4240000000004	4193.0	32	0.9997020896284132	10	10	5717	10					0.19886533279310573	0.9997871887635668	0.9996170049789352	0	0.991238658930727	0.9922510805653986	s3://suching-dev/ner-2003/dev.txt	0.958133265942162	50.652779336069145	0.9591836734693876	0.9570851565129586	full
95	45	40	0.9549472372571162	0.9587632880339548	0.7712121212120713	173.68262668684415	0.771471876052543	0.7709525412319085	BIOUL	ner	elmo_characters	3	characters	True	single_id	conll2003	elmo frozen	64	True	64	basic	0.4976841146911989	True	0.3047162824935192	121	1286	2	lstm	False	BIOUL	[['scalar_parameters', {'alpha': '0.013828179954737368', 'type': 'l2'}]]	False	0.42500012270354337	https://s3-us-west-2.amazonaws.com/allennlp/models/elmo/2x4096_512_2048cnn_2xhighway/elmo_2x4096_512_2048cnn_2xhighway_options.json		elmo_token_embedder	https://s3-us-west-2.amazonaws.com/allennlp/models/elmo/2x4096_512_2048cnn_2xhighway/elmo_2x4096_512_2048cnn_2xhighway_weights.hdf5	62	relu	62	[1, 2, 3, 4]	53	cnn	character_encoding	50	https://s3-us-west-2.amazonaws.com/allennlp/datasets/glove/glove.6B.50d.txt.gz	True	embedding	crf_tagger	3226.6240000000007	10	10	5697	10					0.9506622160008614	0.9553569505760742	s3://suching-dev/ner-2003/test.txt	0.7547203105699164	158.78998763472944	0.7521983819908548	0.7572592067988668	s3://suching-dev/ner-2003/train.txt	0	5.381792203667506	0.5	2	reduce_on_plateau	75	1	4.191541073389579e-05	adam	25	+f1-measure-overall	0.9418969556185266	0.9479081234253834	3226.6240000000007	8316.0	64	0.7011151452281659	10	10	5697	10					209.37793065851383	0.7122908707680148	0.6902846929656581	0	0.9549472372571162	0.9587632880339548	s3://suching-dev/ner-2003/dev.txt	0.7712121212120713	173.54858174043542	0.771471876052543	0.7709525412319085	full
96	46	14	0.9913749464584712	0.9924263073867841	0.9590977949839596	35.411551195032466	0.9592592592592591	0.9589363850555368	BIOUL	ner	elmo_characters	3	characters	True	single_id	conll2003	elmo frozen	38	True	64	basic	0.47575081077272	True	0.10021967763542887	207	1189	1	lstm	False	BIOUL	[['scalar_parameters', {'alpha': '0.6575178879233888', 'type': 'l2'}]]	False	0.02071449826295729	https://s3-us-west-2.amazonaws.com/allennlp/models/elmo/2x4096_512_2048cnn_2xhighway/elmo_2x4096_512_2048cnn_2xhighway_options.json		elmo_token_embedder	https://s3-us-west-2.amazonaws.com/allennlp/models/elmo/2x4096_512_2048cnn_2xhighway/elmo_2x4096_512_2048cnn_2xhighway_weights.hdf5	59	relu	59	[1, 2, 3, 4, 5]	23	cnn	character_encoding	50	https://s3-us-west-2.amazonaws.com/allennlp/datasets/glove/glove.6B.50d.txt.gz	True	embedding	crf_tagger	3231.672	10	10	5701	10					0.9819748034887475	0.983869925702595	s3://suching-dev/ner-2003/test.txt	0.9218667138058542	71.8001550745081	0.9204024002823862	0.9233356940509916	s3://suching-dev/ner-2003/train.txt	0	5.450407664489857	0.5	2	reduce_on_plateau	75	1	0.001023267534764507	adam	25	+f1-measure-overall	0.9982614759774286	0.998433363945762	3231.672	4834.0	38	0.9904413173524717	10	10	5701	10					6.016208611564203	0.9909687313623584	0.9899144644452956	0	0.9910829017561621	0.992173201978116	s3://suching-dev/ner-2003/dev.txt	0.9583298257428576	36.31004989848417	0.9587333670203808	0.9579266240323124	full
97	47	0	0.28129745726412525	0.2949262100385499	0.01495482396922685	2728.194964240579	0.009413815646110263	0.03635139683608213	BIOUL	ner	elmo_characters	3	characters	True	single_id	conll2003	elmo frozen	24	True	64	basic	0.3744371416759285	True	0.20104879056060915	421	1289	2	lstm	False	BIOUL	[['scalar_parameters', {'alpha': '0.3569095236014927', 'type': 'l2'}]]	False	0.3957794363992452	https://s3-us-west-2.amazonaws.com/allennlp/models/elmo/2x4096_512_2048cnn_2xhighway/elmo_2x4096_512_2048cnn_2xhighway_options.json		elmo_token_embedder	https://s3-us-west-2.amazonaws.com/allennlp/models/elmo/2x4096_512_2048cnn_2xhighway/elmo_2x4096_512_2048cnn_2xhighway_weights.hdf5	51	relu	51	[1, 2, 3, 4, 5]	43	cnn	character_encoding	50	https://s3-us-west-2.amazonaws.com/allennlp/datasets/glove/glove.6B.50d.txt.gz	True	embedding	crf_tagger	3269.28	10	10	5745	10					0.2848928609884785	0.30244427694626896	s3://suching-dev/ner-2003/test.txt	0.020978497040500088	2331.438370316117	0.013304190820108334	0.04957507082152975	s3://suching-dev/ner-2003/train.txt	0	8.476937650658275	0.5	2	reduce_on_plateau	75	1	1.0922688436570518e-06	adam	25	+f1-measure-overall	0.8328119398293891	0.8572200313327211	3269.28	3318.0	24	0.0	10	10	5745	10					749.1228418523615	0.0	0.0	0	0.8325026284023208	0.8500253105408668	s3://suching-dev/ner-2003/dev.txt	0.0	880.2668947706036	0.0	0.0	full
98	48	74	0.9212063393170048	0.9327713095284452	0.5913360693113959	320.0863638485178	0.6454310173203265	0.5456075395489735	BIOUL	ner	elmo_characters	3	characters	True	single_id	conll2003	elmo frozen	74	True	64	basic	0.1376445628922353	True	0.4998713233755144	449	1209	2	lstm	False	BIOUL	[['scalar_parameters', {'alpha': '0.14123602990003545', 'type': 'l2'}]]	False	0.07339467245540178	https://s3-us-west-2.amazonaws.com/allennlp/models/elmo/2x4096_512_2048cnn_2xhighway/elmo_2x4096_512_2048cnn_2xhighway_options.json		elmo_token_embedder	https://s3-us-west-2.amazonaws.com/allennlp/models/elmo/2x4096_512_2048cnn_2xhighway/elmo_2x4096_512_2048cnn_2xhighway_weights.hdf5	23	relu	23	[1, 2, 3, 4, 5]	27	cnn	character_encoding	50	https://s3-us-west-2.amazonaws.com/allennlp/datasets/glove/glove.6B.50d.txt.gz	True	embedding	crf_tagger	3278.684	10	10	5755	10					0.9132550877570798	0.9283945299881556	s3://suching-dev/ner-2003/test.txt	0.5596382136799956	288.9198953134042	0.5980668546113572	0.5258498583569405	s3://suching-dev/ner-2003/train.txt	0	9.06579121030092	0.5	2	reduce_on_plateau	75	1	4.813611370727939e-06	adam	25	+f1-measure-overall	0.9101811699186232	0.9257493087648132	3278.684	9814.0	74	0.5246094208856549	10	10	5755	10					324.3506311590021	0.5855973985104375	0.4751266011319631	0	0.9212063393170048	0.9327713095284452	s3://suching-dev/ner-2003/dev.txt	0.5913360693113959	320.0863638485178	0.6454310173203265	0.5456075395489735	full
99	49	11	0.991394416105292	0.9925236556208872	0.9588764611890848	51.30502321205887	0.9583123213985544	0.9594412655671491	BIOUL	ner	elmo_characters	3	characters	True	single_id	conll2003	elmo frozen	35	True	64	basic	0.3870845398696937	True	0.26795124528964576	351	1158	3	lstm	False	BIOUL	[['scalar_parameters', {'alpha': '0.7309377362544504', 'type': 'l2'}]]	False	0.04204482233350354	https://s3-us-west-2.amazonaws.com/allennlp/models/elmo/2x4096_512_2048cnn_2xhighway/elmo_2x4096_512_2048cnn_2xhighway_options.json		elmo_token_embedder	https://s3-us-west-2.amazonaws.com/allennlp/models/elmo/2x4096_512_2048cnn_2xhighway/elmo_2x4096_512_2048cnn_2xhighway_weights.hdf5	36	relu	36	[1, 2, 3, 4]	21	cnn	character_encoding	50	https://s3-us-west-2.amazonaws.com/allennlp/datasets/glove/glove.6B.50d.txt.gz	True	embedding	crf_tagger	3266.484000000001	10	10	5761	10					0.9818455906105308	0.9839991385808121	s3://suching-dev/ner-2003/test.txt	0.92057889163426	103.90563966609814	0.9176636171710064	0.923512747875354	s3://suching-dev/ner-2003/train.txt	0	9.37861892134499	0.5	2	reduce_on_plateau	75	1	0.0005766579807660082	adam	25	+f1-measure-overall	0.9994941582646192	0.9995580023671428	3266.484000000001	4746.0	35	0.9971697912454548	10	10	5761	10					1.4890176928009498	0.9972759002298459	0.9970637048385038	0	0.9912191892839064	0.9923678984463222	s3://suching-dev/ner-2003/dev.txt	0.9576848658197532	54.9088981852812	0.9574432296047098	0.9579266240323124	full
