C	Unnamed: 0	Unnamed: 0.1	Unnamed: 0.1.1	Unnamed: 0.1.1.1	Unnamed: 0.1.1.1.1	accuracy	best_epoch	best_validation_accuracy	best_validation_loss	dataset_reader.lazy	dataset_reader.sample	dataset_reader.token_indexers.tokens.lowercase_tokens	dataset_reader.token_indexers.tokens.type	dataset_reader.tokenizer.word_splitter	dataset_reader.type	embedding	epoch	evaluate_on_test	iterator.batch_size	iterator.type	model.dropout	model.encoder.architecture.embedding_dim	model.encoder.architecture.ngram_filter_sizes	model.encoder.architecture.num_filters	model.encoder.architecture.output_dim	model.encoder.architecture.type	model.encoder.type	model.input_embedder.token_embedders.tokens.embedding_dim	model.input_embedder.token_embedders.tokens.pretrained_file	model.input_embedder.token_embedders.tokens.trainable	model.type	ngram_range	peak_cpu_memory_MB	peak_gpu_0_memory_MB	peak_gpu_1_memory_MB	peak_gpu_2_memory_MB	peak_gpu_3_memory_MB	penalty	random_state	solver	stopwords	test_data_path	tol	train_data_path	trainer.cuda_device	trainer.learning_rate_scheduler.factor	trainer.learning_rate_scheduler.patience	trainer.learning_rate_scheduler.type	trainer.num_epochs	trainer.num_serialized_models_to_keep	trainer.optimizer.lr	trainer.optimizer.type	trainer.patience	trainer.validation_metric	training_accuracy	training_cpu_memory_MB	training_duration	training_epochs	training_gpu_0_memory_MB	training_gpu_1_memory_MB	training_gpu_2_memory_MB	training_gpu_3_memory_MB	training_loss	training_start_epoch	validation_accuracy	validation_data_path	validation_dataset_reader.lazy	validation_dataset_reader.sample	validation_dataset_reader.token_indexers.tokens.lowercase_tokens	validation_dataset_reader.token_indexers.tokens.type	validation_dataset_reader.tokenizer.word_splitter	validation_dataset_reader.type	validation_loss	weight
0.6417807899099632						0.3060853769300636		0.3060853769300636			8544															LR						[1, 3]						l1	39922.0	liblinear	english		0.0008665944633562401														1.4413487911224363																	tf-idf
0.27970889738965504						0.3696639418710264		0.3696639418710264			8544															LR						[1, 2]						l2	65720.0	liblinear			0.00013583210646682858														1.0243198871612549																	tf-idf
0.9798153539960432						0.3678474114441417		0.3678474114441417			8544															LR						[1, 2]						l2	8541.0	liblinear	english		0.004373211627419079														0.6759419441223145																	tf-idf
0.9331236013316182						0.3079019073569482		0.3079019073569482			8544															LR						[2, 3]						l2	12824.0	liblinear	english		0.006214555818340872														0.9028120040893556																	tf
0.7850112693434119						0.3841961852861036		0.3841961852861036			8544															LR						[1, 2]						l2	95392.0	liblinear			0.001558784686339099														1.00583815574646																	tf-idf
0.6816581283068057						0.39509536784741145		0.39509536784741145			8544															LR						[1, 3]						l2	66660.0	liblinear			0.002073017496471235														2.6708641052246094																	tf
0.5412273314473005						0.2688465031789282		0.2688465031789282			8544															LR						[2, 3]						l1	71102.0	liblinear			0.0032831286810167783														1.9469389915466309																	tf-idf
0.1035257269854728						0.25340599455040874		0.25340599455040874			8544															LR						[2, 3]						l1	17813.0	liblinear	english		0.00012628577094772522														0.9400019645690918																	tf-idf
0.5390581767866033						0.3751135331516803		0.3751135331516803			8544															LR						[1, 3]						l1	41612.0	liblinear			0.0013001912395836856														3.006686925888061																	tf
0.6444667686173938						0.34150772025431425		0.34150772025431425			8544															LR						[1, 3]						l1	48737.0	liblinear			0.0008491263100308257														3.027021169662476																	tf-idf
0.0003642704246108464						0.28065395095367845		0.28065395095367845			8544															LR						[1, 2]						l2	16091.0	liblinear	english		0.003984023679819914														0.6223340034484863																	tf
0.8790083054598502						0.26975476839237056		0.26975476839237056			8544															LR						[2, 3]						l1	93530.0	liblinear	english		0.0010052568845740188														1.210521936416626																	tf
0.2516451077617265						0.36603088101725706		0.36603088101725706			8544															LR						[1, 3]						l2	83328.0	liblinear	english		0.001488011700564649														1.1983649730682373																	tf
0.06626836559791628						0.3369663941871026		0.3369663941871026			8544															LR						[1, 2]						l1	41087.0	liblinear			0.0023100789978338808														1.1537039279937744																	tf
0.322654561107233						0.3887375113533152		0.3887375113533152			8544															LR						[1, 2]						l1	3700.0	liblinear			0.006193543843198822														1.111332893371582																	binary
0.4945290970366925						0.37693006357856496		0.37693006357856496			8544															LR						[1, 2]						l2	31825.0	liblinear	english		0.0004125938635886878														0.7448070049285889																	binary
0.9951880352908916						0.3178928247048138		0.3178928247048138			8544															LR						[2, 3]						l1	9616.0	liblinear			0.0001335452332003193														2.9325802326202397																	binary
0.5305650574293506						0.3060853769300636		0.3060853769300636			8544															LR						[1, 2]						l1	84.0	liblinear	english		0.008001543009954912														0.7100348472595215																	tf-idf
0.5925825066220166						0.34150772025431425		0.34150772025431425			8544															LR						[1, 2]						l1	50392.0	liblinear	english		0.003328624823261343														0.7865946292877197																	binary
0.3745055706097328						0.3542234332425068		0.3542234332425068			8544															LR						[2, 3]						l2	16640.0	liblinear			0.00019470149383005815														1.8106701374053955																	binary
0.02799350157651093						0.2724795640326976		0.2724795640326976			8544															LR						[1, 2]						l1	79515.0	liblinear	english		0.0025780370302606725														0.6666669845581055																	tf
0.5558220780873809						0.3723887375113533		0.3723887375113533			8544															LR						[1, 2]						l1	46505.0	liblinear			0.00014579570675592223														1.5556108951568604																	tf
0.8230566784352332						0.3206176203451408		0.3206176203451408			8544															LR						[2, 3]						l1	40421.0	liblinear			0.0005022361933045159														2.6383490562438965																	binary
0.13522234076396222						0.3524069028156221		0.3524069028156221			8544															LR						[2, 3]						l2	41675.0	liblinear			0.0008675484797047														1.6278250217437744																	binary
0.14871913938950054						0.3169845594913715		0.3169845594913715			8544															LR						[1, 3]						l1	31447.0	liblinear	english		0.0007220845155536159														1.423259973526001																	tf
0.12900042053112315						0.3978201634877384		0.3978201634877384			8544															LR						[1, 2]						l2	47582.0	liblinear			0.00013569088333252596														1.5573241710662842																	binary
0.8612032664418904						0.2851952770208901		0.2851952770208901			8544															LR						[2, 3]						l2	54939.0	liblinear	english		0.0017896631655635725														1.0764310359954834																	tf-idf
0.9871155445110854						0.3469573115349682		0.3469573115349682			8544															LR						[2, 3]						l2	52269.0	liblinear			0.0014771653064456715														1.7859828472137451																	tf-idf
0.6219662236263129						0.3533151680290645		0.3533151680290645			8544															LR						[2, 3]						l2	28241.0	liblinear			0.0005312487163932518														1.8864731788635252																	binary
0.5953791090927352						0.3642143505903724		0.3642143505903724			8544															LR						[1, 2]						l2	97828.0	liblinear	english		0.0075485014045383126														0.7528178691864014																	tf-idf
0.7548684811100702						0.3505903723887375		0.3505903723887375			8544															LR						[2, 3]						l2	56043.0	liblinear			0.0007644934935339818														1.9461050033569336																	binary
0.30512695753695074						0.3106267029972752		0.3106267029972752			8544															LR						[1, 3]						l1	52444.0	liblinear			0.0005555833914342609														2.880321979522705																	tf-idf
0.764655875527256						0.3696639418710264		0.3696639418710264			8544															LR						[1, 2]						l1	78343.0	liblinear			0.00022327329708934432														1.3828392028808594																	tf
0.826803289596448						0.3696639418710264		0.3696639418710264			8544															LR						[1, 3]						l2	68086.0	liblinear	english		0.0008391214649163283														1.26344895362854																	tf
0.197912493263362						0.36693914623069934		0.36693914623069934			8544															LR						[1, 2]						l2	36590.0	liblinear			0.006302274643408815														0.94006609916687																	tf-idf
0.20741294343674374						0.368755676657584		0.368755676657584			8544															LR						[1, 2]						l2	20648.0	liblinear	english		0.00031973558492370537														0.7112808227539062																	binary
0.6999293870534135						0.3142597638510445		0.3142597638510445			8544															LR						[2, 3]						l1	23368.0	liblinear			0.002054234182780054														2.245748996734619																	binary
0.8620547618628337						0.39146230699364215		0.39146230699364215			8544															LR						[1, 3]						l2	13355.0	liblinear			0.0002314633036898916														3.0545809268951416																	tf
0.8207406429496983						0.3642143505903724		0.3642143505903724			8544															LR						[1, 2]						l1	9540.0	liblinear			0.00030403621721690564														1.357828140258789																	tf-idf
0.26925653369318203						0.2833787465940055		0.2833787465940055			8544															LR						[2, 3]						l2	265.0	liblinear	english		0.0034819767944626943														0.9110612869262696																	tf
0.16416291189312582						0.3496821071752952		0.3496821071752952			8544															LR						[1, 3]						l2	30369.0	liblinear			0.0001963053862985314														1.969486713409424																	tf-idf
0.15504277677249326						0.2870118074477748		0.2870118074477748			8544															LR						[2, 3]						l1	53814.0	liblinear			0.00023206313126003864														2.3992788791656494																	tf
0.8478227641135163						0.3732970027247957		0.3732970027247957			8544															LR						[1, 3]						l2	25379.0	liblinear	english		0.001084946355704797														1.2751059532165527																	binary
0.4536994572645941						0.37148047229791104		0.37148047229791104			8544															LR						[1, 3]						l2	63476.0	liblinear	english		0.003357178603054204														1.203864812850952																	binary
0.376679747154932						0.2561307901907357		0.2561307901907357			8544															LR						[2, 3]						l1	57773.0	liblinear			0.004000113435817775														1.9020137786865237																	tf-idf
0.647023137858249						0.37148047229791104		0.37148047229791104			8544															LR						[1, 3]						l2	77629.0	liblinear	english		0.0012797681789230126														1.3070101737976074																	binary
0.03225452073961943						0.2761126248864669		0.2761126248864669			8544															LR						[2, 3]						l2	86571.0	liblinear	english		0.00020805897355329362														0.8992397785186768																	binary
0.6005738614197494						0.35967302452316074		0.35967302452316074			8544															LR						[1, 3]						l2	84530.0	liblinear	english		0.0012130523167159235														1.1096699237823486																	tf-idf
0.3375625568092464						0.3932788374205268		0.3932788374205268			8544															LR						[1, 2]						l2	97473.0	liblinear			0.0001687949913725103														1.5204710960388184																	tf
0.8986712863164202						0.3206176203451408		0.3206176203451408			8544															LR						[2, 3]						l1	19077.0	liblinear			0.0019466049422160266														2.5155961513519287																	tf
	0.0	0.0	0.0	0.0	0.0		1.0	0.4014532243415077	1.3407928612497118	False	8544	True	single_id	just_spaces	semisupervised_text_classification_json	glove	10.0	False	64.0	basic	0.4	50.0	[1, 2, 3]	139.0	400.0	CNN	seq2vec	50.0	https://s3-us-west-2.amazonaws.com/allennlp/datasets/glove/glove.6B.50d.txt.gz	True	classifier		2503.116	0.0	0.0	679.0	657.0							s3://suching-dev/final-datasets/sst/train_pretokenized.jsonl	0.0	0.5	2.0	reduce_on_plateau	50.0	1.0	0.0013080962177321265	adam	10.0	+accuracy	0.9934456928838952	2503.116	31.000000000000004	10.0	0.0	0.0	675.0	657.0	0.05030585831003403	0.0	0.3832879200726612	s3://suching-dev/final-datasets/sst/dev_pretokenized.jsonl	False		True	single_id	just_spaces	semisupervised_text_classification_json	3.1509756777021622	
	1.0	1.0	1.0	1.0	1.0		8.0	0.259763851044505	1426.9722756279841	False	8544	True	single_id	just_spaces	semisupervised_text_classification_json	glove	17.0	False	64.0	basic	0.4	50.0	[1, 2, 3]	270.0	360.0	CNN	seq2vec	50.0	https://s3-us-west-2.amazonaws.com/allennlp/datasets/glove/glove.6B.50d.txt.gz	True	classifier		2489.092	0.0	0.0	803.0	675.0							s3://suching-dev/final-datasets/sst/train_pretokenized.jsonl	0.0	0.5	2.0	reduce_on_plateau	50.0	1.0	0.09412739394885243	adam	10.0	+accuracy	0.29307116104868913	2489.0879999999997	49.0	17.0	0.0	0.0	685.0	675.0	4.705487592896419	0.0	0.2561307901907357	s3://suching-dev/final-datasets/sst/dev_pretokenized.jsonl	False		True	single_id	just_spaces	semisupervised_text_classification_json	1826.1658757527664	
	2.0	2.0	2.0	2.0	2.0		2.0	0.23524069028156225	2908.286332872179	False	8544	True	single_id	just_spaces	semisupervised_text_classification_json	glove	11.0	False	64.0	basic	0.2	50.0	[1, 2, 3, 4, 5]	258.0	463.0	CNN	seq2vec	50.0	https://s3-us-west-2.amazonaws.com/allennlp/datasets/glove/glove.6B.50d.txt.gz	True	classifier		2523.1839999999997	0.0	0.0	679.0	655.0							s3://suching-dev/final-datasets/sst/train_pretokenized.jsonl	0.0	0.5	2.0	reduce_on_plateau	50.0	1.0	0.07865456606735988	adam	10.0	+accuracy	0.2810159176029963	2523.1839999999997	33.0	11.0	0.0	0.0	679.0	593.0	10.604606615073646	0.0	0.2161671207992734	s3://suching-dev/final-datasets/sst/dev_pretokenized.jsonl	False		True	single_id	just_spaces	semisupervised_text_classification_json	6696.493391248915	
	3.0	3.0	3.0	3.0	3.0		7.0	0.2724795640326976	221.6512307061089	False	8544	True	single_id	just_spaces	semisupervised_text_classification_json	glove	16.0	False	64.0	basic	0.3	50.0	[1, 2, 3, 4, 5]	266.0	338.0	CNN	seq2vec	50.0	https://s3-us-west-2.amazonaws.com/allennlp/datasets/glove/glove.6B.50d.txt.gz	True	classifier		2492.724	0.0	0.0	695.0	687.0							s3://suching-dev/final-datasets/sst/train_pretokenized.jsonl	0.0	0.5	2.0	reduce_on_plateau	50.0	1.0	0.058282520582240274	adam	10.0	+accuracy	0.3205758426966292	2492.708	53.0	16.0	0.0	0.0	695.0	687.0	1.6704369747816628	0.0	0.21707538601271573	s3://suching-dev/final-datasets/sst/dev_pretokenized.jsonl	False		True	single_id	just_spaces	semisupervised_text_classification_json	250.59203847249358	
	4.0	4.0	4.0	4.0	4.0		3.0	0.40508628519527706	1.438410222530365	False	8544	True	single_id	just_spaces	semisupervised_text_classification_json	glove	12.0	False	64.0	basic	0.4	50.0	[1, 2, 3, 4]	332.0	137.0	CNN	seq2vec	50.0	https://s3-us-west-2.amazonaws.com/allennlp/datasets/glove/glove.6B.50d.txt.gz	True	classifier		2491.22	0.0	0.0	3358.0	687.0							s3://suching-dev/final-datasets/sst/train_pretokenized.jsonl	0.0	0.5	2.0	reduce_on_plateau	50.0	1.0	0.0008231545260669222	adam	10.0	+accuracy	0.9932116104868914	2491.216	39.0	12.0	0.0	0.0	2673.0	687.0	0.07558044463173667	0.0	0.39146230699364215	s3://suching-dev/final-datasets/sst/dev_pretokenized.jsonl	False		True	single_id	just_spaces	semisupervised_text_classification_json	2.2178854478730097	
	5.0	5.0	5.0	5.0	5.0		9.0	0.26430517711171664	27.130379332436448	False	8544	True	single_id	just_spaces	semisupervised_text_classification_json	glove	18.0	False	64.0	basic	0.3	50.0	[1, 2, 3]	208.0	304.0	CNN	seq2vec	50.0	https://s3-us-west-2.amazonaws.com/allennlp/datasets/glove/glove.6B.50d.txt.gz	True	classifier		2499.624	0.0	0.0	685.0	675.0							s3://suching-dev/final-datasets/sst/train_pretokenized.jsonl	0.0	0.5	2.0	reduce_on_plateau	50.0	1.0	0.038007465218103824	adam	10.0	+accuracy	0.32607677902621723	2499.564	52.0	18.0	0.0	0.0	685.0	593.0	1.4465437922904745	0.0	0.2515894641235241	s3://suching-dev/final-datasets/sst/dev_pretokenized.jsonl	False		True	single_id	just_spaces	semisupervised_text_classification_json	26.793516212039524	
	6.0	6.0	6.0	6.0	6.0		10.0	0.2670299727520436	513.9579317702187	False	8544	True	single_id	just_spaces	semisupervised_text_classification_json	glove	19.0	False	64.0	basic	0.3	50.0	[1, 2, 3]	121.0	184.0	CNN	seq2vec	50.0	https://s3-us-west-2.amazonaws.com/allennlp/datasets/glove/glove.6B.50d.txt.gz	True	classifier		2492.032	0.0	0.0	3392.0	653.0							s3://suching-dev/final-datasets/sst/train_pretokenized.jsonl	0.0	0.5	2.0	reduce_on_plateau	50.0	1.0	0.05778816766882735	adam	10.0	+accuracy	0.2970505617977528	2492.032	56.0	19.0	0.0	0.0	3392.0	653.0	1.6077752353540111	0.0	0.2561307901907357	s3://suching-dev/final-datasets/sst/dev_pretokenized.jsonl	False		True	single_id	just_spaces	semisupervised_text_classification_json	513.972552465068	
	7.0	7.0	7.0	7.0	7.0		21.0	0.2652134423251589	371.0629348754883	False	8544	True	single_id	just_spaces	semisupervised_text_classification_json	glove	30.0	False	64.0	basic	0.4	50.0	[1, 2, 3, 4]	329.0	507.0	CNN	seq2vec	50.0	https://s3-us-west-2.amazonaws.com/allennlp/datasets/glove/glove.6B.50d.txt.gz	True	classifier		2501.256	0.0	0.0	833.0	769.0							s3://suching-dev/final-datasets/sst/train_pretokenized.jsonl	0.0	0.5	2.0	reduce_on_plateau	50.0	1.0	0.06519089461015855	adam	10.0	+accuracy	0.3298220973782772	2501.252	87.0	30.0	0.0	0.0	833.0	769.0	1.4893154395160393	0.0	0.2461398728428701	s3://suching-dev/final-datasets/sst/dev_pretokenized.jsonl	False		True	single_id	just_spaces	semisupervised_text_classification_json	371.49103800455737	
	8.0	8.0	8.0	8.0	8.0		8.0	0.2633969118982743	114.00768791304694	False	8544	True	single_id	just_spaces	semisupervised_text_classification_json	glove	17.0	False	64.0	basic	0.0	50.0	[1, 2, 3]	118.0	217.0	CNN	seq2vec	50.0	https://s3-us-west-2.amazonaws.com/allennlp/datasets/glove/glove.6B.50d.txt.gz	True	classifier		2491.88	0.0	0.0	745.0	645.0							s3://suching-dev/final-datasets/sst/train_pretokenized.jsonl	0.0	0.5	2.0	reduce_on_plateau	50.0	1.0	0.08862033493237875	adam	10.0	+accuracy	0.29096441947565543	2491.876	50.0	17.0	0.0	0.0	745.0	645.0	1.5189298026597322	0.0	0.2615803814713896	s3://suching-dev/final-datasets/sst/dev_pretokenized.jsonl	False		True	single_id	just_spaces	semisupervised_text_classification_json	101.68252854214774	
	9.0	9.0	9.0	9.0	9.0		6.0	0.2706630336058129	1404.5254039631948	False	8544	True	single_id	just_spaces	semisupervised_text_classification_json	glove	15.0	False	64.0	basic	0.1	50.0	[1, 2, 3, 4]	123.0	378.0	CNN	seq2vec	50.0	https://s3-us-west-2.amazonaws.com/allennlp/datasets/glove/glove.6B.50d.txt.gz	True	classifier		2491.8920000000007	0.0	0.0	647.0	681.0							s3://suching-dev/final-datasets/sst/train_pretokenized.jsonl	0.0	0.5	2.0	reduce_on_plateau	50.0	1.0	0.08448000841432815	adam	10.0	+accuracy	0.2725889513108614	2491.8920000000007	45.0	15.0	0.0	0.0	647.0	10.0	1.7871329455233331	0.0	0.262488646684832	s3://suching-dev/final-datasets/sst/dev_pretokenized.jsonl	False		True	single_id	just_spaces	semisupervised_text_classification_json	2319.0090561707816	
	10.0	10.0	10.0	10.0	10.0		0.0	0.2661217075386013	1.933725357055664	False	8544	True	single_id	just_spaces	semisupervised_text_classification_json	glove	9.0	False	64.0	basic	0.3	50.0	[1, 2, 3]	108.0	151.0	CNN	seq2vec	50.0	https://s3-us-west-2.amazonaws.com/allennlp/datasets/glove/glove.6B.50d.txt.gz	True	classifier		2492.244	0.0	0.0	635.0	815.0							s3://suching-dev/final-datasets/sst/train_pretokenized.jsonl	0.0	0.5	2.0	reduce_on_plateau	50.0	1.0	0.041783901812255324	adam	10.0	+accuracy	0.2730571161048689	2492.244	28.0	9.0	0.0	0.0	635.0	681.0	5.317672398552966	0.0	0.2515894641235241	s3://suching-dev/final-datasets/sst/dev_pretokenized.jsonl	False		True	single_id	just_spaces	semisupervised_text_classification_json	33.118637171056534	
	11.0	11.0	11.0	11.0	11.0		6.0	0.2652134423251589	116.5691721174452	False	8544	True	single_id	just_spaces	semisupervised_text_classification_json	glove	15.0	False	64.0	basic	0.3	50.0	[1, 2, 3, 4, 5]	352.0	169.0	CNN	seq2vec	50.0	https://s3-us-west-2.amazonaws.com/allennlp/datasets/glove/glove.6B.50d.txt.gz	True	classifier		2490.944	0.0	0.0	3360.0	633.0							s3://suching-dev/final-datasets/sst/train_pretokenized.jsonl	0.0	0.5	2.0	reduce_on_plateau	50.0	1.0	0.04777609610945987	adam	10.0	+accuracy	0.3517088014981273	2490.94	49.0	15.0	0.0	0.0	3360.0	633.0	1.4696674062244928	0.0	0.2443233424159855	s3://suching-dev/final-datasets/sst/dev_pretokenized.jsonl	False		True	single_id	just_spaces	semisupervised_text_classification_json	138.0267859564887	
	12.0	12.0	12.0	12.0	12.0		5.0	0.2524977293369664	1002.6903855005901	False	8544	True	single_id	just_spaces	semisupervised_text_classification_json	glove	14.0	False	64.0	basic	0.1	50.0	[1, 2, 3]	120.0	284.0	CNN	seq2vec	50.0	https://s3-us-west-2.amazonaws.com/allennlp/datasets/glove/glove.6B.50d.txt.gz	True	classifier		2509.656	0.0	0.0	645.0	733.0							s3://suching-dev/final-datasets/sst/train_pretokenized.jsonl	0.0	0.5	2.0	reduce_on_plateau	50.0	1.0	0.0957171381068714	adam	10.0	+accuracy	0.269311797752809	2509.652	41.0	14.0	0.0	0.0	645.0	643.0	1.5703413619923947	0.0	0.2025431425976385	s3://suching-dev/final-datasets/sst/dev_pretokenized.jsonl	False		True	single_id	just_spaces	semisupervised_text_classification_json	1628.3274552822113	
	13.0	13.0	13.0	13.0	13.0		1.0	0.3878292461398729	1.4714311692449782	False	8544	True	single_id	just_spaces	semisupervised_text_classification_json	glove	10.0	False	64.0	basic	0.4	50.0	[1, 2, 3, 4]	196.0	461.0	CNN	seq2vec	50.0	https://s3-us-west-2.amazonaws.com/allennlp/datasets/glove/glove.6B.50d.txt.gz	True	classifier		2499.344	0.0	0.0	6756.0	669.0							s3://suching-dev/final-datasets/sst/train_pretokenized.jsonl	0.0	0.5	2.0	reduce_on_plateau	50.0	1.0	0.011091686520221827	adam	10.0	+accuracy	0.9545880149812734	2499.3360000000002	32.0	10.0	0.0	0.0	3442.0	669.0	0.1319590104160024	0.0	0.3551316984559492	s3://suching-dev/final-datasets/sst/dev_pretokenized.jsonl	False		True	single_id	just_spaces	semisupervised_text_classification_json	6.461407370037503	
	14.0	14.0	14.0	14.0	14.0		10.0	0.2688465031789282	2335.3211449517144	False	8544	True	single_id	just_spaces	semisupervised_text_classification_json	glove	19.0	False	64.0	basic	0.0	50.0	[1, 2, 3, 4, 5]	404.0	473.0	CNN	seq2vec	50.0	https://s3-us-west-2.amazonaws.com/allennlp/datasets/glove/glove.6B.50d.txt.gz	True	classifier		2493.208	0.0	0.0	703.0	725.0							s3://suching-dev/final-datasets/sst/train_pretokenized.jsonl	0.0	0.5	2.0	reduce_on_plateau	50.0	1.0	0.09190161052195504	adam	10.0	+accuracy	0.367626404494382	2493.208	59.00000000000001	19.0	0.0	0.0	10.0	725.0	2.8226629086394808	0.0	0.25703905540417804	s3://suching-dev/final-datasets/sst/dev_pretokenized.jsonl	False		True	single_id	just_spaces	semisupervised_text_classification_json	4682.67068142361	
	15.0	15.0	15.0	15.0	15.0		1.0	0.2652134423251589	2.3334075080023866	False	8544	True	single_id	just_spaces	semisupervised_text_classification_json	glove	10.0	False	64.0	basic	0.2	50.0	[1, 2, 3, 4, 5]	64.0	111.0	CNN	seq2vec	50.0	https://s3-us-west-2.amazonaws.com/allennlp/datasets/glove/glove.6B.50d.txt.gz	True	classifier		2491.6639999999998	0.0	0.0	631.0	815.0							s3://suching-dev/final-datasets/sst/train_pretokenized.jsonl	0.0	0.5	2.0	reduce_on_plateau	50.0	1.0	0.032451139805437144	adam	10.0	+accuracy	0.31051029962546817	2491.656	31.000000000000004	10.0	0.0	0.0	631.0	815.0	1.4534355944661952	0.0	0.2633969118982743	s3://suching-dev/final-datasets/sst/dev_pretokenized.jsonl	False		True	single_id	just_spaces	semisupervised_text_classification_json	8.470561431513893	
	16.0	16.0	16.0	16.0	16.0		0.0	0.3832879200726612	1.372774150636461	False	8544	True	single_id	just_spaces	semisupervised_text_classification_json	glove	9.0	False	64.0	basic	0.1	50.0	[1, 2, 3, 4, 5]	279.0	210.0	CNN	seq2vec	50.0	https://s3-us-west-2.amazonaws.com/allennlp/datasets/glove/glove.6B.50d.txt.gz	True	classifier		2491.0679999999998	0.0	0.0	675.0	657.0							s3://suching-dev/final-datasets/sst/train_pretokenized.jsonl	0.0	0.5	2.0	reduce_on_plateau	50.0	1.0	0.008321515354756757	adam	10.0	+accuracy	0.8911516853932584	2491.0679999999998	29.000000000000004	9.0	0.0	0.0	675.0	465.0	0.6892579265161237	0.0	0.3505903723887375	s3://suching-dev/final-datasets/sst/dev_pretokenized.jsonl	False		True	single_id	just_spaces	semisupervised_text_classification_json	15.12086862987942	
	17.0	17.0	17.0	17.0	17.0		0.0	0.2652134423251589	3.110701474878523	False	8544	True	single_id	just_spaces	semisupervised_text_classification_json	glove	9.0	False	64.0	basic	0.4	50.0	[1, 2, 3, 4]	324.0	186.0	CNN	seq2vec	50.0	https://s3-us-west-2.amazonaws.com/allennlp/datasets/glove/glove.6B.50d.txt.gz	True	classifier		2490.476	0.0	0.0	3358.0	687.0							s3://suching-dev/final-datasets/sst/train_pretokenized.jsonl	0.0	0.5	2.0	reduce_on_plateau	50.0	1.0	0.04005504529555527	adam	10.0	+accuracy	0.3192883895131086	2490.476	30.000000000000004	9.0	0.0	0.0	3358.0	687.0	7.6528566310654815	0.0	0.2652134423251589	s3://suching-dev/final-datasets/sst/dev_pretokenized.jsonl	False		True	single_id	just_spaces	semisupervised_text_classification_json	429.5579199261135	
	18.0	18.0	18.0	18.0	18.0		8.0	0.2652134423251589	966.5956153869628	False	8544	True	single_id	just_spaces	semisupervised_text_classification_json	glove	17.0	False	64.0	basic	0.0	50.0	[1, 2, 3, 4, 5]	380.0	240.0	CNN	seq2vec	50.0	https://s3-us-west-2.amazonaws.com/allennlp/datasets/glove/glove.6B.50d.txt.gz	True	classifier		2491.808	0.0	0.0	703.0	723.0							s3://suching-dev/final-datasets/sst/train_pretokenized.jsonl	0.0	0.5	2.0	reduce_on_plateau	50.0	1.0	0.056194683162863	adam	10.0	+accuracy	0.3395365168539326	2491.808	53.0	17.0	0.0	0.0	703.0	643.0	1.4444282268410298	0.0	0.2606721162579473	s3://suching-dev/final-datasets/sst/dev_pretokenized.jsonl	False		True	single_id	just_spaces	semisupervised_text_classification_json	1043.5982835557725	
	19.0	19.0	19.0	19.0	19.0		5.0	0.3378746594005449	2.349917862150404	False	8544	True	single_id	just_spaces	semisupervised_text_classification_json	glove	14.0	False	64.0	basic	0.0	50.0	[1, 2, 3, 4, 5]	75.0	428.0	CNN	seq2vec	50.0	https://s3-us-west-2.amazonaws.com/allennlp/datasets/glove/glove.6B.50d.txt.gz	True	classifier		2490.032	0.0	0.0	6756.0	631.0							s3://suching-dev/final-datasets/sst/train_pretokenized.jsonl	0.0	0.5	2.0	reduce_on_plateau	50.0	1.0	0.021124242636546643	adam	10.0	+accuracy	0.7999765917602997	2490.028	43.0	14.0	0.0	0.0	765.0	631.0	0.4545977097838672	0.0	0.3079019073569482	s3://suching-dev/final-datasets/sst/dev_pretokenized.jsonl	False		True	single_id	just_spaces	semisupervised_text_classification_json	5.363683250215318	
	20.0	20.0	20.0	20.0	20.0		14.0	0.2606721162579473	1102.5041695700752	False	8544	True	single_id	just_spaces	semisupervised_text_classification_json	glove	23.0	False	64.0	basic	0.2	50.0	[1, 2, 3]	468.0	331.0	CNN	seq2vec	50.0	https://s3-us-west-2.amazonaws.com/allennlp/datasets/glove/glove.6B.50d.txt.gz	True	classifier		2491.996	0.0	0.0	647.0	681.0							s3://suching-dev/final-datasets/sst/train_pretokenized.jsonl	0.0	0.5	2.0	reduce_on_plateau	50.0	1.0	0.056510101647218175	adam	10.0	+accuracy	0.3240870786516854	2491.996	67.0	23.0	0.0	0.0	647.0	681.0	1.480769862879568	0.0	0.25885558583106266	s3://suching-dev/final-datasets/sst/dev_pretokenized.jsonl	False		True	single_id	just_spaces	semisupervised_text_classification_json	1212.1299217012192	
	21.0	21.0	21.0	21.0	21.0		0.0	0.3133514986376022	1.7432415286699932	False	8544	True	single_id	just_spaces	semisupervised_text_classification_json	glove	9.0	False	64.0	basic	0.3	50.0	[1, 2, 3]	154.0	333.0	CNN	seq2vec	50.0	https://s3-us-west-2.amazonaws.com/allennlp/datasets/glove/glove.6B.50d.txt.gz	True	classifier		2492.756	0.0	0.0	729.0	653.0							s3://suching-dev/final-datasets/sst/train_pretokenized.jsonl	0.0	0.5	2.0	reduce_on_plateau	50.0	1.0	0.02322931395049864	adam	10.0	+accuracy	0.397120786516854	2492.756	28.0	9.0	0.0	0.0	729.0	653.0	1.4428351503699572	0.0	0.2770208900999092	s3://suching-dev/final-datasets/sst/dev_pretokenized.jsonl	False		True	single_id	just_spaces	semisupervised_text_classification_json	63.92158963945178	
	22.0	22.0	22.0	22.0	22.0		15.0	0.26430517711171664	33.23395276069641	False	8544	True	single_id	just_spaces	semisupervised_text_classification_json	glove	24.0	False	64.0	basic	0.3	50.0	[1, 2, 3, 4]	71.0	258.0	CNN	seq2vec	50.0	https://s3-us-west-2.amazonaws.com/allennlp/datasets/glove/glove.6B.50d.txt.gz	True	classifier		2511.192	0.0	0.0	629.0	769.0							s3://suching-dev/final-datasets/sst/train_pretokenized.jsonl	0.0	0.5	2.0	reduce_on_plateau	50.0	1.0	0.0382004218734078	adam	10.0	+accuracy	0.280313670411985	2511.192	71.0	24.0	0.0	0.0	629.0	769.0	1.5403686130224767	0.0	0.2561307901907357	s3://suching-dev/final-datasets/sst/dev_pretokenized.jsonl	False		True	single_id	just_spaces	semisupervised_text_classification_json	32.09698102871577	
	23.0	23.0	23.0	23.0	23.0		0.0	0.2761126248864669	58.99229282803006	False	8544	True	single_id	just_spaces	semisupervised_text_classification_json	glove	9.0	False	64.0	basic	0.0	50.0	[1, 2, 3, 4, 5]	293.0	384.0	CNN	seq2vec	50.0	https://s3-us-west-2.amazonaws.com/allennlp/datasets/glove/glove.6B.50d.txt.gz	True	classifier		2492.1839999999997	0.0	0.0	709.0	793.0							s3://suching-dev/final-datasets/sst/train_pretokenized.jsonl	0.0	0.5	2.0	reduce_on_plateau	50.0	1.0	0.09611238963900803	adam	10.0	+accuracy	0.2652153558052435	2492.1839999999997	31.000000000000004	9.0	0.0	0.0	709.0	793.0	1581.3275777439576	0.0	0.2488646684831971	s3://suching-dev/final-datasets/sst/dev_pretokenized.jsonl	False		True	single_id	just_spaces	semisupervised_text_classification_json	17662.404098510742	
	24.0	24.0	24.0	24.0	24.0		0.0	0.3605812897366031	1.495627310540941	False	8544	True	single_id	just_spaces	semisupervised_text_classification_json	glove	9.0	False	64.0	basic	0.3	50.0	[1, 2, 3, 4, 5]	180.0	276.0	CNN	seq2vec	50.0	https://s3-us-west-2.amazonaws.com/allennlp/datasets/glove/glove.6B.50d.txt.gz	True	classifier		2508.2	0.0	0.0	3342.0	677.0							s3://suching-dev/final-datasets/sst/train_pretokenized.jsonl	0.0	0.5	2.0	reduce_on_plateau	50.0	1.0	0.014666196694402224	adam	10.0	+accuracy	0.6757958801498127	2508.2	30.000000000000004	9.0	0.0	0.0	3342.0	677.0	2.483711275591779	0.0	0.2979109900090827	s3://suching-dev/final-datasets/sst/dev_pretokenized.jsonl	False		True	single_id	just_spaces	semisupervised_text_classification_json	42.39001231723361	
	25.0	25.0	25.0	25.0	25.0		1.0	0.3860127157129882	1.4389875067604914	False	8544	True	single_id	just_spaces	semisupervised_text_classification_json	glove	10.0	False	64.0	basic	0.4	50.0	[1, 2, 3, 4]	446.0	436.0	CNN	seq2vec	50.0	https://s3-us-west-2.amazonaws.com/allennlp/datasets/glove/glove.6B.50d.txt.gz	True	classifier		2493.604	0.0	0.0	6756.0	669.0							s3://suching-dev/final-datasets/sst/train_pretokenized.jsonl	0.0	0.5	2.0	reduce_on_plateau	50.0	1.0	0.007946446697395863	adam	10.0	+accuracy	0.9728464419475656	2493.6	32.0	10.0	0.0	0.0	6756.0	10.0	0.0810814379200117	0.0	0.3460490463215259	s3://suching-dev/final-datasets/sst/dev_pretokenized.jsonl	False		True	single_id	just_spaces	semisupervised_text_classification_json	10.303426875008476	
	26.0	26.0	26.0	26.0	26.0		2.0	0.3524069028156221	1.7023879422081842	False	8544	True	single_id	just_spaces	semisupervised_text_classification_json	glove	11.0	False	64.0	basic	0.2	50.0	[1, 2, 3, 4]	182.0	417.0	CNN	seq2vec	50.0	https://s3-us-west-2.amazonaws.com/allennlp/datasets/glove/glove.6B.50d.txt.gz	True	classifier		2489.496	0.0	0.0	7178.0	691.0							s3://suching-dev/final-datasets/sst/train_pretokenized.jsonl	0.0	0.5	2.0	reduce_on_plateau	50.0	1.0	0.015976979502486627	adam	10.0	+accuracy	0.8912687265917603	2489.496	36.0	11.0	0.0	0.0	10.0	691.0	0.2679564305650654	0.0	0.3369663941871026	s3://suching-dev/final-datasets/sst/dev_pretokenized.jsonl	False		True	single_id	just_spaces	semisupervised_text_classification_json	6.604291995366412	
	27.0	27.0	27.0	27.0	27.0		5.0	0.262488646684832	45.41434434387418	False	8544	True	single_id	just_spaces	semisupervised_text_classification_json	glove	14.0	False	64.0	basic	0.3	50.0	[1, 2, 3]	112.0	391.0	CNN	seq2vec	50.0	https://s3-us-west-2.amazonaws.com/allennlp/datasets/glove/glove.6B.50d.txt.gz	True	classifier		2494.012	0.0	0.0	679.0	643.0							s3://suching-dev/final-datasets/sst/train_pretokenized.jsonl	0.0	0.5	2.0	reduce_on_plateau	50.0	1.0	0.04758226140897345	adam	10.0	+accuracy	0.2848782771535581	2494.012	41.0	14.0	0.0	0.0	679.0	643.0	1.8988722037913195	0.0	0.25340599455040874	s3://suching-dev/final-datasets/sst/dev_pretokenized.jsonl	False		True	single_id	just_spaces	semisupervised_text_classification_json	61.44321990013122	
	28.0	28.0	28.0	28.0	28.0		21.0	0.2488646684831971	1775.7838346693252	False	8544	True	single_id	just_spaces	semisupervised_text_classification_json	glove	30.0	False	64.0	basic	0.0	50.0	[1, 2, 3]	483.0	89.0	CNN	seq2vec	50.0	https://s3-us-west-2.amazonaws.com/allennlp/datasets/glove/glove.6B.50d.txt.gz	True	classifier		2492.264	0.0	0.0	3392.0	685.0							s3://suching-dev/final-datasets/sst/train_pretokenized.jsonl	0.0	0.5	2.0	reduce_on_plateau	50.0	1.0	0.0972135044035968	adam	10.0	+accuracy	0.362125468164794	2492.264	88.0	30.0	0.0	0.0	3392.0	685.0	1.3841758388191907	0.0	0.2488646684831971	s3://suching-dev/final-datasets/sst/dev_pretokenized.jsonl	False		True	single_id	just_spaces	semisupervised_text_classification_json	1777.7457631429031	
	29.0	29.0	29.0	29.0	29.0		1.0	0.2770208900999092	4.6970144510269165	False	8544	True	single_id	just_spaces	semisupervised_text_classification_json	glove	10.0	False	64.0	basic	0.2	50.0	[1, 2, 3]	488.0	355.0	CNN	seq2vec	50.0	https://s3-us-west-2.amazonaws.com/allennlp/datasets/glove/glove.6B.50d.txt.gz	True	classifier		2492.64	0.0	0.0	729.0	733.0							s3://suching-dev/final-datasets/sst/train_pretokenized.jsonl	0.0	0.5	2.0	reduce_on_plateau	50.0	1.0	0.031471012847495275	adam	10.0	+accuracy	0.3443352059925094	2492.64	30.000000000000004	10.0	0.0	0.0	645.0	733.0	1.9294729223891869	0.0	0.26975476839237056	s3://suching-dev/final-datasets/sst/dev_pretokenized.jsonl	False		True	single_id	just_spaces	semisupervised_text_classification_json	402.7894157833523	
	30.0	30.0	30.0	30.0	30.0		7.0	0.259763851044505	582.3778452078501	False	8544	True	single_id	just_spaces	semisupervised_text_classification_json	glove	16.0	False	64.0	basic	0.4	50.0	[1, 2, 3, 4, 5]	224.0	116.0	CNN	seq2vec	50.0	https://s3-us-west-2.amazonaws.com/allennlp/datasets/glove/glove.6B.50d.txt.gz	True	classifier		2490.008	0.0	0.0	3342.0	677.0							s3://suching-dev/final-datasets/sst/train_pretokenized.jsonl	0.0	0.5	2.0	reduce_on_plateau	50.0	1.0	0.08333258372565623	adam	10.0	+accuracy	0.31870318352059923	2490.004	52.0	16.0	0.0	0.0	3342.0	10.0	3.8235756888318417	0.0	0.25522252497729336	s3://suching-dev/final-datasets/sst/dev_pretokenized.jsonl	False		True	single_id	just_spaces	semisupervised_text_classification_json	719.1840923097399	
	31.0	31.0	31.0	31.0	31.0		10.0	0.2615803814713896	846.1385669708252	False	8544	True	single_id	just_spaces	semisupervised_text_classification_json	glove	19.0	False	64.0	basic	0.3	50.0	[1, 2, 3]	495.0	445.0	CNN	seq2vec	50.0	https://s3-us-west-2.amazonaws.com/allennlp/datasets/glove/glove.6B.50d.txt.gz	True	classifier		2497.54	0.0	0.0	675.0	815.0							s3://suching-dev/final-datasets/sst/train_pretokenized.jsonl	0.0	0.5	2.0	reduce_on_plateau	50.0	1.0	0.0517114355874508	adam	10.0	+accuracy	0.3211610486891386	2497.48	56.0	19.0	0.0	0.0	10.0	815.0	1.4804945027650291	0.0	0.2089009990917348	s3://suching-dev/final-datasets/sst/dev_pretokenized.jsonl	False		True	single_id	just_spaces	semisupervised_text_classification_json	857.1369848251343	
	32.0	32.0	32.0	32.0	32.0		3.0	0.2842870118074477	4.597412109375	False	8544	True	single_id	just_spaces	semisupervised_text_classification_json	glove	12.0	False	64.0	basic	0.0	50.0	[1, 2, 3]	427.0	347.0	CNN	seq2vec	50.0	https://s3-us-west-2.amazonaws.com/allennlp/datasets/glove/glove.6B.50d.txt.gz	True	classifier		2498.152	0.0	0.0	803.0	659.0							s3://suching-dev/final-datasets/sst/train_pretokenized.jsonl	0.0	0.5	2.0	reduce_on_plateau	50.0	1.0	0.031690538955106505	adam	10.0	+accuracy	0.3895131086142322	2498.1479999999997	39.0	12.0	0.0	0.0	803.0	427.0	1.3557115828813011	0.0	0.259763851044505	s3://suching-dev/final-datasets/sst/dev_pretokenized.jsonl	False		True	single_id	just_spaces	semisupervised_text_classification_json	121.01261923048231	
	33.0	33.0	33.0	33.0	33.0		4.0	0.2752043596730245	48.17169555028279	False	8544	True	single_id	just_spaces	semisupervised_text_classification_json	glove	13.0	False	64.0	basic	0.3	50.0	[1, 2, 3, 4, 5]	115.0	108.0	CNN	seq2vec	50.0	https://s3-us-west-2.amazonaws.com/allennlp/datasets/glove/glove.6B.50d.txt.gz	True	classifier		2497.1	0.0	0.0	803.0	659.0							s3://suching-dev/final-datasets/sst/train_pretokenized.jsonl	0.0	0.5	2.0	reduce_on_plateau	50.0	1.0	0.049893748612455775	adam	10.0	+accuracy	0.2975187265917603	2497.096	42.0	13.0	0.0	0.0	803.0	659.0	2.9993598398877617	0.0	0.2661217075386013	s3://suching-dev/final-datasets/sst/dev_pretokenized.jsonl	False		True	single_id	just_spaces	semisupervised_text_classification_json	253.8354800409741	
	34.0	34.0	34.0	34.0	34.0		6.0	0.2761126248864669	205.1466492546929	False	8544	True	single_id	just_spaces	semisupervised_text_classification_json	glove	15.0	False	64.0	basic	0.4	50.0	[1, 2, 3, 4, 5]	281.0	435.0	CNN	seq2vec	50.0	https://s3-us-west-2.amazonaws.com/allennlp/datasets/glove/glove.6B.50d.txt.gz	True	classifier		2494.8720000000008	0.0	0.0	3358.0	687.0							s3://suching-dev/final-datasets/sst/train_pretokenized.jsonl	0.0	0.5	2.0	reduce_on_plateau	50.0	1.0	0.033399142907891845	adam	10.0	+accuracy	0.3273642322097378	2494.8720000000008	50.0	15.0	0.0	0.0	996.0	10.0	1.4966824784207702	0.0	0.2724795640326976	s3://suching-dev/final-datasets/sst/dev_pretokenized.jsonl	False		True	single_id	just_spaces	semisupervised_text_classification_json	136.9298326704237	
	35.0	35.0	35.0	35.0	35.0		3.0	0.35149863760217986	3.387247986263699	False	8544	True	single_id	just_spaces	semisupervised_text_classification_json	glove	12.0	False	64.0	basic	0.0	50.0	[1, 2, 3, 4]	495.0	440.0	CNN	seq2vec	50.0	https://s3-us-west-2.amazonaws.com/allennlp/datasets/glove/glove.6B.50d.txt.gz	True	classifier		2502.1839999999997	0.0	0.0	833.0	769.0							s3://suching-dev/final-datasets/sst/train_pretokenized.jsonl	0.0	0.5	2.0	reduce_on_plateau	50.0	1.0	0.02240930762537761	adam	10.0	+accuracy	0.9334035580524344	2502.18	37.0	12.0	0.0	0.0	833.0	2.0	0.17407818235901756	0.0	0.3133514986376022	s3://suching-dev/final-datasets/sst/dev_pretokenized.jsonl	False		True	single_id	just_spaces	semisupervised_text_classification_json	9.471498489379883	
	36.0	36.0	36.0	36.0	36.0		9.0	0.27157129881925524	337.4003633658092	False	8544	True	single_id	just_spaces	semisupervised_text_classification_json	glove	18.0	False	64.0	basic	0.3	50.0	[1, 2, 3]	403.0	145.0	CNN	seq2vec	50.0	https://s3-us-west-2.amazonaws.com/allennlp/datasets/glove/glove.6B.50d.txt.gz	True	classifier		2496.652	0.0	0.0	703.0	725.0							s3://suching-dev/final-datasets/sst/train_pretokenized.jsonl	0.0	0.5	2.0	reduce_on_plateau	50.0	1.0	0.05003870820029533	adam	10.0	+accuracy	0.3224485018726592	2496.652	55.0	18.0	0.0	0.0	703.0	725.0	1.4851317734860665	0.0	0.26793823796548594	s3://suching-dev/final-datasets/sst/dev_pretokenized.jsonl	False		True	single_id	just_spaces	semisupervised_text_classification_json	428.5168763266669	
	37.0	37.0	37.0	37.0	37.0		6.0	0.25885558583106266	999.5305377112497	False	8544	True	single_id	just_spaces	semisupervised_text_classification_json	glove	15.0	False	64.0	basic	0.3	50.0	[1, 2, 3, 4]	296.0	312.0	CNN	seq2vec	50.0	https://s3-us-west-2.amazonaws.com/allennlp/datasets/glove/glove.6B.50d.txt.gz	True	classifier		2499.26	0.0	0.0	681.0	641.0							s3://suching-dev/final-datasets/sst/train_pretokenized.jsonl	0.0	0.5	2.0	reduce_on_plateau	50.0	1.0	0.08239451442437272	adam	10.0	+accuracy	0.28710205992509363	2499.256	47.0	15.0	0.0	0.0	681.0	10.0	3.4353938022656227	0.0	0.25703905540417804	s3://suching-dev/final-datasets/sst/dev_pretokenized.jsonl	False		True	single_id	just_spaces	semisupervised_text_classification_json	1281.7813244925603	
	38.0	38.0	38.0	38.0	38.0		4.0	0.259763851044505	2206.478524102105	False	8544	True	single_id	just_spaces	semisupervised_text_classification_json	glove	13.0	False	64.0	basic	0.2	50.0	[1, 2, 3, 4, 5]	406.0	204.0	CNN	seq2vec	50.0	https://s3-us-west-2.amazonaws.com/allennlp/datasets/glove/glove.6B.50d.txt.gz	True	classifier		2499.776	0.0	0.0	765.0	723.0							s3://suching-dev/final-datasets/sst/train_pretokenized.jsonl	0.0	0.5	2.0	reduce_on_plateau	50.0	1.0	0.07843015246854274	adam	10.0	+accuracy	0.32092696629213485	2499.776	40.0	13.0	0.0	0.0	703.0	723.0	27.660594619032164	0.0	0.2052679382379655	s3://suching-dev/final-datasets/sst/dev_pretokenized.jsonl	False		True	single_id	just_spaces	semisupervised_text_classification_json	19259.508734809027	
	39.0	39.0	39.0	39.0	39.0		11.0	0.26430517711171664	77.29637026786806	False	8544	True	single_id	just_spaces	semisupervised_text_classification_json	glove	20.0	False	64.0	basic	0.3	50.0	[1, 2, 3, 4]	90.0	177.0	CNN	seq2vec	50.0	https://s3-us-west-2.amazonaws.com/allennlp/datasets/glove/glove.6B.50d.txt.gz	True	classifier		2503.732	0.0	0.0	7178.0	691.0							s3://suching-dev/final-datasets/sst/train_pretokenized.jsonl	0.0	0.5	2.0	reduce_on_plateau	50.0	1.0	0.0566182727592249	adam	10.0	+accuracy	0.28534644194756553	2503.6679999999997	64.0	20.0	0.0	0.0	641.0	691.0	1.590250963595376	0.0	0.26430517711171664	s3://suching-dev/final-datasets/sst/dev_pretokenized.jsonl	False		True	single_id	just_spaces	semisupervised_text_classification_json	84.45294906033409	
	40.0	40.0	40.0	40.0	40.0		11.0	0.2661217075386013	1508.6517658233645	False	8544	True	single_id	just_spaces	semisupervised_text_classification_json	glove	20.0	False	64.0	basic	0.1	50.0	[1, 2, 3]	447.0	154.0	CNN	seq2vec	50.0	https://s3-us-west-2.amazonaws.com/allennlp/datasets/glove/glove.6B.50d.txt.gz	True	classifier		2491.06	0.0	0.0	765.0	723.0							s3://suching-dev/final-datasets/sst/train_pretokenized.jsonl	0.0	0.5	2.0	reduce_on_plateau	50.0	1.0	0.07883489791910624	adam	10.0	+accuracy	0.32092696629213485	2491.06	59.00000000000001	20.0	0.0	0.0	765.0	723.0	1.7216157681906399	0.0	0.2524977293369664	s3://suching-dev/final-datasets/sst/dev_pretokenized.jsonl	False		True	single_id	just_spaces	semisupervised_text_classification_json	1413.5117488437231	
	41.0	41.0	41.0	41.0	41.0		3.0	0.40508628519527706	2.047550525930193	False	8544	True	single_id	just_spaces	semisupervised_text_classification_json	glove	12.0	False	64.0	basic	0.0	50.0	[1, 2, 3, 4]	307.0	387.0	CNN	seq2vec	50.0	https://s3-us-west-2.amazonaws.com/allennlp/datasets/glove/glove.6B.50d.txt.gz	True	classifier		2490.28	0.0	0.0	729.0	653.0							s3://suching-dev/final-datasets/sst/train_pretokenized.jsonl	0.0	0.5	2.0	reduce_on_plateau	50.0	1.0	0.001234147088430021	adam	10.0	+accuracy	0.9996488764044944	2490.272	37.0	12.0	0.0	0.0	729.0	479.0	0.011109540892292314	0.0	0.40054495912806537	s3://suching-dev/final-datasets/sst/dev_pretokenized.jsonl	False		True	single_id	just_spaces	semisupervised_text_classification_json	3.6176702181498213	
	42.0	42.0	42.0	42.0	42.0		10.0	0.27157129881925524	14.650494641727873	False	8544	True	single_id	just_spaces	semisupervised_text_classification_json	glove	19.0	False	64.0	basic	0.1	50.0	[1, 2, 3, 4]	104.0	317.0	CNN	seq2vec	50.0	https://s3-us-west-2.amazonaws.com/allennlp/datasets/glove/glove.6B.50d.txt.gz	True	classifier		2498.34	0.0	0.0	689.0	653.0							s3://suching-dev/final-datasets/sst/train_pretokenized.jsonl	0.0	0.5	2.0	reduce_on_plateau	50.0	1.0	0.03238657809865838	adam	10.0	+accuracy	0.3050093632958801	2498.34	57.0	19.0	0.0	0.0	689.0	653.0	1.4836084700342436	0.0	0.26975476839237056	s3://suching-dev/final-datasets/sst/dev_pretokenized.jsonl	False		True	single_id	just_spaces	semisupervised_text_classification_json	15.662188755141365	
	43.0	43.0	43.0	43.0	43.0		11.0	0.2615803814713896	3144.977477431297	False	8544	True	single_id	just_spaces	semisupervised_text_classification_json	glove	20.0	False	64.0	basic	0.1	50.0	[1, 2, 3, 4]	351.0	332.0	CNN	seq2vec	50.0	https://s3-us-west-2.amazonaws.com/allennlp/datasets/glove/glove.6B.50d.txt.gz	True	classifier		2503.584	0.0	0.0	745.0	645.0							s3://suching-dev/final-datasets/sst/train_pretokenized.jsonl	0.0	0.5	2.0	reduce_on_plateau	50.0	1.0	0.07425168477214711	adam	10.0	+accuracy	0.31015917602996257	2503.52	61.00000000000001	20.0	0.0	0.0	745.0	645.0	1.5659272208142636	0.0	0.24977293369663944	s3://suching-dev/final-datasets/sst/dev_pretokenized.jsonl	False		True	single_id	just_spaces	semisupervised_text_classification_json	3113.759098397361	
	44.0	44.0	44.0	44.0	44.0		1.0	0.3887375113533152	1.4228156473901536	False	8544	True	single_id	just_spaces	semisupervised_text_classification_json	glove	10.0	False	64.0	basic	0.2	50.0	[1, 2, 3, 4]	479.0	318.0	CNN	seq2vec	50.0	https://s3-us-west-2.amazonaws.com/allennlp/datasets/glove/glove.6B.50d.txt.gz	True	classifier		2492.02	0.0	0.0	709.0	793.0							s3://suching-dev/final-datasets/sst/train_pretokenized.jsonl	0.0	0.5	2.0	reduce_on_plateau	50.0	1.0	0.004396608992200402	adam	10.0	+accuracy	0.9619616104868914	2492.02	33.0	10.0	0.0	0.0	709.0	793.0	0.15596432719768874	0.0	0.33969118982742963	s3://suching-dev/final-datasets/sst/dev_pretokenized.jsonl	False		True	single_id	just_spaces	semisupervised_text_classification_json	10.441032012303669	
	45.0	45.0	45.0	45.0	45.0		3.0	0.3405994550408719	2.2029546697934466	False	8544	True	single_id	just_spaces	semisupervised_text_classification_json	glove	12.0	False	64.0	basic	0.2	50.0	[1, 2, 3, 4, 5]	348.0	197.0	CNN	seq2vec	50.0	https://s3-us-west-2.amazonaws.com/allennlp/datasets/glove/glove.6B.50d.txt.gz	True	classifier		2491.736	0.0	0.0	3392.0	685.0							s3://suching-dev/final-datasets/sst/train_pretokenized.jsonl	0.0	0.5	2.0	reduce_on_plateau	50.0	1.0	0.021888148059243773	adam	10.0	+accuracy	0.9408941947565544	2491.732	38.0	12.0	0.0	0.0	2673.0	685.0	0.16043611215566522	0.0	0.3197093551316985	s3://suching-dev/final-datasets/sst/dev_pretokenized.jsonl	False		True	single_id	just_spaces	semisupervised_text_classification_json	8.385696729024254	
	46.0	46.0	46.0	46.0	46.0		8.0	0.2670299727520436	130.41556395424738	False	8544	True	single_id	just_spaces	semisupervised_text_classification_json	glove	17.0	False	64.0	basic	0.3	50.0	[1, 2, 3]	323.0	173.0	CNN	seq2vec	50.0	https://s3-us-west-2.amazonaws.com/allennlp/datasets/glove/glove.6B.50d.txt.gz	True	classifier		2498.036	0.0	0.0	689.0	653.0							s3://suching-dev/final-datasets/sst/train_pretokenized.jsonl	0.0	0.5	2.0	reduce_on_plateau	50.0	1.0	0.05420661266472205	adam	10.0	+accuracy	0.34094101123595505	2498.036	51.0	17.0	0.0	0.0	689.0	653.0	1.446936360935667	0.0	0.2561307901907357	s3://suching-dev/final-datasets/sst/dev_pretokenized.jsonl	False		True	single_id	just_spaces	semisupervised_text_classification_json	143.0300783581204	
	47.0	47.0	47.0	47.0	47.0		7.0	0.259763851044505	194.92665048440296	False	8544	True	single_id	just_spaces	semisupervised_text_classification_json	glove	16.0	False	64.0	basic	0.3	50.0	[1, 2, 3, 4]	121.0	442.0	CNN	seq2vec	50.0	https://s3-us-west-2.amazonaws.com/allennlp/datasets/glove/glove.6B.50d.txt.gz	True	classifier		2496.74	0.0	0.0	703.0	643.0							s3://suching-dev/final-datasets/sst/train_pretokenized.jsonl	0.0	0.5	2.0	reduce_on_plateau	50.0	1.0	0.0497744572388011	adam	10.0	+accuracy	0.28054775280898875	2496.74	49.0	16.0	0.0	0.0	629.0	643.0	1.5402938207583639	0.0	0.25885558583106266	s3://suching-dev/final-datasets/sst/dev_pretokenized.jsonl	False		True	single_id	just_spaces	semisupervised_text_classification_json	306.769335826238	
	48.0	48.0	48.0	48.0	48.0		12.0	0.26793823796548594	117.70391572846307	False	8544	True	single_id	just_spaces	semisupervised_text_classification_json	glove	21.0	False	64.0	basic	0.1	50.0	[1, 2, 3, 4, 5]	78.0	342.0	CNN	seq2vec	50.0	https://s3-us-west-2.amazonaws.com/allennlp/datasets/glove/glove.6B.50d.txt.gz	True	classifier		2500.504	0.0	0.0	3360.0	633.0							s3://suching-dev/final-datasets/sst/train_pretokenized.jsonl	0.0	0.5	2.0	reduce_on_plateau	50.0	1.0	0.027755070523404528	adam	10.0	+accuracy	0.32221441947565543	2500.504	68.0	21.0	0.0	0.0	3304.0	633.0	1.4308648376322504	0.0	0.2670299727520436	s3://suching-dev/final-datasets/sst/dev_pretokenized.jsonl	False		True	single_id	just_spaces	semisupervised_text_classification_json	120.30159011152055	
	49.0	49.0	49.0	49.0	49.0		8.0	0.2661217075386013	28.647570755746628	False	8544	True	single_id	just_spaces	semisupervised_text_classification_json	glove	17.0	False	64.0	basic	0.1	50.0	[1, 2, 3, 4, 5]	86.0	151.0	CNN	seq2vec	50.0	https://s3-us-west-2.amazonaws.com/allennlp/datasets/glove/glove.6B.50d.txt.gz	True	classifier		2499.292	0.0	0.0	685.0	641.0							s3://suching-dev/final-datasets/sst/train_pretokenized.jsonl	0.0	0.5	2.0	reduce_on_plateau	50.0	1.0	0.04122124437492825	adam	10.0	+accuracy	0.3103932584269663	2499.292	52.0	17.0	0.0	0.0	681.0	641.0	1.4699216298202968	0.0	0.25340599455040874	s3://suching-dev/final-datasets/sst/dev_pretokenized.jsonl	False		True	single_id	just_spaces	semisupervised_text_classification_json	33.50549703836441	
