Unnamed: 0	best_epoch	best_validation_accuracy	best_validation_loss	dataset_reader.lazy	dataset_reader.sample	dataset_reader.token_indexers.elmo.type	dataset_reader.token_indexers.tokens.lowercase_tokens	dataset_reader.token_indexers.tokens.type	dataset_reader.tokenizer.word_splitter	dataset_reader.type	embedding	epoch	evaluate_on_test	iterator.batch_size	iterator.type	model.dropout	model.encoder.aggregations	model.encoder.architecture.bidirectional	model.encoder.architecture.hidden_size	model.encoder.architecture.input_size	model.encoder.architecture.num_layers	model.encoder.architecture.type	model.encoder.type	model.input_embedder.token_embedders.elmo.archive_file	model.input_embedder.token_embedders.elmo.bos_eos_tokens	model.input_embedder.token_embedders.elmo.dropout	model.input_embedder.token_embedders.elmo.remove_bos_eos	model.input_embedder.token_embedders.elmo.requires_grad	model.input_embedder.token_embedders.elmo.type	model.input_embedder.token_embedders.tokens.embedding_dim	model.input_embedder.token_embedders.tokens.pretrained_file	model.input_embedder.token_embedders.tokens.trainable	model.type	peak_cpu_memory_MB	peak_gpu_0_memory_MB	peak_gpu_1_memory_MB	peak_gpu_2_memory_MB	peak_gpu_3_memory_MB	peak_gpu_4_memory_MB	peak_gpu_5_memory_MB	peak_gpu_6_memory_MB	peak_gpu_7_memory_MB	test_data_path	train_data_path	trainer.cuda_device	trainer.learning_rate_scheduler.factor	trainer.learning_rate_scheduler.patience	trainer.learning_rate_scheduler.type	trainer.num_epochs	trainer.num_serialized_models_to_keep	trainer.optimizer.lr	trainer.optimizer.type	trainer.patience	trainer.validation_metric	training_accuracy	training_cpu_memory_MB	training_duration	training_epochs	training_gpu_0_memory_MB	training_gpu_1_memory_MB	training_gpu_2_memory_MB	training_gpu_3_memory_MB	training_gpu_4_memory_MB	training_gpu_5_memory_MB	training_gpu_6_memory_MB	training_gpu_7_memory_MB	training_loss	training_start_epoch	validation_accuracy	validation_data_path	validation_dataset_reader.lazy	validation_dataset_reader.sample	validation_dataset_reader.token_indexers.elmo.type	validation_dataset_reader.token_indexers.tokens.lowercase_tokens	validation_dataset_reader.token_indexers.tokens.type	validation_dataset_reader.tokenizer.word_splitter	validation_dataset_reader.type	validation_loss	vocabulary.max_vocab_size
0	24	0.8688	0.3747578646186032	False	115000	elmo_characters	True	single_id	just_spaces	semisupervised_text_classification_json	elmo frozen	33	False	64	basic	0.1	['final_state']	True	276	1074	1	lstm	seq2seq	s3://allennlp/models/transformer-elmo-2019.01.10.tar.gz	['<S>', '</S>']	0.0	True	False	bidirectional_lm_token_embedder	50.0	https://s3-us-west-2.amazonaws.com/allennlp/datasets/glove/glove.6B.50d.txt.gz	True	classifier	12186.308	7163	0	6907	4913						/home/suching/reproducibility/data/ag-news/train_pretokenized.jsonl	0	0.5	2	reduce_on_plateau	50	1	0.0548635913596579	adam	10	+accuracy	0.8536682927677632	12186.308	18433.0	33	0	0	0	4913					0.4005355186051439	0	0.868	/home/suching/reproducibility/data/ag-news/dev_pretokenized.jsonl	False		elmo_characters	True	single_id	just_spaces	semisupervised_text_classification_json	0.369443788558622	10000
1	4	0.931	0.22103071175044087	False	115000	elmo_characters	True	single_id	just_spaces	semisupervised_text_classification_json	elmo frozen	13	False	64	basic	0.1	['final_state attention']	True	113	1074	1	lstm	seq2seq	s3://allennlp/models/transformer-elmo-2019.01.10.tar.gz	['<S>', '</S>']	0.0	True	False	bidirectional_lm_token_embedder	50.0	https://s3-us-west-2.amazonaws.com/allennlp/datasets/glove/glove.6B.50d.txt.gz	True	classifier	12178.048	7009	4208	7231	5413						/home/suching/reproducibility/data/ag-news/train_pretokenized.jsonl	0	0.5	2	reduce_on_plateau	50	1	0.0033125287724101644	adam	10	+accuracy	0.9971043226462841	12178.048	7879.000000000001	13	7009	4208	7231	5413					0.00844676785806425	0	0.9268	/home/suching/reproducibility/data/ag-news/dev_pretokenized.jsonl	False		elmo_characters	True	single_id	just_spaces	semisupervised_text_classification_json	0.4329444968813582	10000
2	32	0.9	0.2959816137069388	False	115000	elmo_characters	True	single_id	just_spaces	semisupervised_text_classification_json	elmo frozen	41	False	64	basic	0.2	['maxpool attention']	True	287	1074	3	lstm	seq2seq	s3://allennlp/models/transformer-elmo-2019.01.10.tar.gz	['<S>', '</S>']	0.0	True	False	bidirectional_lm_token_embedder	50.0	https://s3-us-west-2.amazonaws.com/allennlp/datasets/glove/glove.6B.50d.txt.gz	True	classifier	12203.464	7257	0	5497	5703						/home/suching/reproducibility/data/ag-news/train_pretokenized.jsonl	0	0.5	2	reduce_on_plateau	50	1	1.2118247345817758e-06	adam	10	+accuracy	0.8970425829789824	12203.464	25292.0	41	7257	0	3273	5703					0.2956847806912564	0	0.9	/home/suching/reproducibility/data/ag-news/dev_pretokenized.jsonl	False		elmo_characters	True	single_id	just_spaces	semisupervised_text_classification_json	0.2952141499594797	10000
3	13	0.9312	0.4536643355047401	False	115000	elmo_characters	True	single_id	just_spaces	semisupervised_text_classification_json	elmo frozen	22	False	64	basic	0.4	['meanpool final_state attention maxpool']	True	377	1074	2	lstm	seq2seq	s3://allennlp/models/transformer-elmo-2019.01.10.tar.gz	['<S>', '</S>']	0.0	True	False	bidirectional_lm_token_embedder	50.0	https://s3-us-west-2.amazonaws.com/allennlp/datasets/glove/glove.6B.50d.txt.gz	True	classifier	12205.7	7163	0	6883	3789						/home/suching/reproducibility/data/ag-news/train_pretokenized.jsonl	0	0.5	2	reduce_on_plateau	50	1	0.00042879789443940586	adam	10	+accuracy	0.9979912868807554	12205.7	13842.0	22	7163	0	6883	3789					0.004247119486910194	0	0.93	/home/suching/reproducibility/data/ag-news/dev_pretokenized.jsonl	False		elmo_characters	True	single_id	just_spaces	semisupervised_text_classification_json	0.5153859344464314	10000
4	4	0.9314	0.21458415300408493	False	115000	elmo_characters	True	single_id	just_spaces	semisupervised_text_classification_json	elmo frozen	13	False	64	basic	0.4	['final_state maxpool']	True	169	1074	3	lstm	seq2seq	s3://allennlp/models/transformer-elmo-2019.01.10.tar.gz	['<S>', '</S>']	0.0	True	False	bidirectional_lm_token_embedder	50.0	https://s3-us-west-2.amazonaws.com/allennlp/datasets/glove/glove.6B.50d.txt.gz	True	classifier	12188.816	7195	0	3467	5653						/home/suching/reproducibility/data/ag-news/train_pretokenized.jsonl	0	0.5	2	reduce_on_plateau	50	1	0.003606509617187421	adam	10	+accuracy	0.9953303941773408	12188.816	8095.000000000001	13	5445	0	3467	3667					0.012480920002524704	0	0.9268	/home/suching/reproducibility/data/ag-news/dev_pretokenized.jsonl	False		elmo_characters	True	single_id	just_spaces	semisupervised_text_classification_json	0.5433878500627566	10000
5	2	0.9298	0.21564121723552293	False	115000	elmo_characters	True	single_id	just_spaces	semisupervised_text_classification_json	elmo frozen	11	False	64	basic	0.4	['maxpool meanpool attention final_state']	True	293	1074	2	lstm	seq2seq	s3://allennlp/models/transformer-elmo-2019.01.10.tar.gz	['<S>', '</S>']	0.0	True	False	bidirectional_lm_token_embedder	50.0	https://s3-us-west-2.amazonaws.com/allennlp/datasets/glove/glove.6B.50d.txt.gz	True	classifier	12196.992	3519	0	5353	5703						/home/suching/reproducibility/data/ag-news/train_pretokenized.jsonl	0	0.5	2	reduce_on_plateau	50	1	0.00016733813998524142	adam	10	+accuracy	0.9954521343663858	12196.992	7116.0	11	3519	0	3419	5703					0.012829420909281788	0	0.9288	/home/suching/reproducibility/data/ag-news/dev_pretokenized.jsonl	False		elmo_characters	True	single_id	just_spaces	semisupervised_text_classification_json	0.4198665552407126	10000
6	22	0.9072	0.2902779899820497	False	115000	elmo_characters	True	single_id	just_spaces	semisupervised_text_classification_json	elmo frozen	31	False	64	basic	0.1	['final_state']	True	180	1074	2	lstm	seq2seq	s3://allennlp/models/transformer-elmo-2019.01.10.tar.gz	['<S>', '</S>']	0.0	True	False	bidirectional_lm_token_embedder	50.0	https://s3-us-west-2.amazonaws.com/allennlp/datasets/glove/glove.6B.50d.txt.gz	True	classifier	12187.656	7195	0	5443	5653						/home/suching/reproducibility/data/ag-news/train_pretokenized.jsonl	0	0.5	2	reduce_on_plateau	50	1	0.03043261213926039	adam	10	+accuracy	0.8957295280828529	12187.656	17934.0	31	7195	0	5443	5653					0.3067286291020276	0	0.903	/home/suching/reproducibility/data/ag-news/dev_pretokenized.jsonl	False		elmo_characters	True	single_id	just_spaces	semisupervised_text_classification_json	0.2827279111252555	10000
7	11	0.9308	0.20999324213289008	False	115000	elmo_characters	True	single_id	just_spaces	semisupervised_text_classification_json	elmo frozen	20	False	64	basic	0.1	['maxpool attention meanpool']	True	132	1074	1	lstm	seq2seq	s3://allennlp/models/transformer-elmo-2019.01.10.tar.gz	['<S>', '</S>']	0.0	True	False	bidirectional_lm_token_embedder	50.0	https://s3-us-west-2.amazonaws.com/allennlp/datasets/glove/glove.6B.50d.txt.gz	True	classifier	12172.936000000003	5559	7937	5493	5413						/home/suching/reproducibility/data/ag-news/train_pretokenized.jsonl	0	0.5	2	reduce_on_plateau	50	1	0.00010860514716690413	adam	10	+accuracy	0.9706171358011808	12172.936000000003	11612.0	20	5559	2301	5493	5401					0.0892593475389328	0	0.9292	/home/suching/reproducibility/data/ag-news/dev_pretokenized.jsonl	False		elmo_characters	True	single_id	just_spaces	semisupervised_text_classification_json	0.21427058216325845	10000
8	3	0.9292	0.23031910249515425	False	115000	elmo_characters	True	single_id	just_spaces	semisupervised_text_classification_json	elmo frozen	12	False	64	basic	0.1	['attention meanpool']	True	361	1074	1	lstm	seq2seq	s3://allennlp/models/transformer-elmo-2019.01.10.tar.gz	['<S>', '</S>']	0.0	True	False	bidirectional_lm_token_embedder	50.0	https://s3-us-west-2.amazonaws.com/allennlp/datasets/glove/glove.6B.50d.txt.gz	True	classifier	12195.212	5407	0	3503	5783						/home/suching/reproducibility/data/ag-news/train_pretokenized.jsonl	0	0.5	2	reduce_on_plateau	50	1	0.004423420482186354	adam	10	+accuracy	0.9962608370507572	12195.212	7528.000000000001	12	5407	0	3503	3571					0.011812067976891041	0	0.919	/home/suching/reproducibility/data/ag-news/dev_pretokenized.jsonl	False		elmo_characters	True	single_id	just_spaces	semisupervised_text_classification_json	0.4856066169052185	10000
9	4	0.9326	0.20570401399384566	False	115000	elmo_characters	True	single_id	just_spaces	semisupervised_text_classification_json	elmo frozen	13	False	64	basic	0.2	['final_state']	True	178	1074	2	lstm	seq2seq	s3://allennlp/models/transformer-elmo-2019.01.10.tar.gz	['<S>', '</S>']	0.0	True	False	bidirectional_lm_token_embedder	50.0	https://s3-us-west-2.amazonaws.com/allennlp/datasets/glove/glove.6B.50d.txt.gz	True	classifier	12194.188	7257	0	5497	6579						/home/suching/reproducibility/data/ag-news/train_pretokenized.jsonl	0	0.5	2	reduce_on_plateau	50	1	0.0010818420041703396	adam	10	+accuracy	0.9969825824572388	12194.188	7852.000000000001	13	7257	0	5497	3459					0.008078595436798511	0	0.9288	/home/suching/reproducibility/data/ag-news/dev_pretokenized.jsonl	False		elmo_characters	True	single_id	just_spaces	semisupervised_text_classification_json	0.4653220443125767	10000
10	2	0.9304	0.2032933446425426	False	115000	elmo_characters	True	single_id	just_spaces	semisupervised_text_classification_json	elmo frozen	11	False	64	basic	0.1	['maxpool']	True	348	1074	2	lstm	seq2seq	s3://allennlp/models/transformer-elmo-2019.01.10.tar.gz	['<S>', '</S>']	0.0	True	False	bidirectional_lm_token_embedder	50.0	https://s3-us-west-2.amazonaws.com/allennlp/datasets/glove/glove.6B.50d.txt.gz	True	classifier	12204.392	5677	0	5443	5739						/home/suching/reproducibility/data/ag-news/train_pretokenized.jsonl	0	0.5	2	reduce_on_plateau	50	1	0.00011542059210757124	adam	10	+accuracy	0.995565178827642	12204.392	7182.0	11	5677	0	5443	5653					0.012813538168315994	0	0.9244	/home/suching/reproducibility/data/ag-news/dev_pretokenized.jsonl	False		elmo_characters	True	single_id	just_spaces	semisupervised_text_classification_json	0.4124312422037879	10000
11	2	0.9306	0.2009372006677374	False	115000	elmo_characters	True	single_id	just_spaces	semisupervised_text_classification_json	elmo frozen	11	False	64	basic	0.3	['final_state attention meanpool']	True	341	1074	1	lstm	seq2seq	s3://allennlp/models/transformer-elmo-2019.01.10.tar.gz	['<S>', '</S>']	0.0	True	False	bidirectional_lm_token_embedder	50.0	https://s3-us-west-2.amazonaws.com/allennlp/datasets/glove/glove.6B.50d.txt.gz	True	classifier	12192.28	5445	0	7081	3667						/home/suching/reproducibility/data/ag-news/train_pretokenized.jsonl	0	0.5	2	reduce_on_plateau	50	1	0.00017232327576784546	adam	10	+accuracy	0.9945564744041252	12192.28	6739.0	11	4471	0	7081	3667					0.01895316164685609	0	0.9304	/home/suching/reproducibility/data/ag-news/dev_pretokenized.jsonl	False		elmo_characters	True	single_id	just_spaces	semisupervised_text_classification_json	0.2709797617943981	10000
12	25	0.9068	0.27232855332048633	False	115000	elmo_characters	True	single_id	just_spaces	semisupervised_text_classification_json	elmo frozen	34	False	64	basic	0.3	['maxpool']	True	425	1074	2	lstm	seq2seq	s3://allennlp/models/transformer-elmo-2019.01.10.tar.gz	['<S>', '</S>']	0.0	True	False	bidirectional_lm_token_embedder	50.0	https://s3-us-west-2.amazonaws.com/allennlp/datasets/glove/glove.6B.50d.txt.gz	True	classifier	12252.368	8009	8061	5353	6369						/home/suching/reproducibility/data/ag-news/train_pretokenized.jsonl	0	0.5	2	reduce_on_plateau	50	1	0.020778245043888203	adam	10	+accuracy	0.8951990886877277	12252.368	21390.0	34	6207	0	5353	6369					0.30294719947896936	0	0.9064	/home/suching/reproducibility/data/ag-news/dev_pretokenized.jsonl	False		elmo_characters	True	single_id	just_spaces	semisupervised_text_classification_json	0.2678992721853377	10000
13	5	0.9302	0.22952477478339706	False	115000	elmo_characters	True	single_id	just_spaces	semisupervised_text_classification_json	elmo frozen	14	False	64	basic	0.3	['meanpool attention maxpool final_state']	True	87	1074	3	lstm	seq2seq	s3://allennlp/models/transformer-elmo-2019.01.10.tar.gz	['<S>', '</S>']	0.0	True	False	bidirectional_lm_token_embedder	50.0	https://s3-us-west-2.amazonaws.com/allennlp/datasets/glove/glove.6B.50d.txt.gz	True	classifier	12179.732	7009	1917	7231	5507						/home/suching/reproducibility/data/ag-news/train_pretokenized.jsonl	0	0.5	2	reduce_on_plateau	50	1	0.0002140803234046269	adam	10	+accuracy	0.9836433360290092	12179.732	8715.0	14	3383	0	6883	5507					0.0461953921807421	0	0.9266	/home/suching/reproducibility/data/ag-news/dev_pretokenized.jsonl	False		elmo_characters	True	single_id	just_spaces	semisupervised_text_classification_json	0.32701917417064497	10000
14	4	0.9322	0.20514923984868616	False	115000	elmo_characters	True	single_id	just_spaces	semisupervised_text_classification_json	elmo frozen	13	False	64	basic	0.3	['meanpool maxpool final_state attention']	True	368	1074	2	lstm	seq2seq	s3://allennlp/models/transformer-elmo-2019.01.10.tar.gz	['<S>', '</S>']	0.0	True	False	bidirectional_lm_token_embedder	50.0	https://s3-us-west-2.amazonaws.com/allennlp/datasets/glove/glove.6B.50d.txt.gz	True	classifier	12209.652	3565	0	4985	7627						/home/suching/reproducibility/data/ag-news/train_pretokenized.jsonl	0	0.5	2	reduce_on_plateau	50	1	0.001976535274582799	adam	10	+accuracy	0.9971651927408064	12209.652	8527.0	13	3565	0	3649	5299					0.007305767036610089	0	0.928	/home/suching/reproducibility/data/ag-news/dev_pretokenized.jsonl	False		elmo_characters	True	single_id	just_spaces	semisupervised_text_classification_json	0.5893073085742659	10000
15	4	0.9336	0.20912558415645285	False	115000	elmo_characters	True	single_id	just_spaces	semisupervised_text_classification_json	elmo frozen	13	False	64	basic	0.1	['maxpool final_state attention meanpool']	True	236	1074	3	lstm	seq2seq	s3://allennlp/models/transformer-elmo-2019.01.10.tar.gz	['<S>', '</S>']	0.0	True	False	bidirectional_lm_token_embedder	50.0	https://s3-us-west-2.amazonaws.com/allennlp/datasets/glove/glove.6B.50d.txt.gz	True	classifier	12198.688	5407	0	3503	3571						/home/suching/reproducibility/data/ag-news/train_pretokenized.jsonl	0	0.5	2	reduce_on_plateau	50	1	0.002002515816974212	adam	10	+accuracy	0.9973564987521628	12198.684	8298.0	13	5407	0	3503	3571					0.006621582511389965	0	0.9286	/home/suching/reproducibility/data/ag-news/dev_pretokenized.jsonl	False		elmo_characters	True	single_id	just_spaces	semisupervised_text_classification_json	0.5195869378321156	10000
16	10	0.9312	0.2916427633807629	False	115000	elmo_characters	True	single_id	just_spaces	semisupervised_text_classification_json	elmo frozen	19	False	64	basic	0.0	['meanpool final_state maxpool']	True	420	1074	1	lstm	seq2seq	s3://allennlp/models/transformer-elmo-2019.01.10.tar.gz	['<S>', '</S>']	0.0	True	False	bidirectional_lm_token_embedder	50.0	https://s3-us-west-2.amazonaws.com/allennlp/datasets/glove/glove.6B.50d.txt.gz	True	classifier	12194.312	7195	0	5443	5653						/home/suching/reproducibility/data/ag-news/train_pretokenized.jsonl	0	0.5	2	reduce_on_plateau	50	1	0.00032984282713002274	adam	10	+accuracy	0.997904329602866	12194.312	11693.0	19	7195	0	3467	3667					0.005470820351487723	0	0.929	/home/suching/reproducibility/data/ag-news/dev_pretokenized.jsonl	False		elmo_characters	True	single_id	just_spaces	semisupervised_text_classification_json	0.3265625814659686	10000
17	4	0.9274	0.23620268551609186	False	115000	elmo_characters	True	single_id	just_spaces	semisupervised_text_classification_json	elmo frozen	13	False	64	basic	0.2	['final_state maxpool attention']	True	98	1074	1	lstm	seq2seq	s3://allennlp/models/transformer-elmo-2019.01.10.tar.gz	['<S>', '</S>']	0.0	True	False	bidirectional_lm_token_embedder	50.0	https://s3-us-west-2.amazonaws.com/allennlp/datasets/glove/glove.6B.50d.txt.gz	True	classifier	12182.492	7009	4136	5493	7591						/home/suching/reproducibility/data/ag-news/train_pretokenized.jsonl	0	0.5	2	reduce_on_plateau	50	1	0.012014937326830524	adam	10	+accuracy	0.974764997956504	12182.492	7640.000000000001	13	7009	4136	5493	5413					0.07010262121192999	0	0.9218	/home/suching/reproducibility/data/ag-news/dev_pretokenized.jsonl	False		elmo_characters	True	single_id	just_spaces	semisupervised_text_classification_json	0.3204964999156662	10000
18	7	0.9342	0.3323642053181612	False	115000	elmo_characters	True	single_id	just_spaces	semisupervised_text_classification_json	elmo frozen	16	False	64	basic	0.1	['meanpool']	True	507	1074	2	lstm	seq2seq	s3://allennlp/models/transformer-elmo-2019.01.10.tar.gz	['<S>', '</S>']	0.0	True	False	bidirectional_lm_token_embedder	50.0	https://s3-us-west-2.amazonaws.com/allennlp/datasets/glove/glove.6B.50d.txt.gz	True	classifier	12274.844	3681	0	4985	3515						/home/suching/reproducibility/data/ag-news/train_pretokenized.jsonl	0	0.5	2	reduce_on_plateau	50	1	0.0007875922579520725	adam	10	+accuracy	0.997773893686032	12274.844	11135.0	16	3681	0	4985	3515					0.004492089889685795	0	0.9326	/home/suching/reproducibility/data/ag-news/dev_pretokenized.jsonl	False		elmo_characters	True	single_id	just_spaces	semisupervised_text_classification_json	0.5865612612872184	10000
19	7	0.9308	0.21575472579349445	False	115000	elmo_characters	True	single_id	just_spaces	semisupervised_text_classification_json	elmo frozen	16	False	64	basic	0.3	['final_state attention']	True	178	1074	3	lstm	seq2seq	s3://allennlp/models/transformer-elmo-2019.01.10.tar.gz	['<S>', '</S>']	0.0	True	False	bidirectional_lm_token_embedder	50.0	https://s3-us-west-2.amazonaws.com/allennlp/datasets/glove/glove.6B.50d.txt.gz	True	classifier	12190.06	3587	10	4325	7405						/home/suching/reproducibility/data/ag-news/train_pretokenized.jsonl	0	0.5	2	reduce_on_plateau	50	1	0.009319297235950595	adam	10	+accuracy	0.9717214932303759	12190.06	9918.0	16	3587	0	4325	3515					0.07784253492397886	0	0.9256	/home/suching/reproducibility/data/ag-news/dev_pretokenized.jsonl	False		elmo_characters	True	single_id	just_spaces	semisupervised_text_classification_json	0.30692652721382396	10000
20	10	0.2504	1.5605331870573986	False	115000	elmo_characters	True	single_id	just_spaces	semisupervised_text_classification_json	elmo frozen	19	False	64	basic	0.1	['maxpool final_state attention meanpool']	True	232	1074	3	lstm	seq2seq	s3://allennlp/models/transformer-elmo-2019.01.10.tar.gz	['<S>', '</S>']	0.0	True	False	bidirectional_lm_token_embedder	50.0	https://s3-us-west-2.amazonaws.com/allennlp/datasets/glove/glove.6B.50d.txt.gz	True	classifier	12197.664	3681	0	4325	5299						/home/suching/reproducibility/data/ag-news/train_pretokenized.jsonl	0	0.5	2	reduce_on_plateau	50	1	0.08033606137401329	adam	10	+accuracy	0.2508456595274742	12197.664	11813.0	19	3681	0	4325	3515					1.4082829409595592	0	0.25	/home/suching/reproducibility/data/ag-news/dev_pretokenized.jsonl	False		elmo_characters	True	single_id	just_spaces	semisupervised_text_classification_json	1.3997152470335177	10000
21	34	0.9244	0.2275853663494315	False	115000	elmo_characters	True	single_id	just_spaces	semisupervised_text_classification_json	elmo frozen	43	False	64	basic	0.4	['maxpool']	True	480	1074	1	lstm	seq2seq	s3://allennlp/models/transformer-elmo-2019.01.10.tar.gz	['<S>', '</S>']	0.0	True	False	bidirectional_lm_token_embedder	50.0	https://s3-us-west-2.amazonaws.com/allennlp/datasets/glove/glove.6B.50d.txt.gz	True	classifier	12197.816	7163	1917	6883	7613						/home/suching/reproducibility/data/ag-news/train_pretokenized.jsonl	0	0.5	2	reduce_on_plateau	50	1	0.02482168090164049	adam	10	+accuracy	0.9199210427916764	12197.816	25228.0	43	7163	0	6883	4913					0.2273373796802033	0	0.9236	/home/suching/reproducibility/data/ag-news/dev_pretokenized.jsonl	False		elmo_characters	True	single_id	just_spaces	semisupervised_text_classification_json	0.227510558370548	10000
22	15	0.8856	0.3416350929042961	False	115000	elmo_characters	True	single_id	just_spaces	semisupervised_text_classification_json	elmo frozen	24	False	64	basic	0.1	['final_state maxpool attention']	True	151	1074	1	lstm	seq2seq	s3://allennlp/models/transformer-elmo-2019.01.10.tar.gz	['<S>', '</S>']	0.0	True	False	bidirectional_lm_token_embedder	50.0	https://s3-us-west-2.amazonaws.com/allennlp/datasets/glove/glove.6B.50d.txt.gz	True	classifier	12181.584	4471	8029	7081	3667						/home/suching/reproducibility/data/ag-news/train_pretokenized.jsonl	0	0.5	2	reduce_on_plateau	50	1	2.806455876163646e-06	adam	10	+accuracy	0.883503334811607	12181.584	13873.0	24	4471	0	5411	3667					0.3449492113717609	0	0.8852	/home/suching/reproducibility/data/ag-news/dev_pretokenized.jsonl	False		elmo_characters	True	single_id	just_spaces	semisupervised_text_classification_json	0.33916916839684114	10000
23	37	0.9202	0.2399266098119036	False	115000	elmo_characters	True	single_id	just_spaces	semisupervised_text_classification_json	elmo frozen	46	False	64	basic	0.1	['attention final_state']	True	430	1074	3	lstm	seq2seq	s3://allennlp/models/transformer-elmo-2019.01.10.tar.gz	['<S>', '</S>']	0.0	True	False	bidirectional_lm_token_embedder	50.0	https://s3-us-west-2.amazonaws.com/allennlp/datasets/glove/glove.6B.50d.txt.gz	True	classifier	12289.348	8009	8061	5353	6369						/home/suching/reproducibility/data/ag-news/train_pretokenized.jsonl	0	0.5	2	reduce_on_plateau	50	1	0.009645060435355743	adam	10	+accuracy	0.9278341550796094	12289.348	31028.000000000004	46	3519	0	5353	5703					0.20743272096358145	0	0.9198	/home/suching/reproducibility/data/ag-news/dev_pretokenized.jsonl	False		elmo_characters	True	single_id	just_spaces	semisupervised_text_classification_json	0.23981855177803885	10000
24	4	0.9332	0.19636132964227773	False	115000	elmo_characters	True	single_id	just_spaces	semisupervised_text_classification_json	elmo frozen	13	False	64	basic	0.3	['attention final_state maxpool']	True	208	1074	1	lstm	seq2seq	s3://allennlp/models/transformer-elmo-2019.01.10.tar.gz	['<S>', '</S>']	0.0	True	False	bidirectional_lm_token_embedder	50.0	https://s3-us-west-2.amazonaws.com/allennlp/datasets/glove/glove.6B.50d.txt.gz	True	classifier	12183.796	7257	0	3427	5703						/home/suching/reproducibility/data/ag-news/train_pretokenized.jsonl	0	0.5	2	reduce_on_plateau	50	1	0.00026186773995149053	adam	10	+accuracy	0.9905303524378472	12183.796	7623.000000000001	13	7257	0	3427	5703					0.03050240373594451	0	0.9324	/home/suching/reproducibility/data/ag-news/dev_pretokenized.jsonl	False		elmo_characters	True	single_id	just_spaces	semisupervised_text_classification_json	0.2465788373087026	10000
25	10	0.9296	0.19858295564787296	False	115000	elmo_characters	True	single_id	just_spaces	semisupervised_text_classification_json	elmo frozen	19	False	64	basic	0.1	['maxpool attention']	True	313	1074	1	lstm	seq2seq	s3://allennlp/models/transformer-elmo-2019.01.10.tar.gz	['<S>', '</S>']	0.0	True	False	bidirectional_lm_token_embedder	50.0	https://s3-us-west-2.amazonaws.com/allennlp/datasets/glove/glove.6B.50d.txt.gz	True	classifier	12189.488	7257	0	6981	3459						/home/suching/reproducibility/data/ag-news/train_pretokenized.jsonl	0	0.5	2	reduce_on_plateau	50	1	3.666972879454784e-05	adam	10	+accuracy	0.9605561787493804	12189.488	11088.0	19	7257	0	3465	3459					0.11876472618801932	0	0.9292	/home/suching/reproducibility/data/ag-news/dev_pretokenized.jsonl	False		elmo_characters	True	single_id	just_spaces	semisupervised_text_classification_json	0.1978977133013025	10000
26	21	0.9302	0.19904043879124186	False	115000	elmo_characters	True	single_id	just_spaces	semisupervised_text_classification_json	elmo frozen	30	False	64	basic	0.1	['attention meanpool']	True	325	1074	1	lstm	seq2seq	s3://allennlp/models/transformer-elmo-2019.01.10.tar.gz	['<S>', '</S>']	0.0	True	False	bidirectional_lm_token_embedder	50.0	https://s3-us-west-2.amazonaws.com/allennlp/datasets/glove/glove.6B.50d.txt.gz	True	classifier	12190.172	5559	8029	5411	7213						/home/suching/reproducibility/data/ag-news/train_pretokenized.jsonl	0	0.5	2	reduce_on_plateau	50	1	2.712767228397908e-05	adam	10	+accuracy	0.9605648744771692	12190.172	17259.0	30	5559	7937	5411	3479					0.1184303348922338	0	0.93	/home/suching/reproducibility/data/ag-news/dev_pretokenized.jsonl	False		elmo_characters	True	single_id	just_spaces	semisupervised_text_classification_json	0.19904293784800964	10000
27	1	0.2556	2.1499942269506334	False	115000	elmo_characters	True	single_id	just_spaces	semisupervised_text_classification_json	elmo frozen	10	False	64	basic	0.3	['attention meanpool maxpool final_state']	True	278	1074	3	lstm	seq2seq	s3://allennlp/models/transformer-elmo-2019.01.10.tar.gz	['<S>', '</S>']	0.0	True	False	bidirectional_lm_token_embedder	50.0	https://s3-us-west-2.amazonaws.com/allennlp/datasets/glove/glove.6B.50d.txt.gz	True	classifier	12204.136	3587	0	4313	5299						/home/suching/reproducibility/data/ag-news/train_pretokenized.jsonl	0	0.5	2	reduce_on_plateau	50	1	0.03276772610692316	adam	10	+accuracy	0.25335872485847705	12204.136	6702.0	10	3587	0	3503	5299					1.63849095702503	0	0.25	/home/suching/reproducibility/data/ag-news/dev_pretokenized.jsonl	False		elmo_characters	True	single_id	just_spaces	semisupervised_text_classification_json	1.4536436916906623	10000
28	5	0.93	0.22911578959113435	False	115000	elmo_characters	True	single_id	just_spaces	semisupervised_text_classification_json	elmo frozen	14	False	64	basic	0.1	['meanpool final_state']	True	108	1074	1	lstm	seq2seq	s3://allennlp/models/transformer-elmo-2019.01.10.tar.gz	['<S>', '</S>']	0.0	True	False	bidirectional_lm_token_embedder	50.0	https://s3-us-west-2.amazonaws.com/allennlp/datasets/glove/glove.6B.50d.txt.gz	True	classifier	12169.376	5559	7937	5493	3479						/home/suching/reproducibility/data/ag-news/train_pretokenized.jsonl	0	0.5	2	reduce_on_plateau	50	1	0.000772339751028591	adam	10	+accuracy	0.9962695327785459	12169.376	8154.000000000001	14	5559	2301	5493	3479					0.011263610008284118	0	0.926	/home/suching/reproducibility/data/ag-news/dev_pretokenized.jsonl	False		elmo_characters	True	single_id	just_spaces	semisupervised_text_classification_json	0.3805777223992951	10000
29	12	0.9336	0.4115761134514137	False	115000	elmo_characters	True	single_id	just_spaces	semisupervised_text_classification_json	elmo frozen	21	False	64	basic	0.2	['meanpool final_state attention maxpool']	True	481	1074	2	lstm	seq2seq	s3://allennlp/models/transformer-elmo-2019.01.10.tar.gz	['<S>', '</S>']	0.0	True	False	bidirectional_lm_token_embedder	50.0	https://s3-us-west-2.amazonaws.com/allennlp/datasets/glove/glove.6B.50d.txt.gz	True	classifier	12266.672	7195	0	5443	5653						/home/suching/reproducibility/data/ag-news/train_pretokenized.jsonl	0	0.5	2	reduce_on_plateau	50	1	0.0004917855663697573	adam	10	+accuracy	0.998069548430856	12266.672	14008.0	21	7195	0	5443	5653					0.003907563892506948	0	0.932	/home/suching/reproducibility/data/ag-news/dev_pretokenized.jsonl	False		elmo_characters	True	single_id	just_spaces	semisupervised_text_classification_json	0.5137223337505814	10000
30	19	0.9264	0.2305271415204941	False	115000	elmo_characters	True	single_id	just_spaces	semisupervised_text_classification_json	elmo frozen	28	False	64	basic	0.0	['maxpool attention']	True	69	1074	1	lstm	seq2seq	s3://allennlp/models/transformer-elmo-2019.01.10.tar.gz	['<S>', '</S>']	0.0	True	False	bidirectional_lm_token_embedder	50.0	https://s3-us-west-2.amazonaws.com/allennlp/datasets/glove/glove.6B.50d.txt.gz	True	classifier	12176.692	7163	0	6883	4913						/home/suching/reproducibility/data/ag-news/train_pretokenized.jsonl	0	0.5	2	reduce_on_plateau	50	1	0.02861361725883804	adam	10	+accuracy	0.9451125661962276	12176.692	15865.000000000002	28	7163	0	6883	4913					0.15542090661475474	0	0.9244	/home/suching/reproducibility/data/ag-news/dev_pretokenized.jsonl	False		elmo_characters	True	single_id	just_spaces	semisupervised_text_classification_json	0.23004429287548306	10000
31	4	0.9302	0.2210634663418124	False	115000	elmo_characters	True	single_id	just_spaces	semisupervised_text_classification_json	elmo frozen	13	False	64	basic	0.1	['final_state attention maxpool']	True	105	1074	2	lstm	seq2seq	s3://allennlp/models/transformer-elmo-2019.01.10.tar.gz	['<S>', '</S>']	0.0	True	False	bidirectional_lm_token_embedder	50.0	https://s3-us-west-2.amazonaws.com/allennlp/datasets/glove/glove.6B.50d.txt.gz	True	classifier	12185.803999999998	7257	0	3419	5703						/home/suching/reproducibility/data/ag-news/train_pretokenized.jsonl	0	0.5	2	reduce_on_plateau	50	1	0.0004646924730537284	adam	10	+accuracy	0.994869520604527	12185.803999999998	7826.000000000001	13	7257	0	3419	5703					0.014548858197516844	0	0.9248	/home/suching/reproducibility/data/ag-news/dev_pretokenized.jsonl	False		elmo_characters	True	single_id	just_spaces	semisupervised_text_classification_json	0.42160200803906106	10000
32	23	0.9228	0.227921402435514	False	115000	elmo_characters	True	single_id	just_spaces	semisupervised_text_classification_json	elmo frozen	32	False	64	basic	0.1	['maxpool meanpool final_state attention']	True	258	1074	2	lstm	seq2seq	s3://allennlp/models/transformer-elmo-2019.01.10.tar.gz	['<S>', '</S>']	0.0	True	False	bidirectional_lm_token_embedder	50.0	https://s3-us-west-2.amazonaws.com/allennlp/datasets/glove/glove.6B.50d.txt.gz	True	classifier	12200.756	6809	0	4985	3515						/home/suching/reproducibility/data/ag-news/train_pretokenized.jsonl	0	0.5	2	reduce_on_plateau	50	1	1.395752131462594e-05	adam	10	+accuracy	0.9475386742493414	12200.756	19026.0	32	3565	0	4985	3515					0.14847987597527346	0	0.9226	/home/suching/reproducibility/data/ag-news/dev_pretokenized.jsonl	False		elmo_characters	True	single_id	just_spaces	semisupervised_text_classification_json	0.2280350779242153	10000
33	3	0.928	0.23486958363954025	False	115000	elmo_characters	True	single_id	just_spaces	semisupervised_text_classification_json	elmo frozen	12	False	64	basic	0.1	['attention maxpool final_state']	True	393	1074	3	lstm	seq2seq	s3://allennlp/models/transformer-elmo-2019.01.10.tar.gz	['<S>', '</S>']	0.0	True	False	bidirectional_lm_token_embedder	50.0	https://s3-us-west-2.amazonaws.com/allennlp/datasets/glove/glove.6B.50d.txt.gz	True	classifier	12268.596	7009	4208	7231	5413						/home/suching/reproducibility/data/ag-news/train_pretokenized.jsonl	0	0.5	2	reduce_on_plateau	50	1	3.5611785533085555e-05	adam	10	+accuracy	0.9909651388272942	12268.596	8623.0	12	7009	4208	7231	5413					0.02766902979285056	0	0.923	/home/suching/reproducibility/data/ag-news/dev_pretokenized.jsonl	False		elmo_characters	True	single_id	just_spaces	semisupervised_text_classification_json	0.3803620969381514	10000
34	3	0.9256	0.23471891847026505	False	115000	elmo_characters	True	single_id	just_spaces	semisupervised_text_classification_json	elmo frozen	12	False	64	basic	0.3	['maxpool']	True	244	1074	3	lstm	seq2seq	s3://allennlp/models/transformer-elmo-2019.01.10.tar.gz	['<S>', '</S>']	0.0	True	False	bidirectional_lm_token_embedder	50.0	https://s3-us-west-2.amazonaws.com/allennlp/datasets/glove/glove.6B.50d.txt.gz	True	classifier	12203.824	6207	0	5353	6369						/home/suching/reproducibility/data/ag-news/train_pretokenized.jsonl	0	0.5	2	reduce_on_plateau	50	1	7.675206793602847e-05	adam	10	+accuracy	0.9889651214358386	12203.824	7749.000000000001	12	6207	0	5353	5703					0.031935453107585735	0	0.9226	/home/suching/reproducibility/data/ag-news/dev_pretokenized.jsonl	False		elmo_characters	True	single_id	just_spaces	semisupervised_text_classification_json	0.3677376471931421	10000
35	32	0.9142	0.2409739999831477	False	115000	elmo_characters	True	single_id	just_spaces	semisupervised_text_classification_json	elmo frozen	41	False	64	basic	0.3	['maxpool final_state attention']	True	316	1074	2	lstm	seq2seq	s3://allennlp/models/transformer-elmo-2019.01.10.tar.gz	['<S>', '</S>']	0.0	True	False	bidirectional_lm_token_embedder	50.0	https://s3-us-west-2.amazonaws.com/allennlp/datasets/glove/glove.6B.50d.txt.gz	True	classifier	12197.883999999998	7257	0	5497	5703						/home/suching/reproducibility/data/ag-news/train_pretokenized.jsonl	0	0.5	2	reduce_on_plateau	50	1	4.597431749557428e-06	adam	10	+accuracy	0.9190427742849938	12197.883999999998	24856.0	41	7257	0	3465	3459					0.2262028848371973	0	0.9142	/home/suching/reproducibility/data/ag-news/dev_pretokenized.jsonl	False		elmo_characters	True	single_id	just_spaces	semisupervised_text_classification_json	0.24078159288892265	10000
36	5	0.9266	0.22033428740275052	False	115000	elmo_characters	True	single_id	just_spaces	semisupervised_text_classification_json	elmo frozen	14	False	64	basic	0.2	['attention meanpool']	True	127	1074	3	lstm	seq2seq	s3://allennlp/models/transformer-elmo-2019.01.10.tar.gz	['<S>', '</S>']	0.0	True	False	bidirectional_lm_token_embedder	50.0	https://s3-us-west-2.amazonaws.com/allennlp/datasets/glove/glove.6B.50d.txt.gz	True	classifier	12182.536	7163	0	6907	4913						/home/suching/reproducibility/data/ag-news/train_pretokenized.jsonl	0	0.5	2	reduce_on_plateau	50	1	6.624737111423729e-05	adam	10	+accuracy	0.9675301524361082	12182.536	8465.0	14	0	0	6907	4913					0.09522657256633556	0	0.9252	/home/suching/reproducibility/data/ag-news/dev_pretokenized.jsonl	False		elmo_characters	True	single_id	just_spaces	semisupervised_text_classification_json	0.25180238730545285	10000
37	4	0.9338	0.19896379669633094	False	115000	elmo_characters	True	single_id	just_spaces	semisupervised_text_classification_json	elmo frozen	13	False	64	basic	0.3	['maxpool']	True	463	1074	2	lstm	seq2seq	s3://allennlp/models/transformer-elmo-2019.01.10.tar.gz	['<S>', '</S>']	0.0	True	False	bidirectional_lm_token_embedder	50.0	https://s3-us-west-2.amazonaws.com/allennlp/datasets/glove/glove.6B.50d.txt.gz	True	classifier	12261.996	6855	8117	5353	6369						/home/suching/reproducibility/data/ag-news/train_pretokenized.jsonl	0	0.5	2	reduce_on_plateau	50	1	0.000656829421292467	adam	10	+accuracy	0.9972695414742736	12261.996	8986.0	13	6855	8117	5353	6369					0.007142474145541574	0	0.9332	/home/suching/reproducibility/data/ag-news/dev_pretokenized.jsonl	False		elmo_characters	True	single_id	just_spaces	semisupervised_text_classification_json	0.4136145665204223	10000
38	11	0.8878	0.3379666897692258	False	115000	elmo_characters	True	single_id	just_spaces	semisupervised_text_classification_json	elmo frozen	20	False	64	basic	0.2	['meanpool attention']	True	70	1074	2	lstm	seq2seq	s3://allennlp/models/transformer-elmo-2019.01.10.tar.gz	['<S>', '</S>']	0.0	True	False	bidirectional_lm_token_embedder	50.0	https://s3-us-west-2.amazonaws.com/allennlp/datasets/glove/glove.6B.50d.txt.gz	True	classifier	12183.3	3383	1917	7231	5537						/home/suching/reproducibility/data/ag-news/train_pretokenized.jsonl	0	0.5	2	reduce_on_plateau	50	1	3.408632798042145e-06	adam	10	+accuracy	0.883512030539396	12183.3	11821.0	20	3383	0	6883	3789					0.33919345851599936	0	0.8868	/home/suching/reproducibility/data/ag-news/dev_pretokenized.jsonl	False		elmo_characters	True	single_id	just_spaces	semisupervised_text_classification_json	0.33460517340823065	10000
39	4	0.9348	0.20190787725622145	False	115000	elmo_characters	True	single_id	just_spaces	semisupervised_text_classification_json	elmo frozen	13	False	64	basic	0.0	['meanpool']	True	421	1074	2	lstm	seq2seq	s3://allennlp/models/transformer-elmo-2019.01.10.tar.gz	['<S>', '</S>']	0.0	True	False	bidirectional_lm_token_embedder	50.0	https://s3-us-west-2.amazonaws.com/allennlp/datasets/glove/glove.6B.50d.txt.gz	True	classifier	12247.784	5677	0	5443	3585						/home/suching/reproducibility/data/ag-news/train_pretokenized.jsonl	0	0.5	2	reduce_on_plateau	50	1	0.002649425319657157	adam	10	+accuracy	0.9973825859355301	12247.784	8571.0	13	5665	0	5443	3585					0.006084704672260563	0	0.9274	/home/suching/reproducibility/data/ag-news/dev_pretokenized.jsonl	False		elmo_characters	True	single_id	just_spaces	semisupervised_text_classification_json	0.5121382118874713	10000
40	6	0.9236	0.2468234407185	False	115000	elmo_characters	True	single_id	just_spaces	semisupervised_text_classification_json	elmo frozen	15	False	64	basic	0.0	['attention']	True	218	1074	3	lstm	seq2seq	s3://allennlp/models/transformer-elmo-2019.01.10.tar.gz	['<S>', '</S>']	0.0	True	False	bidirectional_lm_token_embedder	50.0	https://s3-us-west-2.amazonaws.com/allennlp/datasets/glove/glove.6B.50d.txt.gz	True	classifier	12193.376	7257	0	3465	3585						/home/suching/reproducibility/data/ag-news/train_pretokenized.jsonl	0	0.5	2	reduce_on_plateau	50	1	3.197793275610741e-05	adam	10	+accuracy	0.9692519065383176	12193.376	9330.0	15	3499	0	3465	3585					0.08902688470602235	0	0.9194	/home/suching/reproducibility/data/ag-news/dev_pretokenized.jsonl	False		elmo_characters	True	single_id	just_spaces	semisupervised_text_classification_json	0.2747882445213161	10000
41	4	0.9372	0.22686881982261625	False	115000	elmo_characters	True	single_id	just_spaces	semisupervised_text_classification_json	elmo frozen	13	False	64	basic	0.0	['meanpool maxpool final_state attention']	True	179	1074	2	lstm	seq2seq	s3://allennlp/models/transformer-elmo-2019.01.10.tar.gz	['<S>', '</S>']	0.0	True	False	bidirectional_lm_token_embedder	50.0	https://s3-us-west-2.amazonaws.com/allennlp/datasets/glove/glove.6B.50d.txt.gz	True	classifier	12185.924	5445	0	7081	3667						/home/suching/reproducibility/data/ag-news/train_pretokenized.jsonl	0	0.5	2	reduce_on_plateau	50	1	0.000749871624562602	adam	10	+accuracy	0.9972869329298516	12185.924	7948.000000000001	13	5445	0	7081	3667					0.007545145028373786	0	0.9298	/home/suching/reproducibility/data/ag-news/dev_pretokenized.jsonl	False		elmo_characters	True	single_id	just_spaces	semisupervised_text_classification_json	0.4251728946272331	10000
42	33	0.2816	1.3806725514085991	False	115000	elmo_characters	True	single_id	just_spaces	semisupervised_text_classification_json	elmo frozen	42	False	64	basic	0.4	['attention maxpool final_state meanpool']	True	393	1074	3	lstm	seq2seq	s3://allennlp/models/transformer-elmo-2019.01.10.tar.gz	['<S>', '</S>']	0.0	True	False	bidirectional_lm_token_embedder	50.0	https://s3-us-west-2.amazonaws.com/allennlp/datasets/glove/glove.6B.50d.txt.gz	True	classifier	12268.268	7195	8029	7081	3667						/home/suching/reproducibility/data/ag-news/train_pretokenized.jsonl	0	0.5	2	reduce_on_plateau	50	1	0.08459127295767711	adam	10	+accuracy	0.2623935860311829	12268.268	27819.0	42	5545	0	5411	3667					1.3833885910647672	0	0.2692	/home/suching/reproducibility/data/ag-news/dev_pretokenized.jsonl	False		elmo_characters	True	single_id	just_spaces	semisupervised_text_classification_json	1.3799958153616023	10000
43	4	0.9304	0.21862125019483927	False	115000	elmo_characters	True	single_id	just_spaces	semisupervised_text_classification_json	elmo frozen	13	False	64	basic	0.2	['maxpool final_state meanpool']	True	186	1074	2	lstm	seq2seq	s3://allennlp/models/transformer-elmo-2019.01.10.tar.gz	['<S>', '</S>']	0.0	True	False	bidirectional_lm_token_embedder	50.0	https://s3-us-west-2.amazonaws.com/allennlp/datasets/glove/glove.6B.50d.txt.gz	True	classifier	12190.516	3499	0	5443	6905						/home/suching/reproducibility/data/ag-news/train_pretokenized.jsonl	0	0.5	2	reduce_on_plateau	50	1	0.0061087373117591605	adam	10	+accuracy	0.9898868685814659	12190.516	7916.000000000001	13	3499	0	5443	3585					0.028700572300744312	0	0.9194	/home/suching/reproducibility/data/ag-news/dev_pretokenized.jsonl	False		elmo_characters	True	single_id	just_spaces	semisupervised_text_classification_json	0.44706295694731457	10000
44	16	0.914	0.2404441976849037	False	115000	elmo_characters	True	single_id	just_spaces	semisupervised_text_classification_json	elmo frozen	25	False	64	basic	0.0	['meanpool maxpool final_state']	True	212	1074	2	lstm	seq2seq	s3://allennlp/models/transformer-elmo-2019.01.10.tar.gz	['<S>', '</S>']	0.0	True	False	bidirectional_lm_token_embedder	50.0	https://s3-us-west-2.amazonaws.com/allennlp/datasets/glove/glove.6B.50d.txt.gz	True	classifier	12191.408	5407	0	3503	5783						/home/suching/reproducibility/data/ag-news/train_pretokenized.jsonl	0	0.5	2	reduce_on_plateau	50	1	5.9794937854360135e-06	adam	10	+accuracy	0.9174775432829848	12191.408	14616.000000000002	25	3587	0	3503	5299					0.2305647220729985	0	0.9138	/home/suching/reproducibility/data/ag-news/dev_pretokenized.jsonl	False		elmo_characters	True	single_id	just_spaces	semisupervised_text_classification_json	0.2398840475685989	10000
45	7	0.9294	0.30392100275317324	False	115000	elmo_characters	True	single_id	just_spaces	semisupervised_text_classification_json	elmo frozen	16	False	64	basic	0.4	['meanpool attention final_state maxpool']	True	429	1074	2	lstm	seq2seq	s3://allennlp/models/transformer-elmo-2019.01.10.tar.gz	['<S>', '</S>']	0.0	True	False	bidirectional_lm_token_embedder	50.0	https://s3-us-west-2.amazonaws.com/allennlp/datasets/glove/glove.6B.50d.txt.gz	True	classifier	12252.764	8009	0	3661	5299						/home/suching/reproducibility/data/ag-news/train_pretokenized.jsonl	0	0.5	2	reduce_on_plateau	50	1	0.0038593178039173256	adam	10	+accuracy	0.9967477978069376	12252.764	10585.0	16	8009	0	3661	5299					0.008446455494565625	0	0.9226	/home/suching/reproducibility/data/ag-news/dev_pretokenized.jsonl	False		elmo_characters	True	single_id	just_spaces	semisupervised_text_classification_json	0.7653451948603497	10000
46	17	0.9144	0.23790556965749474	False	115000	elmo_characters	True	single_id	just_spaces	semisupervised_text_classification_json	elmo frozen	26	False	64	basic	0.0	['attention maxpool']	True	415	1074	3	lstm	seq2seq	s3://allennlp/models/transformer-elmo-2019.01.10.tar.gz	['<S>', '</S>']	0.0	True	False	bidirectional_lm_token_embedder	50.0	https://s3-us-west-2.amazonaws.com/allennlp/datasets/glove/glove.6B.50d.txt.gz	True	classifier	12279.896	8009	0	5353	6369						/home/suching/reproducibility/data/ag-news/train_pretokenized.jsonl	0	0.5	2	reduce_on_plateau	50	1	3.666799335391732e-06	adam	10	+accuracy	0.9254515256654404	12279.896	18017.0	26	8009	0	5353	6369					0.20962133303566585	0	0.914	/home/suching/reproducibility/data/ag-news/dev_pretokenized.jsonl	False		elmo_characters	True	single_id	just_spaces	semisupervised_text_classification_json	0.2376553877433644	10000
47	3	0.9322	0.20959515968644168	False	115000	elmo_characters	True	single_id	just_spaces	semisupervised_text_classification_json	elmo frozen	12	False	64	basic	0.2	['final_state attention meanpool']	True	276	1074	1	lstm	seq2seq	s3://allennlp/models/transformer-elmo-2019.01.10.tar.gz	['<S>', '</S>']	0.0	True	False	bidirectional_lm_token_embedder	50.0	https://s3-us-west-2.amazonaws.com/allennlp/datasets/glove/glove.6B.50d.txt.gz	True	classifier	12185.132	7009	4636	7231	5507						/home/suching/reproducibility/data/ag-news/train_pretokenized.jsonl	0	0.5	2	reduce_on_plateau	50	1	0.0016638224082789251	adam	10	+accuracy	0.996530404612214	12185.132	7267.0	12	3383	1917	7231	5507					0.010689594658893941	0	0.926	/home/suching/reproducibility/data/ag-news/dev_pretokenized.jsonl	False		elmo_characters	True	single_id	just_spaces	semisupervised_text_classification_json	0.41074751836212375	10000
48	8	0.9278	0.2709442838271962	False	115000	elmo_characters	True	single_id	just_spaces	semisupervised_text_classification_json	elmo frozen	17	False	64	basic	0.3	['final_state']	True	84	1074	1	lstm	seq2seq	s3://allennlp/models/transformer-elmo-2019.01.10.tar.gz	['<S>', '</S>']	0.0	True	False	bidirectional_lm_token_embedder	50.0	https://s3-us-west-2.amazonaws.com/allennlp/datasets/glove/glove.6B.50d.txt.gz	True	classifier	12179.436000000003	3681	0	4985	5299						/home/suching/reproducibility/data/ag-news/train_pretokenized.jsonl	0	0.5	2	reduce_on_plateau	50	1	0.007404645938806399	adam	10	+accuracy	0.9901999147818676	12179.436000000003	9731.0	17	3565	0	4985	5299					0.028259134251244974	0	0.92	/home/suching/reproducibility/data/ag-news/dev_pretokenized.jsonl	False		elmo_characters	True	single_id	just_spaces	semisupervised_text_classification_json	0.4066100420925436	10000
49	17	0.9142	0.25571260639006577	False	115000	elmo_characters	True	single_id	just_spaces	semisupervised_text_classification_json	elmo frozen	26	False	64	basic	0.4	['maxpool']	True	245	1074	1	lstm	seq2seq	s3://allennlp/models/transformer-elmo-2019.01.10.tar.gz	['<S>', '</S>']	0.0	True	False	bidirectional_lm_token_embedder	50.0	https://s3-us-west-2.amazonaws.com/allennlp/datasets/glove/glove.6B.50d.txt.gz	True	classifier	12207.22	8009	0	5353	5299						/home/suching/reproducibility/data/ag-news/train_pretokenized.jsonl	0	0.5	2	reduce_on_plateau	50	1	0.035193856892160265	adam	10	+accuracy	0.9063296202575676	12207.22	14690.000000000002	26	8009	0	5353	5299					0.2679940638654286	0	0.9112	/home/suching/reproducibility/data/ag-news/dev_pretokenized.jsonl	False		elmo_characters	True	single_id	just_spaces	semisupervised_text_classification_json	0.2505255482996566	10000
0	13	0.8708	0.3762814637487102	False	115000		True	single_id	just_spaces	semisupervised_text_classification_json	glove	22	False	32	basic	0.0	['attention maxpool meanpool']	True	261	50	1	lstm	seq2seq							50.0	https://s3-us-west-2.amazonaws.com/allennlp/datasets/glove/glove.6B.50d.txt.gz	True	classifier	3446.592	1248	792	940	1534	1942.0	792.0	1396.0	1368.0		/home/suching/reproducibility/data/ag-news/train_pretokenized.jsonl	0	0.5	2	reduce_on_plateau	50	1	3.981983524941146e-06	adam	10	+accuracy	0.8653031765493613	3446.592	2547.0	22	1238	792	764	1534	1122.0	760.0	1396.0	686.0	0.3804258115975208	0	0.8706	/home/suching/reproducibility/data/ag-news/dev_pretokenized.jsonl	False			True	single_id	just_spaces	semisupervised_text_classification_json	0.3739205501071967	10000
1	16	0.9176	0.24206280573063602	False	115000		True	single_id	just_spaces	semisupervised_text_classification_json	glove	25	False	32	basic	0.2	['attention final_state maxpool']	True	215	50	2	lstm	seq2seq							50.0	https://s3-us-west-2.amazonaws.com/allennlp/datasets/glove/glove.6B.50d.txt.gz	True	classifier	3454.22	836	2064	1586	1472	1336.0	784.0	922.0	1388.0		/home/suching/reproducibility/data/ag-news/train_pretokenized.jsonl	0	0.5	2	reduce_on_plateau	50	1	7.412911268980818e-05	adam	10	+accuracy	0.9296080835485526	3454.22	4001.0000000000014	25	836	2064	1586	996	1202.0	784.0	732.0	1388.0	0.199517887794663	0	0.9168	/home/suching/reproducibility/data/ag-news/dev_pretokenized.jsonl	False			True	single_id	just_spaces	semisupervised_text_classification_json	0.2423179639610136	10000
2	3	0.92	0.26110454985670223	False	115000		True	single_id	just_spaces	semisupervised_text_classification_json	glove	12	False	32	basic	0.0	['meanpool maxpool']	True	330	50	1	lstm	seq2seq							50.0	https://s3-us-west-2.amazonaws.com/allennlp/datasets/glove/glove.6B.50d.txt.gz	True	classifier	3449.592	1274	2154	910	668	1768.0	1160.0	882.0	866.0		/home/suching/reproducibility/data/ag-news/train_pretokenized.jsonl	0	0.5	2	reduce_on_plateau	50	1	0.0020671674684087397	adam	10	+accuracy	0.9971564970130176	3449.592	1479.0	12	1274	2154	910	668	1768.0	626.0	882.0	726.0	0.007263773627155272	0	0.9164	/home/suching/reproducibility/data/ag-news/dev_pretokenized.jsonl	False			True	single_id	just_spaces	semisupervised_text_classification_json	0.4882111877297899	10000
3	1	0.9066	0.28608022952915	False	115000		True	single_id	just_spaces	semisupervised_text_classification_json	glove	10	False	32	basic	0.3	['attention final_state meanpool maxpool']	True	188	50	2	lstm	seq2seq							50.0	https://s3-us-west-2.amazonaws.com/allennlp/datasets/glove/glove.6B.50d.txt.gz	True	classifier	3452.256	1324	2154	940	1242	1768.0	1160.0	1326.0	750.0		/home/suching/reproducibility/data/ag-news/train_pretokenized.jsonl	0	0.5	2	reduce_on_plateau	50	1	0.010958216749305751	adam	10	+accuracy	0.9215645353437856	3452.248	1571.0	10	1274	718	940	1196	1768.0	640.0	1326.0	750.0	0.2239875673691125	0	0.9056	/home/suching/reproducibility/data/ag-news/dev_pretokenized.jsonl	False			True	single_id	just_spaces	semisupervised_text_classification_json	0.2987210421947537	10000
4	19	0.9046	0.26980310227650744	False	115000		True	single_id	just_spaces	semisupervised_text_classification_json	glove	28	False	32	basic	0.0	['meanpool attention']	True	417	50	3	lstm	seq2seq							50.0	https://s3-us-west-2.amazonaws.com/allennlp/datasets/glove/glove.6B.50d.txt.gz	True	classifier	3493.36	940	2154	1586	1472	1406.0	1500.0	922.0	1510.0		/home/suching/reproducibility/data/ag-news/train_pretokenized.jsonl	0	0.5	2	reduce_on_plateau	50	1	2.9246000600364147e-05	adam	10	+accuracy	0.9110166175358048	3493.36	7040.0	28	856	2154	1586	1338	726.0	1500.0	764.0	1316.0	0.2466811202839639	0	0.9036	/home/suching/reproducibility/data/ag-news/dev_pretokenized.jsonl	False			True	single_id	just_spaces	semisupervised_text_classification_json	0.2693420857855469	10000
5	17	0.9204	0.23515386578098985	False	115000		True	single_id	just_spaces	semisupervised_text_classification_json	glove	26	False	32	basic	0.4	['final_state meanpool maxpool attention']	True	260	50	3	lstm	seq2seq							50.0	https://s3-us-west-2.amazonaws.com/allennlp/datasets/glove/glove.6B.50d.txt.gz	True	classifier	3474.196	1324	792	940	1534	1942.0	792.0	1396.0	1368.0		/home/suching/reproducibility/data/ag-news/train_pretokenized.jsonl	0	0.5	2	reduce_on_plateau	50	1	9.231485364554902e-05	adam	10	+accuracy	0.9380342437760328	3474.196	5191.0	26	1238	694	786	1534	1158.0	760.0	1396.0	686.0	0.17476124225239256	0	0.9198	/home/suching/reproducibility/data/ag-news/dev_pretokenized.jsonl	False			True	single_id	just_spaces	semisupervised_text_classification_json	0.23603851763401065	10000
6	4	0.922	0.23497716337442398	False	115000		True	single_id	just_spaces	semisupervised_text_classification_json	glove	13	False	32	basic	0.0	['final_state attention meanpool maxpool']	True	250	50	2	lstm	seq2seq							50.0	https://s3-us-west-2.amazonaws.com/allennlp/datasets/glove/glove.6B.50d.txt.gz	True	classifier	3459.308	0	0	0	0	0.0	0.0	1761.0	1099.0		/home/suching/reproducibility/data/ag-news/train_pretokenized.jsonl	0	0.5	2	reduce_on_plateau	50	1	0.00040629182365330136	adam	10	+accuracy	0.995852137844677	3459.304	1797.0	13	0	0	0	0	0.0	0.0	1761.0	1067.0	0.015648452557785863	0	0.917	/home/suching/reproducibility/data/ag-news/dev_pretokenized.jsonl	False			True	single_id	just_spaces	semisupervised_text_classification_json	0.4344991300622844	10000
7	1	0.9192	0.2381979324350691	False	115000		True	single_id	just_spaces	semisupervised_text_classification_json	glove	10	False	32	basic	0.3	['maxpool final_state']	True	308	50	1	lstm	seq2seq							50.0	https://s3-us-west-2.amazonaws.com/allennlp/datasets/glove/glove.6B.50d.txt.gz	True	classifier	3450.1	810	2064	1586	848	898.0	784.0	922.0	1388.0		/home/suching/reproducibility/data/ag-news/train_pretokenized.jsonl	0	0.5	2	reduce_on_plateau	50	1	0.0013829654866325625	adam	10	+accuracy	0.9911738362942286	3450.1	1222.0	10	810	2064	1586	848	898.0	784.0	732.0	1328.0	0.02622407555432952	0	0.9082	/home/suching/reproducibility/data/ag-news/dev_pretokenized.jsonl	False			True	single_id	just_spaces	semisupervised_text_classification_json	0.5280643948561446	10000
8	3	0.9252	0.2365034446357541	False	115000		True	single_id	just_spaces	semisupervised_text_classification_json	glove	12	False	32	basic	0.2	['meanpool maxpool final_state']	True	223	50	2	lstm	seq2seq							50.0	https://s3-us-west-2.amazonaws.com/allennlp/datasets/glove/glove.6B.50d.txt.gz	True	classifier	3455.276	1224	2154	910	668	1768.0	898.0	890.0	866.0		/home/suching/reproducibility/data/ag-news/train_pretokenized.jsonl	0	0.5	2	reduce_on_plateau	50	1	0.000846260722601279	adam	10	+accuracy	0.9960956182227672	3455.248	1967.0	12	1224	2154	882	668	1768.0	878.0	842.0	866.0	0.011805768033419005	0	0.9154	/home/suching/reproducibility/data/ag-news/dev_pretokenized.jsonl	False			True	single_id	just_spaces	semisupervised_text_classification_json	0.5743394022819343	10000
9	12	0.8782	0.34893153792923426	False	115000		True	single_id	just_spaces	semisupervised_text_classification_json	glove	21	False	32	basic	0.1	['final_state']	True	214	50	1	lstm	seq2seq							50.0	https://s3-us-west-2.amazonaws.com/allennlp/datasets/glove/glove.6B.50d.txt.gz	True	classifier	3445.9040000000005	940	2154	764	1446	1598.0	1500.0	890.0	1548.0		/home/suching/reproducibility/data/ag-news/train_pretokenized.jsonl	0	0.5	2	reduce_on_plateau	50	1	8.902247458260631e-06	adam	10	+accuracy	0.8760684875520657	3445.9040000000005	2308.0	21	940	2154	764	660	1598.0	734.0	890.0	1548.0	0.3439028476492922	0	0.8776	/home/suching/reproducibility/data/ag-news/dev_pretokenized.jsonl	False			True	single_id	just_spaces	semisupervised_text_classification_json	0.34692125886109226	10000
10	15	0.8768	0.35419881562138816	False	115000		True	single_id	just_spaces	semisupervised_text_classification_json	glove	24	False	32	basic	0.1	['attention meanpool']	True	68	50	1	lstm	seq2seq							50.0	https://s3-us-west-2.amazonaws.com/allennlp/datasets/glove/glove.6B.50d.txt.gz	True	classifier	3445.684	644	1092	1586	1472	872.0	784.0	922.0	674.0		/home/suching/reproducibility/data/ag-news/train_pretokenized.jsonl	0	0.5	2	reduce_on_plateau	50	1	1.3312166417665324e-05	adam	10	+accuracy	0.8761293576465883	3445.684	2681.0	24	644	1092	1586	812	872.0	784.0	922.0	674.0	0.353881496737069	0	0.8764	/home/suching/reproducibility/data/ag-news/dev_pretokenized.jsonl	False			True	single_id	just_spaces	semisupervised_text_classification_json	0.35312595431971705	10000
11	22	0.884	0.32495054099590154	False	115000		True	single_id	just_spaces	semisupervised_text_classification_json	glove	31	False	32	basic	0.3	['attention maxpool']	True	449	50	3	lstm	seq2seq							50.0	https://s3-us-west-2.amazonaws.com/allennlp/datasets/glove/glove.6B.50d.txt.gz	True	classifier	3494.94	1324	2154	940	1484	1854.0	1500.0	1396.0	1548.0		/home/suching/reproducibility/data/ag-news/train_pretokenized.jsonl	0	0.5	2	reduce_on_plateau	50	1	7.330328335839749e-06	adam	10	+accuracy	0.8849989999913043	3494.94	8309.0	31	1248	746	940	1484	1854.0	728.0	1396.0	1292.0	0.32146854646313205	0	0.8834	/home/suching/reproducibility/data/ag-news/dev_pretokenized.jsonl	False			True	single_id	just_spaces	semisupervised_text_classification_json	0.3244371809017886	10000
12	4	0.9234	0.2361827497459521	False	115000		True	single_id	just_spaces	semisupervised_text_classification_json	glove	13	False	32	basic	0.3	['maxpool']	True	288	50	1	lstm	seq2seq							50.0	https://s3-us-west-2.amazonaws.com/allennlp/datasets/glove/glove.6B.50d.txt.gz	True	classifier	3448.156	940	2154	1666	1446	758.0	1500.0	864.0	1548.0		/home/suching/reproducibility/data/ag-news/train_pretokenized.jsonl	0	0.5	2	reduce_on_plateau	50	1	0.0005669523479018688	adam	10	+accuracy	0.9776085009434864	3448.156	1446.0	13	940	2154	716	1446	758.0	1500.0	864.0	1548.0	0.0666997360410744	0	0.921	/home/suching/reproducibility/data/ag-news/dev_pretokenized.jsonl	False			True	single_id	just_spaces	semisupervised_text_classification_json	0.3046137057482057	10000
13	23	0.879	0.3421368026619504	False	115000		True	single_id	just_spaces	semisupervised_text_classification_json	glove	32	False	32	basic	0.2	['meanpool']	True	181	50	3	lstm	seq2seq							50.0	https://s3-us-west-2.amazonaws.com/allennlp/datasets/glove/glove.6B.50d.txt.gz	True	classifier	3455.5640000000008	1294	712	812	1534	1180.0	776.0	1396.0	686.0		/home/suching/reproducibility/data/ag-news/train_pretokenized.jsonl	0	0.5	2	reduce_on_plateau	50	1	6.007999360587722e-06	adam	10	+accuracy	0.8795641701232184	3455.5640000000008	5024.0	32	1	1	1	1	1180.0	1.0	1.0	1.0	0.34049766165975004	0	0.879	/home/suching/reproducibility/data/ag-news/dev_pretokenized.jsonl	False			True	single_id	just_spaces	semisupervised_text_classification_json	0.3421043282861163	10000
14	0	0.9124	0.274146197494238	False	115000		True	single_id	just_spaces	semisupervised_text_classification_json	glove	9	False	32	basic	0.2	['meanpool final_state']	True	301	50	2	lstm	seq2seq							50.0	https://s3-us-west-2.amazonaws.com/allennlp/datasets/glove/glove.6B.50d.txt.gz	True	classifier	3460.092	836	2064	1586	1070	1406.0	1500.0	772.0	1448.0		/home/suching/reproducibility/data/ag-news/train_pretokenized.jsonl	0	0.5	2	reduce_on_plateau	50	1	0.007009694128257523	adam	10	+accuracy	0.9326950669136254	3460.092	1547.0	9	836	2064	1586	1070	1406.0	1500.0	772.0	1448.0	0.1883074951196959	0	0.9026	/home/suching/reproducibility/data/ag-news/dev_pretokenized.jsonl	False			True	single_id	just_spaces	semisupervised_text_classification_json	0.3141266351245391	10000
15	15	0.8716	0.3771291488105325	False	115000		True	single_id	just_spaces	semisupervised_text_classification_json	glove	24	False	32	basic	0.2	['attention meanpool maxpool']	True	451	50	2	lstm	seq2seq							50.0	https://s3-us-west-2.amazonaws.com/allennlp/datasets/glove/glove.6B.50d.txt.gz	True	classifier	3476.16	940	2154	1586	1446	1598.0	1500.0	890.0	1548.0		/home/suching/reproducibility/data/ag-news/train_pretokenized.jsonl	0	0.5	2	reduce_on_plateau	50	1	1.4872136260095812e-06	adam	10	+accuracy	0.8644509952260454	3476.16	4845.0	24	940	2154	740	660	1598.0	1500.0	890.0	1548.0	0.3792009420949981	0	0.8712	/home/suching/reproducibility/data/ag-news/dev_pretokenized.jsonl	False			True	single_id	just_spaces	semisupervised_text_classification_json	0.3761770613728815	10000
16	1	0.9206	0.2463717222403569	False	115000		True	single_id	just_spaces	semisupervised_text_classification_json	glove	10	False	32	basic	0.4	['attention']	True	211	50	2	lstm	seq2seq							50.0	https://s3-us-west-2.amazonaws.com/allennlp/datasets/glove/glove.6B.50d.txt.gz	True	classifier	3453.376	870	2154	882	660	1768.0	858.0	890.0	1548.0		/home/suching/reproducibility/data/ag-news/train_pretokenized.jsonl	0	0.5	2	reduce_on_plateau	50	1	0.007548426662786509	adam	10	+accuracy	0.937182062452717	3453.376	1610.0	10	870	2154	882	660	1768.0	858.0	806.0	838.0	0.17820768406781545	0	0.9066	/home/suching/reproducibility/data/ag-news/dev_pretokenized.jsonl	False			True	single_id	just_spaces	semisupervised_text_classification_json	0.2970292706066256	10000
17	1	0.915	0.25067392921751475	False	115000		True	single_id	just_spaces	semisupervised_text_classification_json	glove	10	False	32	basic	0.0	['attention maxpool']	True	148	50	2	lstm	seq2seq							50.0	https://s3-us-west-2.amazonaws.com/allennlp/datasets/glove/glove.6B.50d.txt.gz	True	classifier	3449.488	1294	712	812	1534	1158.0	776.0	1396.0	686.0		/home/suching/reproducibility/data/ag-news/train_pretokenized.jsonl	0	0.5	2	reduce_on_plateau	50	1	0.005815546011963029	adam	10	+accuracy	0.9616257532674196	3449.488	1507.0	10	1294	712	812	1	1110.0	776.0	1396.0	686.0	0.10817494916402604	0	0.9072	/home/suching/reproducibility/data/ag-news/dev_pretokenized.jsonl	False			True	single_id	just_spaces	semisupervised_text_classification_json	0.33014137978861285	10000
18	6	0.9142	0.3414651611048705	False	115000		True	single_id	just_spaces	semisupervised_text_classification_json	glove	15	False	32	basic	0.1	['final_state']	True	326	50	3	lstm	seq2seq							50.0	https://s3-us-west-2.amazonaws.com/allennlp/datasets/glove/glove.6B.50d.txt.gz	True	classifier	3476.752	862	2154	1586	1338	1406.0	1500.0	772.0	1510.0		/home/suching/reproducibility/data/ag-news/train_pretokenized.jsonl	0	0.5	2	reduce_on_plateau	50	1	0.003939221849224635	adam	10	+accuracy	0.9966956234402038	3476.752	3239.0	15	862	2154	1586	1338	1406.0	1500.0	772.0	1510.0	0.007919139256644269	0	0.9068	/home/suching/reproducibility/data/ag-news/dev_pretokenized.jsonl	False			True	single_id	just_spaces	semisupervised_text_classification_json	0.8388156608358073	10000
19	43	0.8568	0.41103408566326094	False	115000		True	single_id	just_spaces	semisupervised_text_classification_json	glove	49	False	32	basic	0.4	['attention final_state']	True	115	50	1	lstm	seq2seq							50.0	https://s3-us-west-2.amazonaws.com/allennlp/datasets/glove/glove.6B.50d.txt.gz	True	classifier	3445.1240000000007	1274	2154	910	668	1768.0	1500.0	1260.0	1548.0		/home/suching/reproducibility/data/ag-news/train_pretokenized.jsonl	0	0.5	2	reduce_on_plateau	50	1	3.5000201729112997e-06	adam	10	+accuracy	0.8538943816902755	3445.1240000000007	5369.0	49	1274	718	910	668	1768.0	640.0	1260.0	750.0	0.4184108381975871	0	0.8566	/home/suching/reproducibility/data/ag-news/dev_pretokenized.jsonl	False			True	single_id	just_spaces	semisupervised_text_classification_json	0.4107716076882781	10000
20	11	0.9214	0.2387860427806332	False	115000		True	single_id	just_spaces	semisupervised_text_classification_json	glove	20	False	32	basic	0.2	['meanpool']	True	102	50	3	lstm	seq2seq							50.0	https://s3-us-west-2.amazonaws.com/allennlp/datasets/glove/glove.6B.50d.txt.gz	True	classifier	3452.112	862	2154	1586	1338	1406.0	1500.0	772.0	1510.0		/home/suching/reproducibility/data/ag-news/train_pretokenized.jsonl	0	0.5	2	reduce_on_plateau	50	1	0.0001478852958644115	adam	10	+accuracy	0.944529952434369	3452.112	3704.0000000000014	20	800	2154	1586	1338	1406.0	1500.0	772.0	1510.0	0.16274106746117606	0	0.9196	/home/suching/reproducibility/data/ag-news/dev_pretokenized.jsonl	False			True	single_id	just_spaces	semisupervised_text_classification_json	0.2436293121071378	10000
21	4	0.9208	0.2478576834627967	False	115000		True	single_id	just_spaces	semisupervised_text_classification_json	glove	13	False	32	basic	0.4	['final_state meanpool attention maxpool']	True	425	50	3	lstm	seq2seq							50.0	https://s3-us-west-2.amazonaws.com/allennlp/datasets/glove/glove.6B.50d.txt.gz	True	classifier	3490.024000000001	940	2154	1666	1446	1598.0	1500.0	890.0	1548.0		/home/suching/reproducibility/data/ag-news/train_pretokenized.jsonl	0	0.5	2	reduce_on_plateau	50	1	0.0007749567184646367	adam	10	+accuracy	0.9961912712284454	3490.024000000001	3519.0	13	940	2154	764	660	1598.0	734.0	890.0	1548.0	0.009629584299616823	0	0.9098	/home/suching/reproducibility/data/ag-news/dev_pretokenized.jsonl	False			True	single_id	just_spaces	semisupervised_text_classification_json	0.6858535582425108	10000
22	1	0.9208	0.2361925022712179	False	115000		True	single_id	just_spaces	semisupervised_text_classification_json	glove	10	False	32	basic	0.1	['attention final_state']	True	264	50	1	lstm	seq2seq							50.0	https://s3-us-west-2.amazonaws.com/allennlp/datasets/glove/glove.6B.50d.txt.gz	True	classifier	3446.332000000001	644	1024	1508	1414	826.0	784.0	898.0	674.0		/home/suching/reproducibility/data/ag-news/train_pretokenized.jsonl	0	0.5	2	reduce_on_plateau	50	1	0.0018983860690702445	adam	10	+accuracy	0.9954434386385967	3446.332000000001	1262.0	10	644	1024	1508	1414	826.0	784.0	898.0	674.0	0.013959949400792138	0	0.9112	/home/suching/reproducibility/data/ag-news/dev_pretokenized.jsonl	False			True	single_id	just_spaces	semisupervised_text_classification_json	0.6336847485820201	10000
23	19	0.8696	0.3790362553706593	False	115000		True	single_id	just_spaces	semisupervised_text_classification_json	glove	28	False	32	basic	0.2	['maxpool']	True	491	50	1	lstm	seq2seq							50.0	https://s3-us-west-2.amazonaws.com/allennlp/datasets/glove/glove.6B.50d.txt.gz	True	classifier	3451.216	940	2154	1666	1446	1598.0	1500.0	890.0	1548.0		/home/suching/reproducibility/data/ag-news/train_pretokenized.jsonl	0	0.5	2	reduce_on_plateau	50	1	3.6294170099157113e-06	adam	10	+accuracy	0.8644336037704675	3451.216	3679.0000000000014	28	940	2154	11	660	1598.0	734.0	890.0	1548.0	0.3875428195078803	0	0.8692	/home/suching/reproducibility/data/ag-news/dev_pretokenized.jsonl	False			True	single_id	just_spaces	semisupervised_text_classification_json	0.3786425125447048	10000
24	20	0.8606	0.4088087317765139	False	115000		True	single_id	just_spaces	semisupervised_text_classification_json	glove	29	False	32	basic	0.2	['attention maxpool final_state']	True	188	50	2	lstm	seq2seq							50.0	https://s3-us-west-2.amazonaws.com/allennlp/datasets/glove/glove.6B.50d.txt.gz	True	classifier	3453.864	1294	792	812	1534	1158.0	776.0	1396.0	686.0		/home/suching/reproducibility/data/ag-news/train_pretokenized.jsonl	0	0.5	2	reduce_on_plateau	50	1	0.0447876102856161	adam	10	+accuracy	0.9132427238497726	3453.864	4037.0000000000014	29	1	1	812	1	1146.0	1.0	1.0	1.0	0.25140953268886906	0	0.8564	/home/suching/reproducibility/data/ag-news/dev_pretokenized.jsonl	False			True	single_id	just_spaces	semisupervised_text_classification_json	0.4258134876656684	10000
25	7	0.923	0.22966315941351234	False	115000		True	single_id	just_spaces	semisupervised_text_classification_json	glove	16	False	32	basic	0.4	['attention meanpool final_state maxpool']	True	430	50	2	lstm	seq2seq							50.0	https://s3-us-west-2.amazonaws.com/allennlp/datasets/glove/glove.6B.50d.txt.gz	True	classifier	3467.664	1294	792	940	1534	1158.0	776.0	1396.0	1368.0		/home/suching/reproducibility/data/ag-news/train_pretokenized.jsonl	0	0.5	2	reduce_on_plateau	50	1	0.00015507025734266106	adam	10	+accuracy	0.9635301176531972	3467.664	3107.0	16	1294	1	812	1	1146.0	1.0	1.0	1.0	0.10418511825910644	0	0.9212	/home/suching/reproducibility/data/ag-news/dev_pretokenized.jsonl	False			True	single_id	just_spaces	semisupervised_text_classification_json	0.2624405544417299	10000
26	0	0.8976	0.2938568395366714	False	115000		True	single_id	just_spaces	semisupervised_text_classification_json	glove	9	False	32	basic	0.0	['attention meanpool final_state maxpool']	True	156	50	2	lstm	seq2seq							50.0	https://s3-us-west-2.amazonaws.com/allennlp/datasets/glove/glove.6B.50d.txt.gz	True	classifier	3447.72	940	2154	882	660	1598.0	734.0	890.0	1548.0		/home/suching/reproducibility/data/ag-news/train_pretokenized.jsonl	0	0.5	2	reduce_on_plateau	50	1	0.014612112734412016	adam	10	+accuracy	0.9029817650588264	3447.72	1452.0	9	844	2154	882	660	1598.0	734.0	890.0	810.0	0.27483029037083795	0	0.8888	/home/suching/reproducibility/data/ag-news/dev_pretokenized.jsonl	False			True	single_id	just_spaces	semisupervised_text_classification_json	0.32983008010467146	10000
27	23	0.8878	0.32410389237153303	False	115000		True	single_id	just_spaces	semisupervised_text_classification_json	glove	32	False	32	basic	0.0	['meanpool maxpool']	True	204	50	2	lstm	seq2seq							50.0	https://s3-us-west-2.amazonaws.com/allennlp/datasets/glove/glove.6B.50d.txt.gz	True	classifier	3450.792	940	2154	1666	1446	1768.0	1500.0	890.0	1548.0		/home/suching/reproducibility/data/ag-news/train_pretokenized.jsonl	0	0.5	2	reduce_on_plateau	50	1	1.0686065121210723e-05	adam	10	+accuracy	0.8871381490273829	3450.792	4524.0	32	844	2154	882	660	1682.0	838.0	890.0	838.0	0.3172073834127413	0	0.8872	/home/suching/reproducibility/data/ag-news/dev_pretokenized.jsonl	False			True	single_id	just_spaces	semisupervised_text_classification_json	0.3240842921244111	10000
28	19	0.8908	0.33881810706132537	False	115000		True	single_id	just_spaces	semisupervised_text_classification_json	glove	28	False	32	basic	0.4	['meanpool attention maxpool final_state']	True	123	50	2	lstm	seq2seq							50.0	https://s3-us-west-2.amazonaws.com/allennlp/datasets/glove/glove.6B.50d.txt.gz	True	classifier	3446.948	1294	792	940	1534	1942.0	776.0	1396.0	1368.0		/home/suching/reproducibility/data/ag-news/train_pretokenized.jsonl	0	0.5	2	reduce_on_plateau	50	1	0.030726686141922182	adam	10	+accuracy	0.9422864546648232	3446.9440000000004	4266.0	28	1294	1	812	1	1146.0	776.0	1396.0	1.0	0.1691750982912588	0	0.8878	/home/suching/reproducibility/data/ag-news/dev_pretokenized.jsonl	False			True	single_id	just_spaces	semisupervised_text_classification_json	0.3715260511940452	10000
29	1	0.922	0.22949302523948584	False	115000		True	single_id	just_spaces	semisupervised_text_classification_json	glove	10	False	32	basic	0.2	['attention']	True	462	50	2	lstm	seq2seq							50.0	https://s3-us-west-2.amazonaws.com/allennlp/datasets/glove/glove.6B.50d.txt.gz	True	classifier	3470.928	644	1092	1586	1472	846.0	784.0	922.0	674.0		/home/suching/reproducibility/data/ag-news/train_pretokenized.jsonl	0	0.5	2	reduce_on_plateau	50	1	0.001833356164244978	adam	10	+accuracy	0.9969043209071384	3470.928	2155.0	10	644	1092	1586	1472	846.0	784.0	922.0	674.0	0.006976529518628297	0	0.915	/home/suching/reproducibility/data/ag-news/dev_pretokenized.jsonl	False			True	single_id	just_spaces	semisupervised_text_classification_json	0.699481009582805	10000
30	4	0.9246	0.2266309588056081	False	115000		True	single_id	just_spaces	semisupervised_text_classification_json	glove	13	False	32	basic	0.4	['final_state']	True	405	50	3	lstm	seq2seq							50.0	https://s3-us-west-2.amazonaws.com/allennlp/datasets/glove/glove.6B.50d.txt.gz	True	classifier	3501.272	1324	776	940	1484	1854.0	792.0	1396.0	1368.0		/home/suching/reproducibility/data/ag-news/train_pretokenized.jsonl	0	0.5	2	reduce_on_plateau	50	1	0.0003356290846480629	adam	10	+accuracy	0.9838172505847876	3501.272	3293.0	13	774	776	940	1484	1122.0	728.0	1396.0	1368.0	0.04680018196023408	0	0.9162	/home/suching/reproducibility/data/ag-news/dev_pretokenized.jsonl	False			True	single_id	just_spaces	semisupervised_text_classification_json	0.4149215852568863	10000
31	8	0.9208	0.2323931866817793	False	115000		True	single_id	just_spaces	semisupervised_text_classification_json	glove	17	False	32	basic	0.0	['final_state attention']	True	278	50	2	lstm	seq2seq							50.0	https://s3-us-west-2.amazonaws.com/allennlp/datasets/glove/glove.6B.50d.txt.gz	True	classifier	3461.264	644	1092	1586	1472	872.0	784.0	922.0	674.0		/home/suching/reproducibility/data/ag-news/train_pretokenized.jsonl	0	0.5	2	reduce_on_plateau	50	1	9.84729232922832e-05	adam	10	+accuracy	0.939538604683519	3461.264	2736.0	17	644	1092	1586	812	872.0	784.0	922.0	674.0	0.17021549921161475	0	0.9194	/home/suching/reproducibility/data/ag-news/dev_pretokenized.jsonl	False			True	single_id	just_spaces	semisupervised_text_classification_json	0.2356451336460509	10000
32	8	0.9232	0.2479288708774527	False	115000		True	single_id	just_spaces	semisupervised_text_classification_json	glove	17	False	32	basic	0.4	['final_state maxpool']	True	199	50	2	lstm	seq2seq							50.0	https://s3-us-west-2.amazonaws.com/allennlp/datasets/glove/glove.6B.50d.txt.gz	True	classifier	3456.6240000000007	644	1092	1586	1472	872.0	784.0	922.0	674.0		/home/suching/reproducibility/data/ag-news/train_pretokenized.jsonl	0	0.5	2	reduce_on_plateau	50	1	0.0003357819646411981	adam	10	+accuracy	0.9738171636275098	3456.6240000000007	2657.0	17	644	1092	1586	812	846.0	784.0	922.0	674.0	0.07688612593431181	0	0.9188	/home/suching/reproducibility/data/ag-news/dev_pretokenized.jsonl	False			True	single_id	just_spaces	semisupervised_text_classification_json	0.3016736992652629	10000
33	3	0.9218	0.23295716599673985	False	115000		True	single_id	just_spaces	semisupervised_text_classification_json	glove	12	False	32	basic	0.4	['final_state attention meanpool']	True	442	50	2	lstm	seq2seq							50.0	https://s3-us-west-2.amazonaws.com/allennlp/datasets/glove/glove.6B.50d.txt.gz	True	classifier	3474.896	940	2154	1666	1446	1406.0	1500.0	838.0	1510.0		/home/suching/reproducibility/data/ag-news/train_pretokenized.jsonl	0	0.5	2	reduce_on_plateau	50	1	0.00047811136017377376	adam	10	+accuracy	0.9957043104722648	3474.884	2458.0	12	940	2154	716	1392	758.0	1500.0	838.0	1470.0	0.013416291303408184	0	0.914	/home/suching/reproducibility/data/ag-news/dev_pretokenized.jsonl	False			True	single_id	just_spaces	semisupervised_text_classification_json	0.5776188490069976	10000
34	4	0.924	0.2372631949081922	False	115000		True	single_id	just_spaces	semisupervised_text_classification_json	glove	13	False	32	basic	0.4	['meanpool final_state']	True	256	50	1	lstm	seq2seq							50.0	https://s3-us-west-2.amazonaws.com/allennlp/datasets/glove/glove.6B.50d.txt.gz	True	classifier	3446.752	1324	738	940	1484	1854.0	792.0	1396.0	1292.0		/home/suching/reproducibility/data/ag-news/train_pretokenized.jsonl	0	0.5	2	reduce_on_plateau	50	1	0.0005378251535850448	adam	10	+accuracy	0.9776171966712754	3446.752	1472.0	13	1154	718	940	1484	1854.0	792.0	1396.0	1292.0	0.06315282234610056	0	0.9172	/home/suching/reproducibility/data/ag-news/dev_pretokenized.jsonl	False			True	single_id	just_spaces	semisupervised_text_classification_json	0.35320036556975104	10000
35	5	0.919	0.2777780780604311	False	115000		True	single_id	just_spaces	semisupervised_text_classification_json	glove	14	False	32	basic	0.1	['attention maxpool meanpool']	True	155	50	2	lstm	seq2seq							50.0	https://s3-us-west-2.amazonaws.com/allennlp/datasets/glove/glove.6B.50d.txt.gz	True	classifier	3449.056	1324	738	940	1484	1854.0	776.0	1396.0	1292.0		/home/suching/reproducibility/data/ag-news/train_pretokenized.jsonl	0	0.5	2	reduce_on_plateau	50	1	0.0008541325012864586	adam	10	+accuracy	0.9961738797728676	3449.048	2241.0	14	1154	738	940	1484	1854.0	776.0	1396.0	1292.0	0.011109232387889505	0	0.9124	/home/suching/reproducibility/data/ag-news/dev_pretokenized.jsonl	False			True	single_id	just_spaces	semisupervised_text_classification_json	0.594689464089787	10000
36	2	0.9176	0.2651276026799041	False	115000		True	single_id	just_spaces	semisupervised_text_classification_json	glove	11	False	32	basic	0.1	['final_state meanpool attention']	True	114	50	1	lstm	seq2seq							50.0	https://s3-us-west-2.amazonaws.com/allennlp/datasets/glove/glove.6B.50d.txt.gz	True	classifier	3444.736	1324	2154	940	1242	1768.0	648.0	1326.0	750.0		/home/suching/reproducibility/data/ag-news/train_pretokenized.jsonl	0	0.5	2	reduce_on_plateau	50	1	0.005194822544755968	adam	10	+accuracy	0.9926173271071922	3444.736	1358.0	11	1324	738	940	1242	1768.0	640.0	1326.0	750.0	0.02128264628198883	0	0.9082	/home/suching/reproducibility/data/ag-news/dev_pretokenized.jsonl	False			True	single_id	just_spaces	semisupervised_text_classification_json	0.6164677367800739	10000
37	2	0.9164	0.2494656214621037	False	115000		True	single_id	just_spaces	semisupervised_text_classification_json	glove	11	False	32	basic	0.4	['attention maxpool meanpool final_state']	True	366	50	3	lstm	seq2seq							50.0	https://s3-us-west-2.amazonaws.com/allennlp/datasets/glove/glove.6B.50d.txt.gz	True	classifier	3489.62	862	2154	1586	1338	1406.0	1500.0	772.0	1510.0		/home/suching/reproducibility/data/ag-news/train_pretokenized.jsonl	0	0.5	2	reduce_on_plateau	50	1	0.001891508506432148	adam	10	+accuracy	0.996391272967591	3489.62	2686.0	11	772	2154	1586	1338	1406.0	1500.0	772.0	1510.0	0.009229554271086548	0	0.9106	/home/suching/reproducibility/data/ag-news/dev_pretokenized.jsonl	False			True	single_id	just_spaces	semisupervised_text_classification_json	0.8044734151120398	10000
38	2	0.9238	0.2352295574394001	False	115000		True	single_id	just_spaces	semisupervised_text_classification_json	glove	11	False	32	basic	0.4	['attention meanpool maxpool']	True	291	50	2	lstm	seq2seq							50.0	https://s3-us-west-2.amazonaws.com/allennlp/datasets/glove/glove.6B.50d.txt.gz	True	classifier	3458.072	1248	792	940	1534	1158.0	760.0	1396.0	1368.0		/home/suching/reproducibility/data/ag-news/train_pretokenized.jsonl	0	0.5	2	reduce_on_plateau	50	1	0.002174760551931392	adam	10	+accuracy	0.9959303993947772	3458.072	1820.0	11	1238	694	786	1534	1158.0	760.0	1396.0	686.0	0.011197945436164241	0	0.908	/home/suching/reproducibility/data/ag-news/dev_pretokenized.jsonl	False			True	single_id	just_spaces	semisupervised_text_classification_json	0.9327936278549348	10000
39	2	0.922	0.23748219774881746	False	115000		True	single_id	just_spaces	semisupervised_text_classification_json	glove	11	False	32	basic	0.0	['maxpool']	True	385	50	2	lstm	seq2seq							50.0	https://s3-us-west-2.amazonaws.com/allennlp/datasets/glove/glove.6B.50d.txt.gz	True	classifier	3470.736	1248	760	940	1484	1942.0	792.0	1396.0	1368.0		/home/suching/reproducibility/data/ag-news/train_pretokenized.jsonl	0	0.5	2	reduce_on_plateau	50	1	0.0021542129020377604	adam	10	+accuracy	0.9970347568239724	3470.732	2038.0	11	1248	746	940	1484	1854.0	728.0	1396.0	1292.0	0.007870637886885022	0	0.911	/home/suching/reproducibility/data/ag-news/dev_pretokenized.jsonl	False			True	single_id	just_spaces	semisupervised_text_classification_json	0.6241748318977797	10000
40	27	0.9184	0.2395497159973072	False	115000		True	single_id	just_spaces	semisupervised_text_classification_json	glove	36	False	32	basic	0.3	['maxpool attention final_state']	True	467	50	3	lstm	seq2seq							50.0	https://s3-us-west-2.amazonaws.com/allennlp/datasets/glove/glove.6B.50d.txt.gz	True	classifier	3499.688	1274	2154	1666	1446	1768.0	1500.0	890.0	1548.0		/home/suching/reproducibility/data/ag-news/train_pretokenized.jsonl	0	0.5	2	reduce_on_plateau	50	1	6.518620577250671e-05	adam	10	+accuracy	0.937034235080305	3499.64	9919.0	36	1274	2154	910	668	1768.0	1160.0	862.0	680.0	0.1756904370239047	0	0.9178	/home/suching/reproducibility/data/ag-news/dev_pretokenized.jsonl	False			True	single_id	just_spaces	semisupervised_text_classification_json	0.2399422321349952	10000
41	5	0.925	0.2378771783202697	False	115000		True	single_id	just_spaces	semisupervised_text_classification_json	glove	14	False	32	basic	0.0	['meanpool']	True	216	50	2	lstm	seq2seq							50.0	https://s3-us-west-2.amazonaws.com/allennlp/datasets/glove/glove.6B.50d.txt.gz	True	classifier	3453.056	810	2064	1586	1472	898.0	784.0	922.0	1388.0		/home/suching/reproducibility/data/ag-news/train_pretokenized.jsonl	0	0.5	2	reduce_on_plateau	50	1	0.0005398546457671384	adam	10	+accuracy	0.9845042130801136	3453.052	2162.0	14	810	2064	1586	848	898.0	784.0	732.0	1328.0	0.04590137238973418	0	0.914	/home/suching/reproducibility/data/ag-news/dev_pretokenized.jsonl	False			True	single_id	just_spaces	semisupervised_text_classification_json	0.4496931502014209	10000
42	24	0.9144	0.2505411933277064	False	115000		True	single_id	just_spaces	semisupervised_text_classification_json	glove	33	False	32	basic	0.2	['maxpool final_state meanpool']	True	350	50	3	lstm	seq2seq							50.0	https://s3-us-west-2.amazonaws.com/allennlp/datasets/glove/glove.6B.50d.txt.gz	True	classifier	3482.764	1324	2154	940	1534	1854.0	792.0	1396.0	1368.0		/home/suching/reproducibility/data/ag-news/train_pretokenized.jsonl	0	0.5	2	reduce_on_plateau	50	1	4.6970589846782677e-05	adam	10	+accuracy	0.9222862807502674	3482.764	7149.0	33	1294	1	812	1	1146.0	776.0	1396.0	1.0	0.2176275599144636	0	0.9138	/home/suching/reproducibility/data/ag-news/dev_pretokenized.jsonl	False			True	single_id	just_spaces	semisupervised_text_classification_json	0.2505427379469583	10000
43	8	0.92	0.2468269528571967	False	115000		True	single_id	just_spaces	semisupervised_text_classification_json	glove	17	False	32	basic	0.4	['meanpool attention']	True	126	50	1	lstm	seq2seq							50.0	https://s3-us-west-2.amazonaws.com/allennlp/datasets/glove/glove.6B.50d.txt.gz	True	classifier	3445.68	1294	792	940	1534	1158.0	776.0	1396.0	686.0		/home/suching/reproducibility/data/ag-news/train_pretokenized.jsonl	0	0.5	2	reduce_on_plateau	50	1	0.0002441574188924608	adam	10	+accuracy	0.9481995495613004	3445.68	1949.0	17	1294	712	812	1	1076.0	776.0	1396.0	686.0	0.15115346725248568	0	0.9176	/home/suching/reproducibility/data/ag-news/dev_pretokenized.jsonl	False			True	single_id	just_spaces	semisupervised_text_classification_json	0.2535310775326316	10000
44	35	0.866	0.3995953657349963	False	115000		True	single_id	just_spaces	semisupervised_text_classification_json	glove	44	False	32	basic	0.1	['maxpool meanpool']	True	148	50	3	lstm	seq2seq							50.0	https://s3-us-west-2.amazonaws.com/allennlp/datasets/glove/glove.6B.50d.txt.gz	True	classifier	3452.4040000000005	1324	2154	940	1484	1942.0	1160.0	1396.0	1548.0		/home/suching/reproducibility/data/ag-news/train_pretokenized.jsonl	0	0.5	2	reduce_on_plateau	50	1	1.7737968019966166e-06	adam	10	+accuracy	0.8594683432029844	3452.4040000000005	7909.000000000001	44	11	776	940	1484	1122.0	744.0	1396.0	1368.0	0.4015759907032658	0	0.866	/home/suching/reproducibility/data/ag-news/dev_pretokenized.jsonl	False			True	single_id	just_spaces	semisupervised_text_classification_json	0.3989649376576873	10000
45	6	0.9208	0.2836446618530781	False	115000		True	single_id	just_spaces	semisupervised_text_classification_json	glove	15	False	32	basic	0.3	['maxpool']	True	416	50	2	lstm	seq2seq							50.0	https://s3-us-west-2.amazonaws.com/allennlp/datasets/glove/glove.6B.50d.txt.gz	True	classifier	3465.84	1324	2154	940	1434	1768.0	1160.0	1396.0	1292.0		/home/suching/reproducibility/data/ag-news/train_pretokenized.jsonl	0	0.5	2	reduce_on_plateau	50	1	0.000568781398677459	adam	10	+accuracy	0.9969825824572388	3465.824	2669.0	15	1324	738	940	1338	1768.0	746.0	1326.0	1292.0	0.008723605116915438	0	0.9114	/home/suching/reproducibility/data/ag-news/dev_pretokenized.jsonl	False			True	single_id	just_spaces	semisupervised_text_classification_json	0.5673687956325567	10000
46	12	0.8828	0.3382915078075069	False	115000		True	single_id	just_spaces	semisupervised_text_classification_json	glove	21	False	32	basic	0.4	['meanpool attention final_state']	True	217	50	2	lstm	seq2seq							50.0	https://s3-us-west-2.amazonaws.com/allennlp/datasets/glove/glove.6B.50d.txt.gz	True	classifier	3453.972	862	2154	1586	1338	1406.0	1500.0	772.0	1510.0		/home/suching/reproducibility/data/ag-news/train_pretokenized.jsonl	0	0.5	2	reduce_on_plateau	50	1	7.505505760145435e-06	adam	10	+accuracy	0.8795380829398517	3453.972	3189.0	21	862	2154	1586	1338	1406.0	1500.0	772.0	1510.0	0.33867931082994	0	0.882	/home/suching/reproducibility/data/ag-news/dev_pretokenized.jsonl	False			True	single_id	just_spaces	semisupervised_text_classification_json	0.33593718176055104	10000
47	2	0.9212	0.23101792726547096	False	115000		True	single_id	just_spaces	semisupervised_text_classification_json	glove	11	False	32	basic	0.0	['maxpool']	True	355	50	1	lstm	seq2seq							50.0	https://s3-us-west-2.amazonaws.com/allennlp/datasets/glove/glove.6B.50d.txt.gz	True	classifier	3450.676	1224	2154	882	668	1768.0	898.0	890.0	866.0		/home/suching/reproducibility/data/ag-news/train_pretokenized.jsonl	0	0.5	2	reduce_on_plateau	50	1	0.001238982456878478	adam	10	+accuracy	0.9971825841963844	3450.672	1289.0	11	1224	2154	882	668	1768.0	878.0	842.0	866.0	0.008234666268328028	0	0.9196	/home/suching/reproducibility/data/ag-news/dev_pretokenized.jsonl	False			True	single_id	just_spaces	semisupervised_text_classification_json	0.4371334547236277	10000
48	15	0.9138	0.25339950972301944	False	115000		True	single_id	just_spaces	semisupervised_text_classification_json	glove	24	False	32	basic	0.1	['meanpool attention final_state']	True	98	50	1	lstm	seq2seq							50.0	https://s3-us-west-2.amazonaws.com/allennlp/datasets/glove/glove.6B.50d.txt.gz	True	classifier	3447.16	644	1092	1586	1472	872.0	784.0	922.0	674.0		/home/suching/reproducibility/data/ag-news/train_pretokenized.jsonl	0	0.5	2	reduce_on_plateau	50	1	8.478069804279163e-05	adam	10	+accuracy	0.9219645388220769	3447.16	2788.0	24	644	1092	1586	812	872.0	784.0	922.0	674.0	0.22140589116154674	0	0.9124	/home/suching/reproducibility/data/ag-news/dev_pretokenized.jsonl	False			True	single_id	just_spaces	semisupervised_text_classification_json	0.2533441515769928	10000
0	1	0.9366	0.18707909240464496	False	115000	elmo_characters			just_spaces	semisupervised_text_classification_json	elmo fine-tuned	10	False	32	basic	0.4	['attention meanpool maxpool']	True	454	1024	3	lstm	seq2seq	s3://allennlp/models/transformer-elmo-2019.01.10.tar.gz	['<S>', '</S>']	0.0	True	True	bidirectional_lm_token_embedder				classifier	12038.588	10757	9173	11137	10781						/home/suching/reproducibility/data/ag-news/train_pretokenized.jsonl	0	0.5	2	reduce_on_plateau	50	1	1.7718976097236298e-05	adam	10	+accuracy	0.9949216949712606	12038.588	15824.000000000002	10	10757	9173	11137	10719					0.01529799262968679	0	0.9364	/home/suching/reproducibility/data/ag-news/dev_pretokenized.jsonl	False		elmo_characters			just_spaces	semisupervised_text_classification_json	0.3563899719601224	10000
1	0	0.8658	0.3875941691362554	False	115000	elmo_characters			just_spaces	semisupervised_text_classification_json	elmo fine-tuned	9	False	32	basic	0.2	['attention final_state']	True	212	1024	3	lstm	seq2seq	s3://allennlp/models/transformer-elmo-2019.01.10.tar.gz	['<S>', '</S>']	0.0	True	True	bidirectional_lm_token_embedder				classifier	12258.14	10	10	10067	10373						/home/suching/reproducibility/data/ag-news/train_pretokenized.jsonl	0	0.5	2	reduce_on_plateau	50	1	0.0007014037720094285	adam	10	+accuracy	0.4479951999582605	12258.14	12273.0	9	10	10	10067	10373					1.1872993421906155	0	0.4936	/home/suching/reproducibility/data/ag-news/dev_pretokenized.jsonl	False		elmo_characters			just_spaces	semisupervised_text_classification_json	1.0878774197238266	10000
2	0	0.25	2.016201573572341	False	115000	elmo_characters			just_spaces	semisupervised_text_classification_json	elmo fine-tuned	9	False	32	basic	0.4	['maxpool meanpool final_state']	True	145	1024	1	lstm	seq2seq	s3://allennlp/models/transformer-elmo-2019.01.10.tar.gz	['<S>', '</S>']	0.0	True	True	bidirectional_lm_token_embedder				classifier	12241.32	10	10	10067	9665						/home/suching/reproducibility/data/ag-news/train_pretokenized.jsonl	0	0.5	2	reduce_on_plateau	50	1	0.03146620859825665	adam	10	+accuracy	0.25294132992460805	12241.32	11786.0	9	10	10	10067	9665					1.5527308170637557	0	0.25	/home/suching/reproducibility/data/ag-news/dev_pretokenized.jsonl	False		elmo_characters			just_spaces	semisupervised_text_classification_json	1.6964805984193352	10000
3	14	0.2868	1.3754016654506611	False	115000	elmo_characters			just_spaces	semisupervised_text_classification_json	elmo fine-tuned	23	False	32	basic	0.0	['meanpool maxpool attention final_state']	True	508	1024	2	lstm	seq2seq	s3://allennlp/models/transformer-elmo-2019.01.10.tar.gz	['<S>', '</S>']	0.0	True	True	bidirectional_lm_token_embedder				classifier	11824.948	10757	9173	10209	10997						/home/suching/reproducibility/data/ag-news/train_pretokenized.jsonl	0	0.5	2	reduce_on_plateau	50	1	0.0035949738283778104	adam	10	+accuracy	0.2715675788485117	11824.948	32623.000000000004	23	10757	9173	10209	10781					1.3775459732290236	0	0.2714	/home/suching/reproducibility/data/ag-news/dev_pretokenized.jsonl	False		elmo_characters			just_spaces	semisupervised_text_classification_json	1.3746594593023798	10000
4	1	0.8634	0.396683873217197	False	115000	elmo_characters			just_spaces	semisupervised_text_classification_json	elmo fine-tuned	10	False	32	basic	0.1	['final_state']	True	199	1024	3	lstm	seq2seq	s3://allennlp/models/transformer-elmo-2019.01.10.tar.gz	['<S>', '</S>']	0.0	True	True	bidirectional_lm_token_embedder				classifier	12256.152	10	10	9625	10745						/home/suching/reproducibility/data/ag-news/train_pretokenized.jsonl	0	0.5	2	reduce_on_plateau	50	1	0.0005427058067366077	adam	10	+accuracy	0.6821624535865529	12256.152	13645.0	10	10	10	10	10523					0.8264336824732219	0	0.6968	/home/suching/reproducibility/data/ag-news/dev_pretokenized.jsonl	False		elmo_characters			just_spaces	semisupervised_text_classification_json	0.7988707592153246	10000
5	0	0.9348	0.1895801111771043	False	115000	elmo_characters			just_spaces	semisupervised_text_classification_json	elmo fine-tuned	9	False	32	basic	0.2	['attention']	True	238	1024	3	lstm	seq2seq	s3://allennlp/models/transformer-elmo-2019.01.10.tar.gz	['<S>', '</S>']	0.0	True	True	bidirectional_lm_token_embedder				classifier	12246.824	10	10	10829	11177						/home/suching/reproducibility/data/ag-news/train_pretokenized.jsonl	0	0.5	2	reduce_on_plateau	50	1	4.772440360391074e-05	adam	10	+accuracy	0.9907738328159376	12246.82	12403.0	9	10	10	10741	11177					0.025531367665316343	0	0.9302	/home/suching/reproducibility/data/ag-news/dev_pretokenized.jsonl	False		elmo_characters			just_spaces	semisupervised_text_classification_json	0.3433062135935969	10000
6	22	0.9272	0.2083047808735234	False	115000	elmo_characters			just_spaces	semisupervised_text_classification_json	elmo fine-tuned	31	False	32	basic	0.0	['attention']	True	272	1024	3	lstm	seq2seq	s3://allennlp/models/transformer-elmo-2019.01.10.tar.gz	['<S>', '</S>']	0.0	True	True	bidirectional_lm_token_embedder				classifier	12270.852	10	10	10605	10217						/home/suching/reproducibility/data/ag-news/train_pretokenized.jsonl	0	0.5	2	reduce_on_plateau	50	1	2.1769733302893156e-06	adam	10	+accuracy	0.9399646953451768	12270.852	39569.0	31	10	10	9625	9963					0.17261206014024827	0	0.9268	/home/suching/reproducibility/data/ag-news/dev_pretokenized.jsonl	False		elmo_characters			just_spaces	semisupervised_text_classification_json	0.20808469205145624	10000
7	11	0.923	0.3066956263367727	False	115000	elmo_characters			just_spaces	semisupervised_text_classification_json	elmo fine-tuned	20	False	32	basic	0.0	['maxpool']	True	323	1024	1	lstm	seq2seq	s3://allennlp/models/transformer-elmo-2019.01.10.tar.gz	['<S>', '</S>']	0.0	True	True	bidirectional_lm_token_embedder				classifier	12254.352	10	10	9625	10957						/home/suching/reproducibility/data/ag-news/train_pretokenized.jsonl	0	0.5	2	reduce_on_plateau	50	1	0.00035074281450159857	adam	10	+accuracy	0.9970086696406056	12254.1	26700.0	20	10	10	9625	10957					0.00841744900855669	0	0.9184	/home/suching/reproducibility/data/ag-news/dev_pretokenized.jsonl	False		elmo_characters			just_spaces	semisupervised_text_classification_json	0.5227568006368389	10000
8	12	0.9278	0.21342884118010289	False	115000	elmo_characters			just_spaces	semisupervised_text_classification_json	elmo fine-tuned	21	False	32	basic	0.1	['final_state attention']	True	151	1024	3	lstm	seq2seq	s3://allennlp/models/transformer-elmo-2019.01.10.tar.gz	['<S>', '</S>']	0.0	True	True	bidirectional_lm_token_embedder				classifier	12264.456	10	10	10067	10519						/home/suching/reproducibility/data/ag-news/train_pretokenized.jsonl	0	0.5	2	reduce_on_plateau	50	1	2.630191464966125e-06	adam	10	+accuracy	0.9399646953451768	12264.456	28680.0	21	10	10	10067	10373					0.17686569270183958	0	0.9268	/home/suching/reproducibility/data/ag-news/dev_pretokenized.jsonl	False		elmo_characters			just_spaces	semisupervised_text_classification_json	0.212496393710185	10000
9	5	0.9312	0.20306734135671026	False	115000	elmo_characters			just_spaces	semisupervised_text_classification_json	elmo fine-tuned	14	False	32	basic	0.3	['maxpool final_state meanpool attention']	True	203	1024	3	lstm	seq2seq	s3://allennlp/models/transformer-elmo-2019.01.10.tar.gz	['<S>', '</S>']	0.0	True	True	bidirectional_lm_token_embedder				classifier	11906.792	10757	9173	10209	10781						/home/suching/reproducibility/data/ag-news/train_pretokenized.jsonl	0	0.5	2	reduce_on_plateau	50	1	8.906182387062009e-06	adam	10	+accuracy	0.9767911025313264	11906.792	18188.0	14	10757	9173	10209	10781					0.07280411120503104	0	0.9274	/home/suching/reproducibility/data/ag-news/dev_pretokenized.jsonl	False		elmo_characters			just_spaces	semisupervised_text_classification_json	0.24622214376736604	10000
10	0	0.25	2.7115830638606075	False	115000	elmo_characters			just_spaces	semisupervised_text_classification_json	elmo fine-tuned	9	False	32	basic	0.1	['meanpool final_state']	True	443	1024	1	lstm	seq2seq	s3://allennlp/models/transformer-elmo-2019.01.10.tar.gz	['<S>', '</S>']	0.0	True	True	bidirectional_lm_token_embedder				classifier	11920.568	10757	9173	10321	10935						/home/suching/reproducibility/data/ag-news/train_pretokenized.jsonl	0	0.5	2	reduce_on_plateau	50	1	0.0220623215036458	adam	10	+accuracy	0.2501934799433039	11920.568	12798.0	9	10757	9173	10321	10935					1.5170808420223731	0	0.25	/home/suching/reproducibility/data/ag-news/dev_pretokenized.jsonl	False		elmo_characters			just_spaces	semisupervised_text_classification_json	1.5443836761887666	10000
11	2	0.9368	0.19815662470023346	False	115000	elmo_characters			just_spaces	semisupervised_text_classification_json	elmo fine-tuned	11	False	32	basic	0.3	['final_state maxpool meanpool attention']	True	398	1024	1	lstm	seq2seq	s3://allennlp/models/transformer-elmo-2019.01.10.tar.gz	['<S>', '</S>']	0.0	True	True	bidirectional_lm_token_embedder				classifier	11760.776000000002	10757	9173	10209	10997						/home/suching/reproducibility/data/ag-news/train_pretokenized.jsonl	0	0.5	2	reduce_on_plateau	50	1	5.713914778197674e-05	adam	10	+accuracy	0.9950347394325167	11760.776000000002	14362.0	11	10757	9173	10209	10997					0.012841118781054657	0	0.9322	/home/suching/reproducibility/data/ag-news/dev_pretokenized.jsonl	False		elmo_characters			just_spaces	semisupervised_text_classification_json	0.388296289333872	10000
12	28	0.9148	0.2609186132147813	False	115000	elmo_characters			just_spaces	semisupervised_text_classification_json	elmo fine-tuned	37	False	32	basic	0.4	['attention final_state meanpool']	True	98	1024	2	lstm	seq2seq	s3://allennlp/models/transformer-elmo-2019.01.10.tar.gz	['<S>', '</S>']	0.0	True	True	bidirectional_lm_token_embedder				classifier	12263.484	10757	10881	11105	11047						/home/suching/reproducibility/data/ag-news/train_pretokenized.jsonl	0	0.5	2	reduce_on_plateau	50	1	1.190169458634922e-06	adam	10	+accuracy	0.9143818641901234	12263.484	45138.0	37	10	10	10829	11047					0.2554953649752029	0	0.9148	/home/suching/reproducibility/data/ag-news/dev_pretokenized.jsonl	False		elmo_characters			just_spaces	semisupervised_text_classification_json	0.2601184270753982	10000
13	0	0.25	1.3975945202408322	False	115000	elmo_characters			just_spaces	semisupervised_text_classification_json	elmo fine-tuned	9	False	32	basic	0.2	['final_state maxpool attention']	True	114	1024	1	lstm	seq2seq	s3://allennlp/models/transformer-elmo-2019.01.10.tar.gz	['<S>', '</S>']	0.0	True	True	bidirectional_lm_token_embedder				classifier	11866.392	10757	9173	10321	10935						/home/suching/reproducibility/data/ag-news/train_pretokenized.jsonl	0	0.5	2	reduce_on_plateau	50	1	0.002942289202434459	adam	10	+accuracy	0.25110653136114225	11866.392	11557.0	9	10757	9173	10321	10935					1.3936420248559136	0	0.25	/home/suching/reproducibility/data/ag-news/dev_pretokenized.jsonl	False		elmo_characters			just_spaces	semisupervised_text_classification_json	1.390388944346434	10000
14	4	0.9342	0.20224295791452104	False	115000	elmo_characters			just_spaces	semisupervised_text_classification_json	elmo fine-tuned	13	False	32	basic	0.4	['attention final_state']	True	164	1024	2	lstm	seq2seq	s3://allennlp/models/transformer-elmo-2019.01.10.tar.gz	['<S>', '</S>']	0.0	True	True	bidirectional_lm_token_embedder				classifier	11916.303999999998	10757	9173	11137	10719						/home/suching/reproducibility/data/ag-news/train_pretokenized.jsonl	0	0.5	2	reduce_on_plateau	50	1	1.203464933485645e-05	adam	10	+accuracy	0.9785563352724806	11916.303999999998	16713.0	13	10757	9173	11137	10719					0.0679412607617187	0	0.9306	/home/suching/reproducibility/data/ag-news/dev_pretokenized.jsonl	False		elmo_characters			just_spaces	semisupervised_text_classification_json	0.23820090222700385	10000
15	35	0.2878	1.3797508766696711	False	115000	elmo_characters			just_spaces	semisupervised_text_classification_json	elmo fine-tuned	44	False	32	basic	0.0	['attention meanpool final_state']	True	337	1024	1	lstm	seq2seq	s3://allennlp/models/transformer-elmo-2019.01.10.tar.gz	['<S>', '</S>']	0.0	True	True	bidirectional_lm_token_embedder				classifier	12243.563999999997	10757	10881	11105	11177						/home/suching/reproducibility/data/ag-news/train_pretokenized.jsonl	0	0.5	2	reduce_on_plateau	50	1	0.007834430625326403	adam	10	+accuracy	0.2726023704553953	12243.563999999997	55784.0	44	10	10	10829	11177					1.3805740274318934	0	0.2842	/home/suching/reproducibility/data/ag-news/dev_pretokenized.jsonl	False		elmo_characters			just_spaces	semisupervised_text_classification_json	1.3792552629094217	10000
16	0	0.2634	1.3693421805740162	False	115000	elmo_characters			just_spaces	semisupervised_text_classification_json	elmo fine-tuned	9	False	32	basic	0.2	['attention final_state']	True	476	1024	2	lstm	seq2seq	s3://allennlp/models/transformer-elmo-2019.01.10.tar.gz	['<S>', '</S>']	0.0	True	True	bidirectional_lm_token_embedder				classifier	12326.508	10	10	10605	10217						/home/suching/reproducibility/data/ag-news/train_pretokenized.jsonl	0	0.5	2	reduce_on_plateau	50	1	0.002487486355115957	adam	10	+accuracy	0.24933260289219905	12326.508	13379.0	9	10	10	10605	9963					1.386985080104174	0	0.25	/home/suching/reproducibility/data/ag-news/dev_pretokenized.jsonl	False		elmo_characters			just_spaces	semisupervised_text_classification_json	1.3865956538801745	10000
