Unnamed: 0	best_epoch	best_validation_accuracy	best_validation_accuracy3	best_validation_loss	dataset_reader.granularity	dataset_reader.token_indexers.elmo.type	dataset_reader.token_indexers.tokens.type	dataset_reader.type	dataset_reader.use_subtrees	epoch	evaluate_on_test	iterator.batch_size	iterator.sorting_keys	iterator.type	model.elmo.do_layer_norm	model.elmo.dropout	model.elmo.num_output_representations	model.elmo.options_file	model.elmo.requires_grad	model.elmo.weight_file	model.embedding_dropout	model.encoder.bidirectional	model.encoder.hidden_size	model.encoder.input_size	model.encoder.num_layers	model.encoder.type	model.integrator.bidirectional	model.integrator.hidden_size	model.integrator.input_size	model.integrator.num_layers	model.integrator.type	model.integrator_dropout	model.output_layer.dropout	model.output_layer.input_dim	model.output_layer.num_layers	model.output_layer.output_dims	model.output_layer.pool_sizes	model.pre_encode_feedforward.activations	model.pre_encode_feedforward.dropout	model.pre_encode_feedforward.hidden_dims	model.pre_encode_feedforward.input_dim	model.pre_encode_feedforward.num_layers	model.text_field_embedder.token_embedders.tokens.embedding_dim	model.text_field_embedder.token_embedders.tokens.pretrained_file	model.text_field_embedder.token_embedders.tokens.trainable	model.text_field_embedder.token_embedders.tokens.type	model.type	model.use_input_elmo	model.use_integrator_output_elmo	peak_cpu_memory_MB	peak_gpu_0_memory_MB	peak_gpu_1_memory_MB	peak_gpu_2_memory_MB	peak_gpu_3_memory_MB	peak_gpu_4_memory_MB	peak_gpu_5_memory_MB	peak_gpu_6_memory_MB	peak_gpu_7_memory_MB	test_accuracy	test_accuracy3	test_data_path	test_loss	train_data_path	trainer.cuda_device	trainer.grad_norm	trainer.learning_rate_scheduler.factor	trainer.learning_rate_scheduler.patience	trainer.learning_rate_scheduler.type	trainer.num_epochs	trainer.num_serialized_models_to_keep	trainer.optimizer.lr	trainer.optimizer.type	trainer.patience	trainer.validation_metric	training_accuracy	training_accuracy3	training_cpu_memory_MB	training_duration	training_epochs	training_gpu_0_memory_MB	training_gpu_1_memory_MB	training_gpu_2_memory_MB	training_gpu_3_memory_MB	training_gpu_4_memory_MB	training_gpu_5_memory_MB	training_gpu_6_memory_MB	training_gpu_7_memory_MB	training_loss	training_start_epoch	validation_accuracy	validation_accuracy3	validation_data_path	validation_dataset_reader.granularity	validation_dataset_reader.token_indexers.elmo.type	validation_dataset_reader.token_indexers.tokens.type	validation_dataset_reader.type	validation_dataset_reader.use_subtrees	validation_loss	dataset_reader.sample	embedding
0	0	0.9197247706422018	1.0	0.2251830297437581	2-class	elmo_characters	single_id	sst_tokens	True	9	True	16	[['tokens', 'num_tokens']]	bucket	False	0.2	2	https://s3-us-west-2.amazonaws.com/allennlp/models/elmo/2x4096_512_2048cnn_2xhighway/elmo_2x4096_512_2048cnn_2xhighway_options.json	True	https://s3-us-west-2.amazonaws.com/allennlp/models/elmo/2x4096_512_2048cnn_2xhighway/elmo_2x4096_512_2048cnn_2xhighway_weights.hdf5	0.1	True	248	190	3	lstm	True	104	1488	3	lstm	0.0	[0.1, 0.1, 0]	4928	3	[449, 449, 2]	5	tanh	0.3	[190, 190, 190]	1324	3	300	https://s3-us-west-2.amazonaws.com/allennlp/datasets/glove/glove.840B.300d.txt.gz	True	embedding	bcn	True	True	4456.744000000001	4155	4491	4365	4887	5035	4909	4959	4575	0.9121361889071938	1.0	https://s3-us-west-2.amazonaws.com/allennlp/datasets/sst/test.txt	0.213871570532782	https://s3-us-west-2.amazonaws.com/allennlp/datasets/sst/train.txt	0	5	0.5	2	reduce_on_plateau	50	1	3.96783638899274e-05	adam	10	+accuracy	0.9969431341984332	1.0	4456.744000000001	14037.0	9	0	0	4365	4887	0	0	0	4575	0.011214641110918782	0	0.8555045871559633	1.0	https://s3-us-west-2.amazonaws.com/allennlp/datasets/sst/dev.txt	2-class	elmo_characters	single_id	sst_tokens	False	0.8627258516170762	6919	elmo fine-tuned
1	29	0.7637614678899083	1.0	0.5125576019287109	2-class	elmo_characters	single_id	sst_tokens	True	38	True	16	[['tokens', 'num_tokens']]	bucket	False	0.1	2	https://s3-us-west-2.amazonaws.com/allennlp/models/elmo/2x4096_512_2048cnn_2xhighway/elmo_2x4096_512_2048cnn_2xhighway_options.json	True	https://s3-us-west-2.amazonaws.com/allennlp/models/elmo/2x4096_512_2048cnn_2xhighway/elmo_2x4096_512_2048cnn_2xhighway_weights.hdf5	0.2	True	150	273	1	lstm	True	396	900	3	lstm	0.4	[0.3, 0]	7264	2	[376, 2]	4	relu	0.0	[273, 273, 273]	1324	3	300	https://s3-us-west-2.amazonaws.com/allennlp/datasets/glove/glove.840B.300d.txt.gz	True	embedding	bcn	True	True	4482.02	4881	4903	4157	4885	4763	4909	4957	4729	0.7451949478308622	1.0	https://s3-us-west-2.amazonaws.com/allennlp/datasets/sst/test.txt	0.5155429149928846	https://s3-us-west-2.amazonaws.com/allennlp/datasets/sst/train.txt	0	5	0.5	2	reduce_on_plateau	50	1	0.01147870554695809	adam	10	+accuracy	0.8509524869931372	1.0	4482.02	55136.0	38	4155	4885	4157	4885	4763	4909	4957	3715	0.3479179426629533	0	0.7568807339449541	1.0	https://s3-us-west-2.amazonaws.com/allennlp/datasets/sst/dev.txt	2-class	elmo_characters	single_id	sst_tokens	False	0.5117506807500666	6919	elmo fine-tuned
2	39	0.7775229357798165	1.0	0.5081265097314661	2-class	elmo_characters	single_id	sst_tokens	True	48	True	16	[['tokens', 'num_tokens']]	bucket	False	0.3	2	https://s3-us-west-2.amazonaws.com/allennlp/models/elmo/2x4096_512_2048cnn_2xhighway/elmo_2x4096_512_2048cnn_2xhighway_options.json	True	https://s3-us-west-2.amazonaws.com/allennlp/models/elmo/2x4096_512_2048cnn_2xhighway/elmo_2x4096_512_2048cnn_2xhighway_weights.hdf5	0.1	True	363	238	2	lstm	True	194	2178	2	lstm	0.1	[0, 0, 0]	5648	3	[449, 449, 2]	5	relu	0.4	[238, 238, 238]	1324	3	300	https://s3-us-west-2.amazonaws.com/allennlp/datasets/glove/glove.840B.300d.txt.gz	True	embedding	bcn	True	True	4497.6320000000005	4881	4903	4365	4887	5035	4909	4959	4729	0.7770455793520044	1.0	https://s3-us-west-2.amazonaws.com/allennlp/datasets/sst/test.txt	0.5261110786283225	https://s3-us-west-2.amazonaws.com/allennlp/datasets/sst/train.txt	0	6	0.5	2	reduce_on_plateau	50	1	0.003759663836222381	adam	10	+accuracy	0.8904386906087414	1.0	4497.6320000000005	68414.0	48	0	4491	4365	4887	0	0	4959	4569	0.2888586551626684	0	0.7740825688073395	1.0	https://s3-us-west-2.amazonaws.com/allennlp/datasets/sst/dev.txt	2-class	elmo_characters	single_id	sst_tokens	False	0.5103929644281214	6919	elmo fine-tuned
3	4	0.8944954128440367	1.0	0.39373723282055423	2-class	elmo_characters	single_id	sst_tokens	True	13	True	16	[['tokens', 'num_tokens']]	bucket	False	0.1	1	https://s3-us-west-2.amazonaws.com/allennlp/models/elmo/2x4096_512_2048cnn_2xhighway/elmo_2x4096_512_2048cnn_2xhighway_options.json	True	https://s3-us-west-2.amazonaws.com/allennlp/models/elmo/2x4096_512_2048cnn_2xhighway/elmo_2x4096_512_2048cnn_2xhighway_weights.hdf5	0.0	True	478	489	2	lstm	True	341	2868	1	lstm	0.3	[0.3, 0]	2728	2	[138, 2]	6	tanh	0.3	[489, 489, 489]	1324	3	300	https://s3-us-west-2.amazonaws.com/allennlp/datasets/glove/glove.840B.300d.txt.gz	True	embedding	bcn	True	False	4482.94	4655	4827	4163	4711	5007	4179	4441	4261	0.8923668314113125	1.0	https://s3-us-west-2.amazonaws.com/allennlp/datasets/sst/test.txt	0.3570216777489373	https://s3-us-west-2.amazonaws.com/allennlp/datasets/sst/train.txt	0	8	0.5	2	reduce_on_plateau	50	1	2.6291397387690368e-06	adam	10	+accuracy	0.9956677531024152	1.0	4482.94	18744.0	13	4655	4827	4163	4265	4233	4179	4441	4253	0.017486574488007632	0	0.893348623853211	1.0	https://s3-us-west-2.amazonaws.com/allennlp/datasets/sst/dev.txt	2-class	elmo_characters	single_id	sst_tokens	False	0.6436455367641015	6919	elmo fine-tuned
4	1	0.9105504587155964	1.0	0.3008935588327321	2-class	elmo_characters	single_id	sst_tokens	True	10	True	16	[['tokens', 'num_tokens']]	bucket	False	0.1	2	https://s3-us-west-2.amazonaws.com/allennlp/models/elmo/2x4096_512_2048cnn_2xhighway/elmo_2x4096_512_2048cnn_2xhighway_options.json	True	https://s3-us-west-2.amazonaws.com/allennlp/models/elmo/2x4096_512_2048cnn_2xhighway/elmo_2x4096_512_2048cnn_2xhighway_weights.hdf5	0.1	True	99	414	3	lstm	True	462	594	3	lstm	0.3	[0, 0, 0, 0]	7792	4	[337, 337, 337, 2]	4	tanh	0.1	[414, 414, 414]	1324	3	300	https://s3-us-west-2.amazonaws.com/allennlp/datasets/glove/glove.840B.300d.txt.gz	True	embedding	bcn	True	True	4486.036	4155	4885	4157	4885	4763	4909	4957	3715	0.9060955518945636	1.0	https://s3-us-west-2.amazonaws.com/allennlp/datasets/sst/test.txt	0.26817175628323303	https://s3-us-west-2.amazonaws.com/allennlp/datasets/sst/train.txt	0	9	0.5	2	reduce_on_plateau	50	1	9.33274751437146e-06	adam	10	+accuracy	0.999868413061522	1.0	4486.036	15968.000000000002	10	4155	4885	4157	4885	4763	4909	4957	3715	0.0005294432234667575	0	0.9002293577981652	1.0	https://s3-us-west-2.amazonaws.com/allennlp/datasets/sst/dev.txt	2-class	elmo_characters	single_id	sst_tokens	False	1.0897438740188423	6919	elmo fine-tuned
5	1	0.5137614678899083	1.0	422348.3068181818	2-class	elmo_characters	single_id	sst_tokens	True	10	True	16	[['tokens', 'num_tokens']]	bucket	False	0.0	2	https://s3-us-west-2.amazonaws.com/allennlp/models/elmo/2x4096_512_2048cnn_2xhighway/elmo_2x4096_512_2048cnn_2xhighway_options.json	True	https://s3-us-west-2.amazonaws.com/allennlp/models/elmo/2x4096_512_2048cnn_2xhighway/elmo_2x4096_512_2048cnn_2xhighway_weights.hdf5	0.4	True	305	259	2	lstm	True	390	1830	1	lstm	0.2	[0.2, 0.2, 0]	7216	3	[299, 299, 2]	4	relu	0.1	[259, 259, 259]	1324	3	300	https://s3-us-west-2.amazonaws.com/allennlp/datasets/glove/glove.840B.300d.txt.gz	True	embedding	bcn	True	True	4464.48	4587	4901	4347	4647	4763	4657	4799	4725	0.499176276771005	1.0	https://s3-us-west-2.amazonaws.com/allennlp/datasets/sst/test.txt	3750956.0657894737	https://s3-us-west-2.amazonaws.com/allennlp/datasets/sst/train.txt	0	9	0.5	2	reduce_on_plateau	50	1	0.09360506510024352	adam	10	+accuracy	0.510648419944531	1.0	4464.396	15360.000000000002	10	4587	4901	4151	4647	4523	4657	4239	4725	14609.631561788336	0	0.4908256880733945	1.0	https://s3-us-west-2.amazonaws.com/allennlp/datasets/sst/dev.txt	2-class	elmo_characters	single_id	sst_tokens	False	10097.503781960228	6919	elmo fine-tuned
6	16	0.8050458715596329	1.0	0.5844051464037462	2-class	elmo_characters	single_id	sst_tokens	True	25	True	16	[['tokens', 'num_tokens']]	bucket	False	0.0	2	https://s3-us-west-2.amazonaws.com/allennlp/models/elmo/2x4096_512_2048cnn_2xhighway/elmo_2x4096_512_2048cnn_2xhighway_options.json	True	https://s3-us-west-2.amazonaws.com/allennlp/models/elmo/2x4096_512_2048cnn_2xhighway/elmo_2x4096_512_2048cnn_2xhighway_weights.hdf5	0.3	True	330	321	2	lstm	True	256	1980	2	lstm	0.0	[0, 0]	6144	2	[130, 2]	6	tanh	0.4	[321, 321, 321]	1324	3	300	https://s3-us-west-2.amazonaws.com/allennlp/datasets/glove/glove.840B.300d.txt.gz	True	embedding	bcn	True	True	4461.272	4785	5067	4691	4711	5007	4803	4443	4267	0.8061504667764964	1.0	https://s3-us-west-2.amazonaws.com/allennlp/datasets/sst/test.txt	0.5829810442631704	https://s3-us-west-2.amazonaws.com/allennlp/datasets/sst/train.txt	0	9	0.5	2	reduce_on_plateau	50	1	0.0062416045915708795	adam	10	+accuracy	0.9507561187926392	1.0	4461.272	36161.0	25	4785	4399	4433	4643	5007	4295	4443	4267	0.14741233189578964	0	0.7970183486238532	1.0	https://s3-us-west-2.amazonaws.com/allennlp/datasets/sst/dev.txt	2-class	elmo_characters	single_id	sst_tokens	False	0.5283522882244803	6919	elmo fine-tuned
7	3	0.5091743119266054	1.0	566.0007990056819	2-class	elmo_characters	single_id	sst_tokens	True	12	True	16	[['tokens', 'num_tokens']]	bucket	False	0.4	1	https://s3-us-west-2.amazonaws.com/allennlp/models/elmo/2x4096_512_2048cnn_2xhighway/elmo_2x4096_512_2048cnn_2xhighway_options.json	True	https://s3-us-west-2.amazonaws.com/allennlp/models/elmo/2x4096_512_2048cnn_2xhighway/elmo_2x4096_512_2048cnn_2xhighway_weights.hdf5	0.1	True	270	199	2	lstm	True	382	1620	2	lstm	0.2	[0, 0, 0]	3056	3	[80, 80, 2]	4	tanh	0.3	[199, 199, 199]	1324	3	300	https://s3-us-west-2.amazonaws.com/allennlp/datasets/glove/glove.840B.300d.txt.gz	True	embedding	bcn	True	False	4476.556	4655	4827	4163	4711	4233	4179	4441	4253	0.499176276771005	1.0	https://s3-us-west-2.amazonaws.com/allennlp/datasets/sst/test.txt	604.2314589651007	https://s3-us-west-2.amazonaws.com/allennlp/datasets/sst/train.txt	0	9	0.5	2	reduce_on_plateau	50	1	0.035164991476202084	adam	10	+accuracy	0.5073587464825801	1.0	4476.556	17634.0	12	4655	4827	4163	4711	4233	4179	4441	3967	1.8421215986481565	0	0.5034403669724771	1.0	https://s3-us-west-2.amazonaws.com/allennlp/datasets/sst/dev.txt	2-class	elmo_characters	single_id	sst_tokens	False	0.7108042456886985	6919	elmo fine-tuned
8	1	0.9071100917431192	1.0	0.2466553403572603	2-class	elmo_characters	single_id	sst_tokens	True	10	True	16	[['tokens', 'num_tokens']]	bucket	False	0.1	1	https://s3-us-west-2.amazonaws.com/allennlp/models/elmo/2x4096_512_2048cnn_2xhighway/elmo_2x4096_512_2048cnn_2xhighway_options.json	True	https://s3-us-west-2.amazonaws.com/allennlp/models/elmo/2x4096_512_2048cnn_2xhighway/elmo_2x4096_512_2048cnn_2xhighway_weights.hdf5	0.0	True	288	114	2	lstm	True	509	1728	3	lstm	0.1	[0.4, 0.4, 0]	4072	3	[405, 405, 2]	4	relu	0.0	[114, 114, 114]	1324	3	300	https://s3-us-west-2.amazonaws.com/allennlp/datasets/glove/glove.840B.300d.txt.gz	True	embedding	bcn	True	False	4569.524	4829	4901	4347	4647	4763	4663	4239	4725	0.8951125755079626	1.0	https://s3-us-west-2.amazonaws.com/allennlp/datasets/sst/test.txt	0.24823536926455664	https://s3-us-west-2.amazonaws.com/allennlp/datasets/sst/train.txt	0	8	0.5	2	reduce_on_plateau	50	1	3.789728293272845e-05	adam	10	+accuracy	0.9986841306152195	1.0	4569.524	15411.000000000002	10	4829	4901	4157	4647	4763	4663	4239	4725	0.004916630146444325	0	0.8922018348623854	1.0	https://s3-us-west-2.amazonaws.com/allennlp/datasets/sst/dev.txt	2-class	elmo_characters	single_id	sst_tokens	False	0.6077876491302794	6919	elmo fine-tuned
9	0	0.9151376146788992	1.0	0.22005359259518711	2-class	elmo_characters	single_id	sst_tokens	True	9	True	16	[['tokens', 'num_tokens']]	bucket	False	0.4	2	https://s3-us-west-2.amazonaws.com/allennlp/models/elmo/2x4096_512_2048cnn_2xhighway/elmo_2x4096_512_2048cnn_2xhighway_options.json	True	https://s3-us-west-2.amazonaws.com/allennlp/models/elmo/2x4096_512_2048cnn_2xhighway/elmo_2x4096_512_2048cnn_2xhighway_weights.hdf5	0.1	True	304	439	1	lstm	True	410	1824	1	lstm	0.1	[0.4, 0]	7376	2	[231, 2]	6	relu	0.0	[439, 439, 439]	1324	3	300	https://s3-us-west-2.amazonaws.com/allennlp/datasets/glove/glove.840B.300d.txt.gz	True	embedding	bcn	True	True	4489.428	4781	5067	4163	4387	5007	4375	4443	4267	0.913783635365184	1.0	https://s3-us-west-2.amazonaws.com/allennlp/datasets/sst/test.txt	0.2072928910584826	https://s3-us-west-2.amazonaws.com/allennlp/datasets/sst/train.txt	0	7	0.5	2	reduce_on_plateau	50	1	5.6470830227928736e-05	adam	10	+accuracy	0.9987144968317914	1.0	4489.428	13454.0	9	4781	4145	4163	4271	5007	4375	4443	4267	0.004871218524722318	0	0.8922018348623854	1.0	https://s3-us-west-2.amazonaws.com/allennlp/datasets/sst/dev.txt	2-class	elmo_characters	single_id	sst_tokens	False	0.6049440373073924	6919	elmo fine-tuned
10	16	0.5194954128440367	1.0	0.8027313579212535	2-class	elmo_characters	single_id	sst_tokens	True	25	True	16	[['tokens', 'num_tokens']]	bucket	False	0.0	1	https://s3-us-west-2.amazonaws.com/allennlp/models/elmo/2x4096_512_2048cnn_2xhighway/elmo_2x4096_512_2048cnn_2xhighway_options.json	True	https://s3-us-west-2.amazonaws.com/allennlp/models/elmo/2x4096_512_2048cnn_2xhighway/elmo_2x4096_512_2048cnn_2xhighway_weights.hdf5	0.3	True	161	347	1	lstm	True	307	966	1	lstm	0.2	[0.2, 0]	2456	2	[312, 2]	3	relu	0.0	[347, 347, 347]	1324	3	300	https://s3-us-west-2.amazonaws.com/allennlp/datasets/glove/glove.840B.300d.txt.gz	True	embedding	bcn	True	False	4447.72	4881	4903	4157	4647	4763	4663	4957	4729	0.5244371224601867	1.0	https://s3-us-west-2.amazonaws.com/allennlp/datasets/sst/test.txt	0.7970803275442959	https://s3-us-west-2.amazonaws.com/allennlp/datasets/sst/train.txt	0	5	0.5	2	reduce_on_plateau	50	1	0.021414167551055487	adam	10	+accuracy	0.5252646921877847	1.0	4447.72	34179.0	25	4881	4903	4157	4109	4763	3757	4957	4729	0.7693601034623891	0	0.5091743119266054	1.0	https://s3-us-west-2.amazonaws.com/allennlp/datasets/sst/dev.txt	2-class	elmo_characters	single_id	sst_tokens	False	0.7018566911870783	6919	elmo fine-tuned
11	5	0.9094036697247706	1.0	0.4519731678745964	2-class	elmo_characters	single_id	sst_tokens	True	14	True	16	[['tokens', 'num_tokens']]	bucket	False	0.4	2	https://s3-us-west-2.amazonaws.com/allennlp/models/elmo/2x4096_512_2048cnn_2xhighway/elmo_2x4096_512_2048cnn_2xhighway_options.json	True	https://s3-us-west-2.amazonaws.com/allennlp/models/elmo/2x4096_512_2048cnn_2xhighway/elmo_2x4096_512_2048cnn_2xhighway_weights.hdf5	0.0	True	327	151	1	lstm	True	213	1962	2	lstm	0.3	[0.2, 0.2, 0.2, 0]	5800	4	[153, 153, 153, 2]	6	relu	0.3	[151, 151, 151]	1324	3	300	https://s3-us-west-2.amazonaws.com/allennlp/datasets/glove/glove.840B.300d.txt.gz	True	embedding	bcn	True	True	4444.8679999999995	4785	4399	4705	4643	5007	4809	4629	4477	0.8918176825919825	1.0	https://s3-us-west-2.amazonaws.com/allennlp/datasets/sst/test.txt	0.4431860046461225	https://s3-us-west-2.amazonaws.com/allennlp/datasets/sst/train.txt	0	6	0.5	2	reduce_on_plateau	50	1	8.99998727877145e-06	adam	10	+accuracy	0.9997773144118064	1.0	4444.8679999999995	20451.0	14	4297	4399	4705	4643	3905	4809	4629	4477	0.0009924729437480607	0	0.8922018348623854	1.0	https://s3-us-west-2.amazonaws.com/allennlp/datasets/sst/dev.txt	2-class	elmo_characters	single_id	sst_tokens	False	1.4817322934215718	6919	elmo fine-tuned
12	46	0.6961009174311926	1.0	0.5912764115767045	2-class	elmo_characters	single_id	sst_tokens	True	49	True	16	[['tokens', 'num_tokens']]	bucket	False	0.3	2	https://s3-us-west-2.amazonaws.com/allennlp/models/elmo/2x4096_512_2048cnn_2xhighway/elmo_2x4096_512_2048cnn_2xhighway_options.json	True	https://s3-us-west-2.amazonaws.com/allennlp/models/elmo/2x4096_512_2048cnn_2xhighway/elmo_2x4096_512_2048cnn_2xhighway_weights.hdf5	0.2	True	234	369	3	lstm	True	75	1404	1	lstm	0.0	[0.3, 0.3, 0]	4696	3	[337, 337, 2]	3	relu	0.2	[369, 369, 369]	1324	3	300	https://s3-us-west-2.amazonaws.com/allennlp/datasets/glove/glove.840B.300d.txt.gz	True	embedding	bcn	True	True	4460.335999999999	4881	4903	4157	4887	5035	4909	4959	4729	0.6595277320153762	1.0	https://s3-us-west-2.amazonaws.com/allennlp/datasets/sst/test.txt	0.6115765064431911	https://s3-us-west-2.amazonaws.com/allennlp/datasets/sst/train.txt	0	7	0.5	2	reduce_on_plateau	50	1	0.01541766938691311	adam	10	+accuracy	0.7534971759418588	1.0	4460.335999999999	69108.0	49	4155	4491	4157	4887	5035	4909	4959	3715	0.5014588487377534	0	0.6857798165137615	1.0	https://s3-us-west-2.amazonaws.com/allennlp/datasets/sst/dev.txt	2-class	elmo_characters	single_id	sst_tokens	False	0.5909436659379439	6919	elmo fine-tuned
13	0	0.5091743119266054	1.0	9619051.645454545	2-class	elmo_characters	single_id	sst_tokens	True	9	True	16	[['tokens', 'num_tokens']]	bucket	False	0.3	1	https://s3-us-west-2.amazonaws.com/allennlp/models/elmo/2x4096_512_2048cnn_2xhighway/elmo_2x4096_512_2048cnn_2xhighway_options.json	True	https://s3-us-west-2.amazonaws.com/allennlp/models/elmo/2x4096_512_2048cnn_2xhighway/elmo_2x4096_512_2048cnn_2xhighway_weights.hdf5	0.4	True	492	423	3	lstm	True	389	2952	1	lstm	0.4	[0.4, 0.4, 0.4, 0]	3112	4	[360, 360, 360, 2]	4	tanh	0.3	[423, 423, 423]	1324	3	300	https://s3-us-west-2.amazonaws.com/allennlp/datasets/glove/glove.840B.300d.txt.gz	True	embedding	bcn	True	False	4551.656	4881	4903	4157	4647	4763	3757	4957	4729	0.499176276771005	1.0	https://s3-us-west-2.amazonaws.com/allennlp/datasets/sst/test.txt	9666124.364035087	https://s3-us-west-2.amazonaws.com/allennlp/datasets/sst/train.txt	0	5	0.5	2	reduce_on_plateau	50	1	0.055643972486727214	adam	10	+accuracy	0.5083810757738324	1.0	4551.656	14219.0	9	4881	4903	4157	4109	4763	3757	4957	4725	10591649.481842104	0	0.4908256880733945	1.0	https://s3-us-west-2.amazonaws.com/allennlp/datasets/sst/dev.txt	2-class	elmo_characters	single_id	sst_tokens	False	651449.890909091	6919	elmo fine-tuned
14	2	0.5137614678899083	1.0	81858.86065340911	2-class	elmo_characters	single_id	sst_tokens	True	11	True	16	[['tokens', 'num_tokens']]	bucket	False	0.2	1	https://s3-us-west-2.amazonaws.com/allennlp/models/elmo/2x4096_512_2048cnn_2xhighway/elmo_2x4096_512_2048cnn_2xhighway_options.json	True	https://s3-us-west-2.amazonaws.com/allennlp/models/elmo/2x4096_512_2048cnn_2xhighway/elmo_2x4096_512_2048cnn_2xhighway_weights.hdf5	0.2	True	502	296	3	lstm	True	401	3012	2	lstm	0.4	[0.1, 0.1, 0.1, 0]	3208	4	[234, 234, 234, 2]	4	relu	0.4	[296, 296, 296]	1324	3	300	https://s3-us-west-2.amazonaws.com/allennlp/datasets/glove/glove.840B.300d.txt.gz	True	embedding	bcn	True	False	4558.768	4347	4399	4705	4643	4155	4461	4799	4481	0.4958813838550247	1.0	https://s3-us-west-2.amazonaws.com/allennlp/datasets/sst/test.txt	100910.06198601973	https://s3-us-west-2.amazonaws.com/allennlp/datasets/sst/train.txt	0	8	0.5	2	reduce_on_plateau	50	1	0.04383858506625904	adam	10	+accuracy	0.5089985221774602	1.0	4558.768	17245.0	11	4347	4247	4345	4643	4155	4461	4799	4337	13098.980873647837	0	0.4908256880733945	1.0	https://s3-us-west-2.amazonaws.com/allennlp/datasets/sst/dev.txt	2-class	elmo_characters	single_id	sst_tokens	False	5736.112286931818	6919	elmo fine-tuned
15	9	0.8646788990825688	1.0	0.403740236366337	2-class	elmo_characters	single_id	sst_tokens	True	18	True	16	[['tokens', 'num_tokens']]	bucket	False	0.4	2	https://s3-us-west-2.amazonaws.com/allennlp/models/elmo/2x4096_512_2048cnn_2xhighway/elmo_2x4096_512_2048cnn_2xhighway_options.json	True	https://s3-us-west-2.amazonaws.com/allennlp/models/elmo/2x4096_512_2048cnn_2xhighway/elmo_2x4096_512_2048cnn_2xhighway_weights.hdf5	0.3	True	262	459	1	lstm	True	265	1572	2	lstm	0.4	[0, 0, 0, 0]	6216	4	[305, 305, 305, 2]	5	relu	0.3	[459, 459, 459]	1324	3	300	https://s3-us-west-2.amazonaws.com/allennlp/datasets/glove/glove.840B.300d.txt.gz	True	embedding	bcn	True	True	4478.696	4155	4885	4365	4887	5035	4909	4959	4569	0.8791872597473915	1.0	https://s3-us-west-2.amazonaws.com/allennlp/datasets/sst/test.txt	0.3520112537958643	https://s3-us-west-2.amazonaws.com/allennlp/datasets/sst/train.txt	0	8	0.5	2	reduce_on_plateau	50	1	0.0002793809584139851	adam	10	+accuracy	0.992934793610948	1.0	4478.696	25875.0	18	0	4491	4365	4887	0	4909	4959	4569	0.018084732229531053	0	0.8497706422018348	1.0	https://s3-us-west-2.amazonaws.com/allennlp/datasets/sst/dev.txt	2-class	elmo_characters	single_id	sst_tokens	False	0.7515190935270353	6919	elmo fine-tuned
16	3	0.9013761467889908	1.0	0.3565586657686667	2-class	elmo_characters	single_id	sst_tokens	True	12	True	16	[['tokens', 'num_tokens']]	bucket	False	0.2	2	https://s3-us-west-2.amazonaws.com/allennlp/models/elmo/2x4096_512_2048cnn_2xhighway/elmo_2x4096_512_2048cnn_2xhighway_options.json	True	https://s3-us-west-2.amazonaws.com/allennlp/models/elmo/2x4096_512_2048cnn_2xhighway/elmo_2x4096_512_2048cnn_2xhighway_weights.hdf5	0.0	True	173	196	3	lstm	True	376	1038	1	lstm	0.3	[0.1, 0.1, 0]	7104	3	[348, 348, 2]	3	tanh	0.1	[196, 196, 196]	1324	3	300	https://s3-us-west-2.amazonaws.com/allennlp/datasets/glove/glove.840B.300d.txt.gz	True	embedding	bcn	True	True	4451.472	4587	4901	4347	4647	4235	4657	4799	4337	0.8907193849533224	1.0	https://s3-us-west-2.amazonaws.com/allennlp/datasets/sst/test.txt	0.37474347193512997	https://s3-us-west-2.amazonaws.com/allennlp/datasets/sst/train.txt	0	9	0.5	2	reduce_on_plateau	50	1	8.105506720111077e-05	adam	10	+accuracy	0.9996862157620908	1.0	4451.472	17869.0	12	4587	4901	4347	4647	4157	4657	4239	4337	0.0010925847500683364	0	0.8956422018348624	1.0	https://s3-us-west-2.amazonaws.com/allennlp/datasets/sst/dev.txt	2-class	elmo_characters	single_id	sst_tokens	False	1.201197347315875	6919	elmo fine-tuned
17	16	0.8096330275229358	1.0	0.6875426897948439	2-class	elmo_characters	single_id	sst_tokens	True	25	True	16	[['tokens', 'num_tokens']]	bucket	False	0.4	2	https://s3-us-west-2.amazonaws.com/allennlp/models/elmo/2x4096_512_2048cnn_2xhighway/elmo_2x4096_512_2048cnn_2xhighway_options.json	True	https://s3-us-west-2.amazonaws.com/allennlp/models/elmo/2x4096_512_2048cnn_2xhighway/elmo_2x4096_512_2048cnn_2xhighway_weights.hdf5	0.1	True	456	128	3	lstm	True	300	2736	2	lstm	0.3	[0.1, 0.1, 0]	6496	3	[141, 141, 2]	4	relu	0.4	[128, 128, 128]	1324	3	300	https://s3-us-west-2.amazonaws.com/allennlp/datasets/glove/glove.840B.300d.txt.gz	True	embedding	bcn	True	True	4533.856	4881	4903	4157	4885	4763	3761	4957	4729	0.7918725974739155	1.0	https://s3-us-west-2.amazonaws.com/allennlp/datasets/sst/test.txt	0.7250627361630139	https://s3-us-west-2.amazonaws.com/allennlp/datasets/sst/train.txt	0	5	0.5	2	reduce_on_plateau	50	1	0.0020708767354361353	adam	10	+accuracy	0.9558576431767112	1.0	4533.856	37630.0	25	4155	4885	4157	4885	4763	3761	4957	3715	0.1617599574600154	0	0.7935779816513762	1.0	https://s3-us-west-2.amazonaws.com/allennlp/datasets/sst/dev.txt	2-class	elmo_characters	single_id	sst_tokens	False	0.7365104374560443	6919	elmo fine-tuned
18	14	0.8864678899082569	1.0	0.4102818525650285	2-class	elmo_characters	single_id	sst_tokens	True	23	True	16	[['tokens', 'num_tokens']]	bucket	False	0.4	1	https://s3-us-west-2.amazonaws.com/allennlp/models/elmo/2x4096_512_2048cnn_2xhighway/elmo_2x4096_512_2048cnn_2xhighway_options.json	True	https://s3-us-west-2.amazonaws.com/allennlp/models/elmo/2x4096_512_2048cnn_2xhighway/elmo_2x4096_512_2048cnn_2xhighway_weights.hdf5	0.4	True	130	342	2	lstm	True	111	780	3	lstm	0.2	[0.4, 0.4, 0]	888	3	[431, 431, 2]	3	tanh	0.2	[342, 342, 342]	1324	3	300	https://s3-us-west-2.amazonaws.com/allennlp/datasets/glove/glove.840B.300d.txt.gz	True	embedding	bcn	True	False	4413.332	4781	5067	4163	4711	5007	4375	4443	4267	0.885227896760022	1.0	https://s3-us-west-2.amazonaws.com/allennlp/datasets/sst/test.txt	0.3758449069828841	https://s3-us-west-2.amazonaws.com/allennlp/datasets/sst/train.txt	0	8	0.5	2	reduce_on_plateau	50	1	2.4841990265349533e-06	adam	10	+accuracy	0.9795837803915216	1.0	4413.332	32310.000000000004	23	4781	5067	4163	4271	5007	4375	4443	4267	0.07592921554077009	0	0.8807339449541285	1.0	https://s3-us-west-2.amazonaws.com/allennlp/datasets/sst/dev.txt	2-class	elmo_characters	single_id	sst_tokens	False	0.4416831769726493	6919	elmo fine-tuned
19	10	0.8944954128440367	1.0	0.4340294042094187	2-class	elmo_characters	single_id	sst_tokens	True	19	True	16	[['tokens', 'num_tokens']]	bucket	False	0.2	1	https://s3-us-west-2.amazonaws.com/allennlp/models/elmo/2x4096_512_2048cnn_2xhighway/elmo_2x4096_512_2048cnn_2xhighway_options.json	True	https://s3-us-west-2.amazonaws.com/allennlp/models/elmo/2x4096_512_2048cnn_2xhighway/elmo_2x4096_512_2048cnn_2xhighway_weights.hdf5	0.2	True	262	207	3	lstm	True	244	1572	3	lstm	0.0	[0, 0]	1952	2	[374, 2]	6	tanh	0.2	[207, 207, 207]	1324	3	300	https://s3-us-west-2.amazonaws.com/allennlp/datasets/glove/glove.840B.300d.txt.gz	True	embedding	bcn	True	False	4485.6720000000005	4785	5067	4705	4711	5007	4809	4629	4269	0.8808347062053816	1.0	https://s3-us-west-2.amazonaws.com/allennlp/datasets/sst/test.txt	0.41588628131961614	https://s3-us-west-2.amazonaws.com/allennlp/datasets/sst/train.txt	0	9	0.5	2	reduce_on_plateau	50	1	2.334309267028839e-06	adam	10	+accuracy	0.9860922728100896	1.0	4485.6720000000005	27474.0	19	4627	4399	4705	4643	4595	4805	4629	4269	0.05357434575253653	0	0.8910550458715596	1.0	https://s3-us-west-2.amazonaws.com/allennlp/datasets/sst/dev.txt	2-class	elmo_characters	single_id	sst_tokens	False	0.4735578088597818	6919	elmo fine-tuned
20	0	0.908256880733945	1.0	0.2450968327170069	2-class	elmo_characters	single_id	sst_tokens	True	9	True	16	[['tokens', 'num_tokens']]	bucket	False	0.4	1	https://s3-us-west-2.amazonaws.com/allennlp/models/elmo/2x4096_512_2048cnn_2xhighway/elmo_2x4096_512_2048cnn_2xhighway_options.json	True	https://s3-us-west-2.amazonaws.com/allennlp/models/elmo/2x4096_512_2048cnn_2xhighway/elmo_2x4096_512_2048cnn_2xhighway_weights.hdf5	0.4	True	506	425	2	lstm	True	243	3036	1	lstm	0.1	[0.4, 0]	1944	2	[459, 2]	3	tanh	0.2	[425, 425, 425]	1324	3	300	https://s3-us-west-2.amazonaws.com/allennlp/datasets/glove/glove.840B.300d.txt.gz	True	embedding	bcn	True	False	4501.56	4627	4399	4705	4643	4595	4809	4791	4481	0.9006040637012629	1.0	https://s3-us-west-2.amazonaws.com/allennlp/datasets/sst/test.txt	0.24418765182296434	https://s3-us-west-2.amazonaws.com/allennlp/datasets/sst/train.txt	0	9	0.5	2	reduce_on_plateau	50	1	6.897655506784856e-05	adam	10	+accuracy	0.9917606332368364	1.0	4501.468	13139.0	9	4307	4243	4345	4643	4155	4461	4791	4477	0.024483076431731945	0	0.8944954128440367	1.0	https://s3-us-west-2.amazonaws.com/allennlp/datasets/sst/dev.txt	2-class	elmo_characters	single_id	sst_tokens	False	0.3768442699855024	6919	elmo fine-tuned
21	0	0.5091743119266054	1.0	0.7005733045664699	2-class	elmo_characters	single_id	sst_tokens	True	9	True	16	[['tokens', 'num_tokens']]	bucket	False	0.1	1	https://s3-us-west-2.amazonaws.com/allennlp/models/elmo/2x4096_512_2048cnn_2xhighway/elmo_2x4096_512_2048cnn_2xhighway_options.json	True	https://s3-us-west-2.amazonaws.com/allennlp/models/elmo/2x4096_512_2048cnn_2xhighway/elmo_2x4096_512_2048cnn_2xhighway_weights.hdf5	0.1	True	181	474	3	lstm	True	201	1086	3	lstm	0.3	[0.1, 0]	1608	2	[203, 2]	5	relu	0.2	[474, 474, 474]	1324	3	300	https://s3-us-west-2.amazonaws.com/allennlp/datasets/glove/glove.840B.300d.txt.gz	True	embedding	bcn	True	False	4461.788	4833	4901	4157	4647	4763	4663	4953	4725	0.499176276771005	1.0	https://s3-us-west-2.amazonaws.com/allennlp/datasets/sst/test.txt	0.7033641547487494	https://s3-us-west-2.amazonaws.com/allennlp/datasets/sst/train.txt	0	8	0.5	2	reduce_on_plateau	50	1	0.007032642537425206	adam	10	+accuracy	0.5674130007895216	1.0	4461.596	13492.0	9	4833	4901	4157	4647	4763	3753	4953	4725	0.6813619686379606	0	0.5091743119266054	1.0	https://s3-us-west-2.amazonaws.com/allennlp/datasets/sst/dev.txt	2-class	elmo_characters	single_id	sst_tokens	False	0.6979859092018821	6919	elmo fine-tuned
22	1	0.5091743119266054	1.0	479020.67727272725	2-class	elmo_characters	single_id	sst_tokens	True	10	True	16	[['tokens', 'num_tokens']]	bucket	False	0.3	2	https://s3-us-west-2.amazonaws.com/allennlp/models/elmo/2x4096_512_2048cnn_2xhighway/elmo_2x4096_512_2048cnn_2xhighway_options.json	True	https://s3-us-west-2.amazonaws.com/allennlp/models/elmo/2x4096_512_2048cnn_2xhighway/elmo_2x4096_512_2048cnn_2xhighway_weights.hdf5	0.0	True	390	306	1	lstm	True	136	2340	3	lstm	0.4	[0, 0, 0, 0]	5184	4	[305, 305, 305, 2]	4	relu	0.4	[306, 306, 306]	1324	3	300	https://s3-us-west-2.amazonaws.com/allennlp/datasets/glove/glove.840B.300d.txt.gz	True	embedding	bcn	True	True	4446.8640000000005	4655	4325	4163	4711	4233	4179	4441	3967	0.499176276771005	1.0	https://s3-us-west-2.amazonaws.com/allennlp/datasets/sst/test.txt	483826.62828947365	https://s3-us-west-2.amazonaws.com/allennlp/datasets/sst/train.txt	0	9	0.5	2	reduce_on_plateau	50	1	0.022694844985981275	adam	10	+accuracy	0.5099499969633784	1.0	4446.8640000000005	15435.000000000002	10	4655	4193	4163	4709	4233	4179	4441	3967	2192.9824808542357	0	0.5091743119266054	1.0	https://s3-us-west-2.amazonaws.com/allennlp/datasets/sst/dev.txt	2-class	elmo_characters	single_id	sst_tokens	False	734.7975142045455	6919	elmo fine-tuned
23	3	0.9059633027522936	1.0	0.3166061253032901	2-class	elmo_characters	single_id	sst_tokens	True	12	True	16	[['tokens', 'num_tokens']]	bucket	False	0.1	1	https://s3-us-west-2.amazonaws.com/allennlp/models/elmo/2x4096_512_2048cnn_2xhighway/elmo_2x4096_512_2048cnn_2xhighway_options.json	True	https://s3-us-west-2.amazonaws.com/allennlp/models/elmo/2x4096_512_2048cnn_2xhighway/elmo_2x4096_512_2048cnn_2xhighway_weights.hdf5	0.1	True	403	382	1	lstm	True	299	2418	2	lstm	0.2	[0.1, 0]	2392	2	[491, 2]	6	tanh	0.0	[382, 382, 382]	1324	3	300	https://s3-us-west-2.amazonaws.com/allennlp/datasets/glove/glove.840B.300d.txt.gz	True	embedding	bcn	True	False	4472.924	4781	4399	4705	4643	5007	4809	4629	4477	0.8962108731466227	1.0	https://s3-us-west-2.amazonaws.com/allennlp/datasets/sst/test.txt	0.31378502529441266	https://s3-us-west-2.amazonaws.com/allennlp/datasets/sst/train.txt	0	8	0.5	2	reduce_on_plateau	50	1	6.529992093744476e-06	adam	10	+accuracy	0.999544506751422	1.0	4472.924	17321.0	12	4627	4399	4705	4643	4595	4809	4629	4475	0.002142557209681878	0	0.8979357798165137	1.0	https://s3-us-west-2.amazonaws.com/allennlp/datasets/sst/dev.txt	2-class	elmo_characters	single_id	sst_tokens	False	0.9212239643389528	6919	elmo fine-tuned
24	1	0.9071100917431192	1.0	0.25941550941629843	2-class	elmo_characters	single_id	sst_tokens	True	10	True	16	[['tokens', 'num_tokens']]	bucket	False	0.4	2	https://s3-us-west-2.amazonaws.com/allennlp/models/elmo/2x4096_512_2048cnn_2xhighway/elmo_2x4096_512_2048cnn_2xhighway_options.json	True	https://s3-us-west-2.amazonaws.com/allennlp/models/elmo/2x4096_512_2048cnn_2xhighway/elmo_2x4096_512_2048cnn_2xhighway_weights.hdf5	0.3	True	436	439	3	lstm	True	295	2616	3	lstm	0.1	[0.2, 0.2, 0.2, 0]	6456	4	[216, 216, 216, 2]	4	relu	0.0	[439, 439, 439]	1324	3	300	https://s3-us-west-2.amazonaws.com/allennlp/datasets/glove/glove.840B.300d.txt.gz	True	embedding	bcn	True	True	4554.848	4655	4817	4163	4711	4233	4179	4441	3967	0.9093904448105437	1.0	https://s3-us-west-2.amazonaws.com/allennlp/datasets/sst/test.txt	0.23361340910196304	https://s3-us-west-2.amazonaws.com/allennlp/datasets/sst/train.txt	0	5	0.5	2	reduce_on_plateau	50	1	1.1522511686958794e-05	adam	10	+accuracy	0.9996760936899002	1.0	4554.848	16050.000000000002	10	4655	4193	4163	4711	4233	4179	4441	3967	0.0012159266995514935	0	0.8979357798165137	1.0	https://s3-us-west-2.amazonaws.com/allennlp/datasets/sst/dev.txt	2-class	elmo_characters	single_id	sst_tokens	False	0.7339674335989085	6919	elmo fine-tuned
25	8	0.8876146788990825	1.0	0.5140958492051472	2-class	elmo_characters	single_id	sst_tokens	True	17	True	16	[['tokens', 'num_tokens']]	bucket	False	0.1	2	https://s3-us-west-2.amazonaws.com/allennlp/models/elmo/2x4096_512_2048cnn_2xhighway/elmo_2x4096_512_2048cnn_2xhighway_options.json	True	https://s3-us-west-2.amazonaws.com/allennlp/models/elmo/2x4096_512_2048cnn_2xhighway/elmo_2x4096_512_2048cnn_2xhighway_weights.hdf5	0.4	True	171	102	3	lstm	True	284	1026	2	lstm	0.0	[0.3, 0.3, 0]	6368	3	[340, 340, 2]	4	tanh	0.0	[102, 102, 102]	1324	3	300	https://s3-us-west-2.amazonaws.com/allennlp/datasets/glove/glove.840B.300d.txt.gz	True	embedding	bcn	True	True	4451.092000000001	4587	4901	4705	4647	4157	4809	4799	4481	0.8797364085667215	1.0	https://s3-us-west-2.amazonaws.com/allennlp/datasets/sst/test.txt	0.4640178909492597	https://s3-us-west-2.amazonaws.com/allennlp/datasets/sst/train.txt	0	5	0.5	2	reduce_on_plateau	50	1	2.354445913391244e-06	adam	10	+accuracy	0.9943620057898253	1.0	4451.092000000001	25626.0	17	4587	4899	4347	4647	4157	4657	4239	4337	0.02314574960465385	0	0.8761467889908257	1.0	https://s3-us-west-2.amazonaws.com/allennlp/datasets/sst/dev.txt	2-class	elmo_characters	single_id	sst_tokens	False	0.7078446953134103	6919	elmo fine-tuned
26	3	0.9139908256880734	1.0	0.29537370665506885	2-class	elmo_characters	single_id	sst_tokens	True	12	True	16	[['tokens', 'num_tokens']]	bucket	False	0.2	1	https://s3-us-west-2.amazonaws.com/allennlp/models/elmo/2x4096_512_2048cnn_2xhighway/elmo_2x4096_512_2048cnn_2xhighway_options.json	True	https://s3-us-west-2.amazonaws.com/allennlp/models/elmo/2x4096_512_2048cnn_2xhighway/elmo_2x4096_512_2048cnn_2xhighway_weights.hdf5	0.2	True	499	327	2	lstm	True	172	2994	3	lstm	0.2	[0.2, 0.2, 0]	1376	3	[364, 364, 2]	4	relu	0.1	[327, 327, 327]	1324	3	300	https://s3-us-west-2.amazonaws.com/allennlp/datasets/glove/glove.840B.300d.txt.gz	True	embedding	bcn	True	False	4473.38	4587	4249	4345	4643	4157	4657	4799	4481	0.8978583196046128	1.0	https://s3-us-west-2.amazonaws.com/allennlp/datasets/sst/test.txt	0.2899367084824725	https://s3-us-west-2.amazonaws.com/allennlp/datasets/sst/train.txt	0	9	0.5	2	reduce_on_plateau	50	1	7.96107815252836e-06	adam	10	+accuracy	0.9995040184626596	1.0	4473.38	17958.0	12	4583	4249	4345	4643	4155	4461	4799	4337	0.0015481156027528954	0	0.904816513761468	1.0	https://s3-us-west-2.amazonaws.com/allennlp/datasets/sst/dev.txt	2-class	elmo_characters	single_id	sst_tokens	False	1.04834974787452	6919	elmo fine-tuned
27	0	0.8738532110091743	1.0	0.3229123427109285	2-class	elmo_characters	single_id	sst_tokens	True	9	True	16	[['tokens', 'num_tokens']]	bucket	False	0.1	1	https://s3-us-west-2.amazonaws.com/allennlp/models/elmo/2x4096_512_2048cnn_2xhighway/elmo_2x4096_512_2048cnn_2xhighway_options.json	True	https://s3-us-west-2.amazonaws.com/allennlp/models/elmo/2x4096_512_2048cnn_2xhighway/elmo_2x4096_512_2048cnn_2xhighway_weights.hdf5	0.2	True	326	463	2	lstm	True	342	1956	2	lstm	0.2	[0.4, 0.4, 0]	2736	3	[329, 329, 2]	4	relu	0.4	[463, 463, 463]	1324	3	300	https://s3-us-west-2.amazonaws.com/allennlp/datasets/glove/glove.840B.300d.txt.gz	True	embedding	bcn	True	False	4497.564	4655	4193	4163	4709	4233	4179	4441	3967	0.8758923668314114	1.0	https://s3-us-west-2.amazonaws.com/allennlp/datasets/sst/test.txt	0.3182927939648691	https://s3-us-west-2.amazonaws.com/allennlp/datasets/sst/train.txt	0	8	0.5	2	reduce_on_plateau	50	1	0.00022016002356039903	adam	10	+accuracy	0.9736623681600096	1.0	4497.564	13660.0	9	4655	4191	4163	4709	4233	4179	4441	3967	0.07200589883031874	0	0.8394495412844036	1.0	https://s3-us-west-2.amazonaws.com/allennlp/datasets/sst/dev.txt	2-class	elmo_characters	single_id	sst_tokens	False	0.5027721941471099	6919	elmo fine-tuned
28	14	0.8967889908256881	1.0	0.6371075689792634	2-class	elmo_characters	single_id	sst_tokens	True	23	True	16	[['tokens', 'num_tokens']]	bucket	False	0.1	1	https://s3-us-west-2.amazonaws.com/allennlp/models/elmo/2x4096_512_2048cnn_2xhighway/elmo_2x4096_512_2048cnn_2xhighway_options.json	True	https://s3-us-west-2.amazonaws.com/allennlp/models/elmo/2x4096_512_2048cnn_2xhighway/elmo_2x4096_512_2048cnn_2xhighway_weights.hdf5	0.4	True	119	205	1	lstm	True	133	714	2	lstm	0.2	[0.2, 0.2, 0]	1064	3	[194, 194, 2]	3	tanh	0.1	[205, 205, 205]	1324	3	300	https://s3-us-west-2.amazonaws.com/allennlp/datasets/glove/glove.840B.300d.txt.gz	True	embedding	bcn	True	False	4409.335999999999	4155	4903	4157	4887	5035	4909	4959	3715	0.8885227896760022	1.0	https://s3-us-west-2.amazonaws.com/allennlp/datasets/sst/test.txt	0.5922358302568522	https://s3-us-west-2.amazonaws.com/allennlp/datasets/sst/train.txt	0	7	0.5	2	reduce_on_plateau	50	1	3.3178203532968938e-06	adam	10	+accuracy	0.9952325039982184	1.0	4409.232	31535.000000000004	23	4155	4491	4157	4887	5035	4909	4959	3715	0.01960693376003067	0	0.8922018348623854	1.0	https://s3-us-west-2.amazonaws.com/allennlp/datasets/sst/dev.txt	2-class	elmo_characters	single_id	sst_tokens	False	0.6739205787127668	6919	elmo fine-tuned
29	45	0.7947247706422018	1.0	0.4767457807605917	2-class	elmo_characters	single_id	sst_tokens	True	49	True	16	[['tokens', 'num_tokens']]	bucket	False	0.0	2	https://s3-us-west-2.amazonaws.com/allennlp/models/elmo/2x4096_512_2048cnn_2xhighway/elmo_2x4096_512_2048cnn_2xhighway_options.json	True	https://s3-us-west-2.amazonaws.com/allennlp/models/elmo/2x4096_512_2048cnn_2xhighway/elmo_2x4096_512_2048cnn_2xhighway_weights.hdf5	0.3	True	263	187	3	lstm	True	169	1578	3	lstm	0.0	[0.3, 0]	5448	2	[339, 2]	6	tanh	0.3	[187, 187, 187]	1324	3	300	https://s3-us-west-2.amazonaws.com/allennlp/datasets/glove/glove.840B.300d.txt.gz	True	embedding	bcn	True	True	4469.976	4881	4903	4705	4647	5007	4809	4957	4725	0.7715540911587042	1.0	https://s3-us-west-2.amazonaws.com/allennlp/datasets/sst/test.txt	0.5044810817691318	https://s3-us-west-2.amazonaws.com/allennlp/datasets/sst/train.txt	0	9	0.5	2	reduce_on_plateau	50	1	0.00926715555482939	adam	10	+accuracy	0.8777759782982772	1.0	4469.976	72111.0	49	4881	4903	4157	4647	4763	3755	4957	4725	0.3185860602087096	0	0.7924311926605505	1.0	https://s3-us-west-2.amazonaws.com/allennlp/datasets/sst/dev.txt	2-class	elmo_characters	single_id	sst_tokens	False	0.4772913827137514	6919	elmo fine-tuned
30	1	0.5091743119266054	1.0	0.7083721919493242	2-class	elmo_characters	single_id	sst_tokens	True	10	True	16	[['tokens', 'num_tokens']]	bucket	False	0.2	1	https://s3-us-west-2.amazonaws.com/allennlp/models/elmo/2x4096_512_2048cnn_2xhighway/elmo_2x4096_512_2048cnn_2xhighway_options.json	True	https://s3-us-west-2.amazonaws.com/allennlp/models/elmo/2x4096_512_2048cnn_2xhighway/elmo_2x4096_512_2048cnn_2xhighway_weights.hdf5	0.1	True	267	284	3	lstm	True	160	1602	2	lstm	0.0	[0.4, 0.4, 0.4, 0]	1280	4	[439, 439, 439, 2]	4	relu	0.1	[284, 284, 284]	1324	3	300	https://s3-us-west-2.amazonaws.com/allennlp/datasets/glove/glove.840B.300d.txt.gz	True	embedding	bcn	True	False	4461.316	4655	4193	4163	4711	4233	4179	4441	3967	0.499176276771005	1.0	https://s3-us-west-2.amazonaws.com/allennlp/datasets/sst/test.txt	0.7121014736200634	https://s3-us-west-2.amazonaws.com/allennlp/datasets/sst/train.txt	0	6	0.5	2	reduce_on_plateau	50	1	0.0014255657170588966	adam	10	+accuracy	0.5681316679150555	1.0	4461.304	15105.000000000002	10	4655	4193	4163	4709	4233	4179	4441	3967	0.6850943032739616	0	0.5091743119266054	1.0	https://s3-us-west-2.amazonaws.com/allennlp/datasets/sst/dev.txt	2-class	elmo_characters	single_id	sst_tokens	False	0.7073244094848633	6919	elmo fine-tuned
31	0	0.5091743119266054	1.0	0.7193927385590293	2-class	elmo_characters	single_id	sst_tokens	True	9	True	16	[['tokens', 'num_tokens']]	bucket	False	0.4	1	https://s3-us-west-2.amazonaws.com/allennlp/models/elmo/2x4096_512_2048cnn_2xhighway/elmo_2x4096_512_2048cnn_2xhighway_options.json	True	https://s3-us-west-2.amazonaws.com/allennlp/models/elmo/2x4096_512_2048cnn_2xhighway/elmo_2x4096_512_2048cnn_2xhighway_weights.hdf5	0.0	True	432	358	1	lstm	True	134	2592	3	lstm	0.4	[0.4, 0]	1072	2	[196, 2]	6	relu	0.0	[358, 358, 358]	1324	3	300	https://s3-us-west-2.amazonaws.com/allennlp/datasets/glove/glove.840B.300d.txt.gz	True	embedding	bcn	True	False	4473.736	4881	4903	4157	4109	4763	3761	4957	4729	0.499176276771005	1.0	https://s3-us-west-2.amazonaws.com/allennlp/datasets/sst/test.txt	0.7242425721988344	https://s3-us-west-2.amazonaws.com/allennlp/datasets/sst/train.txt	0	6	0.5	2	reduce_on_plateau	50	1	0.022491220708315062	adam	10	+accuracy	0.5372795918780493	1.0	4473.736	13364.0	9	4151	4879	4157	4109	4763	3759	4957	3705	0.7069868929859116	0	0.5091743119266054	1.0	https://s3-us-west-2.amazonaws.com/allennlp/datasets/sst/dev.txt	2-class	elmo_characters	single_id	sst_tokens	False	0.7148256746205417	6919	elmo fine-tuned
32	21	0.7270642201834863	1.0	0.53720506104556	2-class	elmo_characters	single_id	sst_tokens	True	30	True	16	[['tokens', 'num_tokens']]	bucket	False	0.3	2	https://s3-us-west-2.amazonaws.com/allennlp/models/elmo/2x4096_512_2048cnn_2xhighway/elmo_2x4096_512_2048cnn_2xhighway_options.json	True	https://s3-us-west-2.amazonaws.com/allennlp/models/elmo/2x4096_512_2048cnn_2xhighway/elmo_2x4096_512_2048cnn_2xhighway_weights.hdf5	0.3	True	395	152	2	lstm	True	494	2370	3	lstm	0.4	[0, 0, 0]	8048	3	[172, 172, 2]	3	relu	0.0	[152, 152, 152]	1324	3	300	https://s3-us-west-2.amazonaws.com/allennlp/datasets/glove/glove.840B.300d.txt.gz	True	embedding	bcn	True	True	4607.516	4155	4885	4365	4887	5035	4909	4959	4575	0.7029104887424492	1.0	https://s3-us-west-2.amazonaws.com/allennlp/datasets/sst/test.txt	0.5626944100909066	https://s3-us-west-2.amazonaws.com/allennlp/datasets/sst/train.txt	0	7	0.5	2	reduce_on_plateau	50	1	0.011578155502503398	adam	10	+accuracy	0.8216187217847237	1.0	4607.516	44547.0	30	0	0	0	4887	0	0	0	4575	0.3965968622030456	0	0.716743119266055	1.0	https://s3-us-west-2.amazonaws.com/allennlp/datasets/sst/dev.txt	2-class	elmo_characters	single_id	sst_tokens	False	0.548629105091095	6919	elmo fine-tuned
33	0	0.5091743119266054	1.0	12456797.659090908	2-class	elmo_characters	single_id	sst_tokens	True	9	True	16	[['tokens', 'num_tokens']]	bucket	False	0.4	2	https://s3-us-west-2.amazonaws.com/allennlp/models/elmo/2x4096_512_2048cnn_2xhighway/elmo_2x4096_512_2048cnn_2xhighway_options.json	True	https://s3-us-west-2.amazonaws.com/allennlp/models/elmo/2x4096_512_2048cnn_2xhighway/elmo_2x4096_512_2048cnn_2xhighway_weights.hdf5	0.1	True	430	477	2	lstm	True	248	2580	3	lstm	0.1	[0, 0, 0]	6080	3	[254, 254, 2]	6	tanh	0.2	[477, 477, 477]	1324	3	300	https://s3-us-west-2.amazonaws.com/allennlp/datasets/glove/glove.840B.300d.txt.gz	True	embedding	bcn	True	True	4475.536	4309	4399	4705	4643	4155	4809	4799	4481	0.499176276771005	1.0	https://s3-us-west-2.amazonaws.com/allennlp/datasets/sst/test.txt	12919238.780701755	https://s3-us-west-2.amazonaws.com/allennlp/datasets/sst/train.txt	0	6	0.5	2	reduce_on_plateau	50	1	0.0863968119196328	adam	10	+accuracy	0.5064781262019961	1.0	4475.536	14480.0	9	4307	4247	4345	4643	4155	4461	4791	4337	830996.9750316296	0	0.5091743119266054	1.0	https://s3-us-west-2.amazonaws.com/allennlp/datasets/sst/dev.txt	2-class	elmo_characters	single_id	sst_tokens	False	2258026.8704545456	6919	elmo fine-tuned
34	1	0.9139908256880734	1.0	0.25623466860164296	2-class	elmo_characters	single_id	sst_tokens	True	10	True	16	[['tokens', 'num_tokens']]	bucket	False	0.0	2	https://s3-us-west-2.amazonaws.com/allennlp/models/elmo/2x4096_512_2048cnn_2xhighway/elmo_2x4096_512_2048cnn_2xhighway_options.json	True	https://s3-us-west-2.amazonaws.com/allennlp/models/elmo/2x4096_512_2048cnn_2xhighway/elmo_2x4096_512_2048cnn_2xhighway_weights.hdf5	0.1	True	295	431	1	lstm	True	229	1770	1	lstm	0.3	[0.3, 0.3, 0]	5928	3	[240, 240, 2]	5	relu	0.3	[431, 431, 431]	1324	3	300	https://s3-us-west-2.amazonaws.com/allennlp/datasets/glove/glove.840B.300d.txt.gz	True	embedding	bcn	True	True	4447.448	4781	5067	4163	4271	5007	4375	4443	4267	0.8978583196046128	1.0	https://s3-us-west-2.amazonaws.com/allennlp/datasets/sst/test.txt	0.25193725964217856	https://s3-us-west-2.amazonaws.com/allennlp/datasets/sst/train.txt	0	8	0.5	2	reduce_on_plateau	50	1	2.35693318174383e-05	adam	10	+accuracy	0.9997874364839971	1.0	4447.448	14794.000000000002	10	4781	5067	4163	4271	5007	4375	4441	4267	0.0008706410423463842	0	0.9002293577981652	1.0	https://s3-us-west-2.amazonaws.com/allennlp/datasets/sst/dev.txt	2-class	elmo_characters	single_id	sst_tokens	False	0.8487256037918004	6919	elmo fine-tuned
35	0	0.5091743119266054	1.0	0.6982996799729088	2-class	elmo_characters	single_id	sst_tokens	True	9	True	16	[['tokens', 'num_tokens']]	bucket	False	0.1	1	https://s3-us-west-2.amazonaws.com/allennlp/models/elmo/2x4096_512_2048cnn_2xhighway/elmo_2x4096_512_2048cnn_2xhighway_options.json	True	https://s3-us-west-2.amazonaws.com/allennlp/models/elmo/2x4096_512_2048cnn_2xhighway/elmo_2x4096_512_2048cnn_2xhighway_weights.hdf5	0.0	True	67	235	3	lstm	True	84	402	1	lstm	0.3	[0.4, 0]	672	2	[89, 2]	5	relu	0.0	[235, 235, 235]	1324	3	300	https://s3-us-west-2.amazonaws.com/allennlp/datasets/glove/glove.840B.300d.txt.gz	True	embedding	bcn	True	False	4403.536	4627	4399	4705	4643	4595	4809	4629	4475	0.499176276771005	1.0	https://s3-us-west-2.amazonaws.com/allennlp/datasets/sst/test.txt	0.6998640314528817	https://s3-us-west-2.amazonaws.com/allennlp/datasets/sst/train.txt	0	5	0.5	2	reduce_on_plateau	50	1	0.0014060845762787029	adam	10	+accuracy	0.5675243435836185	1.0	4403.536	13250.0	9	4627	4399	4705	4643	4595	4809	4629	4475	0.6799659429484534	0	0.5091743119266054	1.0	https://s3-us-west-2.amazonaws.com/allennlp/datasets/sst/dev.txt	2-class	elmo_characters	single_id	sst_tokens	False	0.6962137070569125	6919	elmo fine-tuned
36	6	0.8876146788990825	1.0	0.4133662417531013	2-class	elmo_characters	single_id	sst_tokens	True	15	True	16	[['tokens', 'num_tokens']]	bucket	False	0.0	2	https://s3-us-west-2.amazonaws.com/allennlp/models/elmo/2x4096_512_2048cnn_2xhighway/elmo_2x4096_512_2048cnn_2xhighway_options.json	True	https://s3-us-west-2.amazonaws.com/allennlp/models/elmo/2x4096_512_2048cnn_2xhighway/elmo_2x4096_512_2048cnn_2xhighway_weights.hdf5	0.4	True	388	272	2	lstm	True	508	2328	2	lstm	0.3	[0.1, 0]	8160	2	[227, 2]	6	tanh	0.1	[272, 272, 272]	1324	3	300	https://s3-us-west-2.amazonaws.com/allennlp/datasets/glove/glove.840B.300d.txt.gz	True	embedding	bcn	True	True	4546.835999999999	4155	4491	4365	4887	5035	4909	4959	4569	0.8813838550247117	1.0	https://s3-us-west-2.amazonaws.com/allennlp/datasets/sst/test.txt	0.3787484168352788	https://s3-us-west-2.amazonaws.com/allennlp/datasets/sst/train.txt	0	6	0.5	2	reduce_on_plateau	50	1	2.179303001568569e-06	adam	10	+accuracy	0.9910115998947304	1.0	4546.835999999999	22399.0	15	0	4491	4365	4887	0	4909	4959	4569	0.031616130102744416	0	0.8841743119266054	1.0	https://s3-us-west-2.amazonaws.com/allennlp/datasets/sst/dev.txt	2-class	elmo_characters	single_id	sst_tokens	False	0.6141119486906311	6919	elmo fine-tuned
37	2	0.9094036697247706	1.0	0.2578211204572157	2-class	elmo_characters	single_id	sst_tokens	True	11	True	16	[['tokens', 'num_tokens']]	bucket	False	0.4	2	https://s3-us-west-2.amazonaws.com/allennlp/models/elmo/2x4096_512_2048cnn_2xhighway/elmo_2x4096_512_2048cnn_2xhighway_options.json	True	https://s3-us-west-2.amazonaws.com/allennlp/models/elmo/2x4096_512_2048cnn_2xhighway/elmo_2x4096_512_2048cnn_2xhighway_weights.hdf5	0.3	True	264	151	2	lstm	True	341	1584	3	lstm	0.0	[0.1, 0.1, 0]	6824	3	[189, 189, 2]	4	tanh	0.0	[151, 151, 151]	1324	3	300	https://s3-us-west-2.amazonaws.com/allennlp/datasets/glove/glove.840B.300d.txt.gz	True	embedding	bcn	True	True	4484.432	4785	5067	4433	4643	5007	4375	4443	4267	0.9028006589785832	1.0	https://s3-us-west-2.amazonaws.com/allennlp/datasets/sst/test.txt	0.2458517629195724	https://s3-us-west-2.amazonaws.com/allennlp/datasets/sst/train.txt	0	8	0.5	2	reduce_on_plateau	50	1	1.0637774813634124e-05	adam	10	+accuracy	0.9999190234224752	1.0	4484.432	16720.0	11	4781	4399	4163	4271	5007	4375	4443	4267	0.00022816594795659482	0	0.8967889908256881	1.0	https://s3-us-west-2.amazonaws.com/allennlp/datasets/sst/dev.txt	2-class	elmo_characters	single_id	sst_tokens	False	1.0173414885997771	6919	elmo fine-tuned
38	1	0.5091743119266054	1.0	0.7036023280837319	2-class	elmo_characters	single_id	sst_tokens	True	10	True	16	[['tokens', 'num_tokens']]	bucket	False	0.3	1	https://s3-us-west-2.amazonaws.com/allennlp/models/elmo/2x4096_512_2048cnn_2xhighway/elmo_2x4096_512_2048cnn_2xhighway_options.json	True	https://s3-us-west-2.amazonaws.com/allennlp/models/elmo/2x4096_512_2048cnn_2xhighway/elmo_2x4096_512_2048cnn_2xhighway_weights.hdf5	0.1	True	426	319	3	lstm	True	240	2556	3	lstm	0.3	[0.4, 0.4, 0]	1920	3	[129, 129, 2]	4	tanh	0.4	[319, 319, 319]	1324	3	300	https://s3-us-west-2.amazonaws.com/allennlp/datasets/glove/glove.840B.300d.txt.gz	True	embedding	bcn	True	False	4489.972	4781	5067	4163	4711	5007	4375	4441	4267	0.499176276771005	1.0	https://s3-us-west-2.amazonaws.com/allennlp/datasets/sst/test.txt	0.7061732364328284	https://s3-us-west-2.amazonaws.com/allennlp/datasets/sst/train.txt	0	7	0.5	2	reduce_on_plateau	50	1	0.0023058554465778896	adam	10	+accuracy	0.5679595926878149	1.0	4489.972	15257.000000000002	10	4779	5065	4163	4269	5007	4375	4441	4267	0.6808431636128831	0	0.5091743119266054	1.0	https://s3-us-west-2.amazonaws.com/allennlp/datasets/sst/dev.txt	2-class	elmo_characters	single_id	sst_tokens	False	0.6968520912257108	6919	elmo fine-tuned
39	0	0.8990825688073395	1.0	0.2402285008267923	2-class	elmo_characters	single_id	sst_tokens	True	9	True	16	[['tokens', 'num_tokens']]	bucket	False	0.0	1	https://s3-us-west-2.amazonaws.com/allennlp/models/elmo/2x4096_512_2048cnn_2xhighway/elmo_2x4096_512_2048cnn_2xhighway_options.json	True	https://s3-us-west-2.amazonaws.com/allennlp/models/elmo/2x4096_512_2048cnn_2xhighway/elmo_2x4096_512_2048cnn_2xhighway_weights.hdf5	0.3	True	87	175	1	lstm	True	317	522	3	lstm	0.4	[0, 0, 0, 0]	2536	4	[457, 457, 457, 2]	4	relu	0.3	[175, 175, 175]	1324	3	300	https://s3-us-west-2.amazonaws.com/allennlp/datasets/glove/glove.840B.300d.txt.gz	True	embedding	bcn	True	False	4489.3	4781	5067	4163	4271	5007	4375	4443	4267	0.900054914881933	1.0	https://s3-us-west-2.amazonaws.com/allennlp/datasets/sst/test.txt	0.2444008650879065	https://s3-us-west-2.amazonaws.com/allennlp/datasets/sst/train.txt	0	8	0.5	2	reduce_on_plateau	50	1	9.254476752616834e-05	adam	10	+accuracy	0.9954855558029839	1.0	4489.3	13622.0	9	4781	5067	4163	4271	5007	4375	4443	4267	0.012226142530133457	0	0.8704128440366973	1.0	https://s3-us-west-2.amazonaws.com/allennlp/datasets/sst/dev.txt	2-class	elmo_characters	single_id	sst_tokens	False	0.6059198885478757	6919	elmo fine-tuned
40	1	0.9220183486238532	1.0	0.2231100870804353	2-class	elmo_characters	single_id	sst_tokens	True	10	True	16	[['tokens', 'num_tokens']]	bucket	False	0.4	2	https://s3-us-west-2.amazonaws.com/allennlp/models/elmo/2x4096_512_2048cnn_2xhighway/elmo_2x4096_512_2048cnn_2xhighway_options.json	True	https://s3-us-west-2.amazonaws.com/allennlp/models/elmo/2x4096_512_2048cnn_2xhighway/elmo_2x4096_512_2048cnn_2xhighway_weights.hdf5	0.1	True	368	285	2	lstm	True	475	2208	3	lstm	0.4	[0.4, 0.4, 0.4, 0]	7896	4	[362, 362, 362, 2]	5	relu	0.3	[285, 285, 285]	1324	3	300	https://s3-us-west-2.amazonaws.com/allennlp/datasets/glove/glove.840B.300d.txt.gz	True	embedding	bcn	True	True	4578.012	4785	4399	4705	4643	5007	4809	4629	4477	0.9110378912685336	1.0	https://s3-us-west-2.amazonaws.com/allennlp/datasets/sst/test.txt	0.21939697459732235	https://s3-us-west-2.amazonaws.com/allennlp/datasets/sst/train.txt	0	7	0.5	2	reduce_on_plateau	50	1	2.1082825750166133e-05	adam	10	+accuracy	0.9988663279146508	1.0	4577.904	16071.000000000002	10	4627	4399	4705	4643	4595	4809	4629	4475	0.004230819037810013	0	0.9071100917431192	1.0	https://s3-us-west-2.amazonaws.com/allennlp/datasets/sst/dev.txt	2-class	elmo_characters	single_id	sst_tokens	False	0.6684375391765074	6919	elmo fine-tuned
41	0	0.5091743119266054	1.0	1900.9457885742188	2-class	elmo_characters	single_id	sst_tokens	True	9	True	16	[['tokens', 'num_tokens']]	bucket	False	0.1	1	https://s3-us-west-2.amazonaws.com/allennlp/models/elmo/2x4096_512_2048cnn_2xhighway/elmo_2x4096_512_2048cnn_2xhighway_options.json	True	https://s3-us-west-2.amazonaws.com/allennlp/models/elmo/2x4096_512_2048cnn_2xhighway/elmo_2x4096_512_2048cnn_2xhighway_weights.hdf5	0.2	True	462	303	2	lstm	True	313	2772	1	lstm	0.0	[0.2, 0.2, 0.2, 0]	2504	4	[407, 407, 407, 2]	6	relu	0.0	[303, 303, 303]	1324	3	300	https://s3-us-west-2.amazonaws.com/allennlp/datasets/glove/glove.840B.300d.txt.gz	True	embedding	bcn	True	False	4467.692	4155	4491	4363	4887	5035	4909	4959	3715	0.499176276771005	1.0	https://s3-us-west-2.amazonaws.com/allennlp/datasets/sst/test.txt	1977.2478980348826	https://s3-us-west-2.amazonaws.com/allennlp/datasets/sst/train.txt	0	9	0.5	2	reduce_on_plateau	50	1	0.01181038761000085	adam	10	+accuracy	0.5069133753061927	1.0	4467.692	13750.0	9	4155	4491	4157	4887	5035	4909	4959	3715	858.7781178697594	0	0.4908256880733945	1.0	https://s3-us-west-2.amazonaws.com/allennlp/datasets/sst/dev.txt	2-class	elmo_characters	single_id	sst_tokens	False	1529.4245272549715	6919	elmo fine-tuned
42	19	0.8841743119266054	1.0	3.3186600652608003	2-class	elmo_characters	single_id	sst_tokens	True	28	True	16	[['tokens', 'num_tokens']]	bucket	False	0.4	2	https://s3-us-west-2.amazonaws.com/allennlp/models/elmo/2x4096_512_2048cnn_2xhighway/elmo_2x4096_512_2048cnn_2xhighway_options.json	True	https://s3-us-west-2.amazonaws.com/allennlp/models/elmo/2x4096_512_2048cnn_2xhighway/elmo_2x4096_512_2048cnn_2xhighway_weights.hdf5	0.1	True	194	239	1	lstm	True	454	1164	3	lstm	0.4	[0.2, 0.2, 0.2, 0]	7728	4	[405, 405, 405, 2]	5	tanh	0.3	[239, 239, 239]	1324	3	300	https://s3-us-west-2.amazonaws.com/allennlp/datasets/glove/glove.840B.300d.txt.gz	True	embedding	bcn	True	True	4533.424	4881	4903	4347	4647	4763	4663	4957	4729	0.8786381109280615	1.0	https://s3-us-west-2.amazonaws.com/allennlp/datasets/sst/test.txt	3.3001534818557268	https://s3-us-west-2.amazonaws.com/allennlp/datasets/sst/train.txt	0	8	0.5	2	reduce_on_plateau	50	1	0.00016100616561069752	adam	10	+accuracy	1.0	1.0	4533.424	41268.0	28	4881	4903	4157	4109	4763	3757	4957	4729	7.2249275470069534e-06	0	0.875	1.0	https://s3-us-west-2.amazonaws.com/allennlp/datasets/sst/dev.txt	2-class	elmo_characters	single_id	sst_tokens	False	5.955456529151308	6919	elmo fine-tuned
43	3	0.8990825688073395	1.0	0.26754094565456565	2-class	elmo_characters	single_id	sst_tokens	True	12	True	16	[['tokens', 'num_tokens']]	bucket	False	0.1	2	https://s3-us-west-2.amazonaws.com/allennlp/models/elmo/2x4096_512_2048cnn_2xhighway/elmo_2x4096_512_2048cnn_2xhighway_options.json	True	https://s3-us-west-2.amazonaws.com/allennlp/models/elmo/2x4096_512_2048cnn_2xhighway/elmo_2x4096_512_2048cnn_2xhighway_weights.hdf5	0.2	True	148	372	3	lstm	True	358	888	2	lstm	0.4	[0, 0, 0]	6960	3	[279, 279, 2]	3	tanh	0.3	[372, 372, 372]	1324	3	300	https://s3-us-west-2.amazonaws.com/allennlp/datasets/glove/glove.840B.300d.txt.gz	True	embedding	bcn	True	True	4506.835999999999	4829	4901	4347	4647	4763	4663	4799	4725	0.8962108731466227	1.0	https://s3-us-west-2.amazonaws.com/allennlp/datasets/sst/test.txt	0.26993778527697976	https://s3-us-west-2.amazonaws.com/allennlp/datasets/sst/train.txt	0	9	0.5	2	reduce_on_plateau	50	1	8.937319003020167e-05	adam	10	+accuracy	0.999473652246088	1.0	4506.835999999999	18000.0	12	4829	4901	4157	4647	4763	4663	4239	4725	0.0016212851069641382	0	0.8956422018348624	1.0	https://s3-us-west-2.amazonaws.com/allennlp/datasets/sst/dev.txt	2-class	elmo_characters	single_id	sst_tokens	False	0.8942592935128646	6919	elmo fine-tuned
44	4	0.5091743119266054	1.0	0.7006286642768166	2-class	elmo_characters	single_id	sst_tokens	True	13	True	16	[['tokens', 'num_tokens']]	bucket	False	0.1	1	https://s3-us-west-2.amazonaws.com/allennlp/models/elmo/2x4096_512_2048cnn_2xhighway/elmo_2x4096_512_2048cnn_2xhighway_options.json	True	https://s3-us-west-2.amazonaws.com/allennlp/models/elmo/2x4096_512_2048cnn_2xhighway/elmo_2x4096_512_2048cnn_2xhighway_weights.hdf5	0.3	True	169	475	1	lstm	True	420	1014	3	lstm	0.4	[0.4, 0.4, 0]	3360	3	[288, 288, 2]	6	tanh	0.2	[475, 475, 475]	1324	3	300	https://s3-us-west-2.amazonaws.com/allennlp/datasets/glove/glove.840B.300d.txt.gz	True	embedding	bcn	True	False	4501.584	4587	4399	4705	4643	4157	4461	4799	4481	0.499176276771005	1.0	https://s3-us-west-2.amazonaws.com/allennlp/datasets/sst/test.txt	0.7030960598535705	https://s3-us-west-2.amazonaws.com/allennlp/datasets/sst/train.txt	0	8	0.5	2	reduce_on_plateau	50	1	0.0007836793463559037	adam	10	+accuracy	0.5671801931291374	1.0	4501.584	18982.0	13	4583	4249	4345	4643	4155	4461	4799	4337	0.6798342677745742	0	0.5091743119266054	1.0	https://s3-us-west-2.amazonaws.com/allennlp/datasets/sst/dev.txt	2-class	elmo_characters	single_id	sst_tokens	False	0.6955166177316146	6919	elmo fine-tuned
45	0	0.9208715596330276	1.0	0.23450445316054605	2-class	elmo_characters	single_id	sst_tokens	True	9	True	16	[['tokens', 'num_tokens']]	bucket	False	0.1	2	https://s3-us-west-2.amazonaws.com/allennlp/models/elmo/2x4096_512_2048cnn_2xhighway/elmo_2x4096_512_2048cnn_2xhighway_options.json	True	https://s3-us-west-2.amazonaws.com/allennlp/models/elmo/2x4096_512_2048cnn_2xhighway/elmo_2x4096_512_2048cnn_2xhighway_weights.hdf5	0.4	True	461	238	2	lstm	True	327	2766	2	lstm	0.0	[0, 0]	6712	2	[344, 2]	3	tanh	0.0	[238, 238, 238]	1324	3	300	https://s3-us-west-2.amazonaws.com/allennlp/datasets/glove/glove.840B.300d.txt.gz	True	embedding	bcn	True	True	4514.476	4155	4491	4365	4887	5035	4909	4959	4575	0.9110378912685336	1.0	https://s3-us-west-2.amazonaws.com/allennlp/datasets/sst/test.txt	0.21026417756812613	https://s3-us-west-2.amazonaws.com/allennlp/datasets/sst/train.txt	0	6	0.5	2	reduce_on_plateau	50	1	2.1227764895655764e-05	adam	10	+accuracy	0.9992914549466568	1.0	4514.476	13710.0	9	0	0	4365	4887	0	0	4959	4573	0.002923331301222081	0	0.9059633027522936	1.0	https://s3-us-west-2.amazonaws.com/allennlp/datasets/sst/dev.txt	2-class	elmo_characters	single_id	sst_tokens	False	0.5849489179524509	6919	elmo fine-tuned
46	0	0.9094036697247706	1.0	0.23581286018544975	2-class	elmo_characters	single_id	sst_tokens	True	9	True	16	[['tokens', 'num_tokens']]	bucket	False	0.1	2	https://s3-us-west-2.amazonaws.com/allennlp/models/elmo/2x4096_512_2048cnn_2xhighway/elmo_2x4096_512_2048cnn_2xhighway_options.json	True	https://s3-us-west-2.amazonaws.com/allennlp/models/elmo/2x4096_512_2048cnn_2xhighway/elmo_2x4096_512_2048cnn_2xhighway_weights.hdf5	0.3	True	164	496	3	lstm	True	493	984	1	lstm	0.2	[0.2, 0]	8040	2	[114, 2]	4	tanh	0.1	[496, 496, 496]	1324	3	300	https://s3-us-west-2.amazonaws.com/allennlp/datasets/glove/glove.840B.300d.txt.gz	True	embedding	bcn	True	True	4467.812	4627	4399	4705	4643	5007	4809	4629	4475	0.9093904448105437	1.0	https://s3-us-west-2.amazonaws.com/allennlp/datasets/sst/test.txt	0.2234224938509757	https://s3-us-west-2.amazonaws.com/allennlp/datasets/sst/train.txt	0	7	0.5	2	reduce_on_plateau	50	1	6.535972326297534e-05	adam	10	+accuracy	0.9986233981820758	1.0	4467.812	13869.0	9	4627	4399	4705	4643	4595	4809	4629	4475	0.004534726662674417	0	0.8807339449541285	1.0	https://s3-us-west-2.amazonaws.com/allennlp/datasets/sst/dev.txt	2-class	elmo_characters	single_id	sst_tokens	False	0.7334893665530465	6919	elmo fine-tuned
47	13	0.5321100917431193	1.0	5.599282559481535	2-class	elmo_characters	single_id	sst_tokens	True	22	True	16	[['tokens', 'num_tokens']]	bucket	False	0.1	2	https://s3-us-west-2.amazonaws.com/allennlp/models/elmo/2x4096_512_2048cnn_2xhighway/elmo_2x4096_512_2048cnn_2xhighway_options.json	True	https://s3-us-west-2.amazonaws.com/allennlp/models/elmo/2x4096_512_2048cnn_2xhighway/elmo_2x4096_512_2048cnn_2xhighway_weights.hdf5	0.3	True	182	167	3	lstm	True	260	1092	3	lstm	0.3	[0.2, 0.2, 0.2, 0]	6176	4	[272, 272, 272, 2]	3	relu	0.3	[167, 167, 167]	1324	3	300	https://s3-us-west-2.amazonaws.com/allennlp/datasets/glove/glove.840B.300d.txt.gz	True	embedding	bcn	True	True	4473.732	4155	4903	4347	4887	5035	4909	4959	4729	0.5030203185063152	1.0	https://s3-us-west-2.amazonaws.com/allennlp/datasets/sst/test.txt	5.681954994536282	https://s3-us-west-2.amazonaws.com/allennlp/datasets/sst/train.txt	0	5	0.5	2	reduce_on_plateau	50	1	0.01268255716515238	adam	10	+accuracy	0.5117618478854992	1.0	4473.696	33408.0	22	4155	4491	4157	4887	5035	4909	4959	3715	7.591148192969412	0	0.4862385321100918	1.0	https://s3-us-west-2.amazonaws.com/allennlp/datasets/sst/dev.txt	2-class	elmo_characters	single_id	sst_tokens	False	1.3191320939497515	6919	elmo fine-tuned
48	0	0.5091743119266054	1.0	0.7039538383483886	2-class	elmo_characters	single_id	sst_tokens	True	9	True	16	[['tokens', 'num_tokens']]	bucket	False	0.2	1	https://s3-us-west-2.amazonaws.com/allennlp/models/elmo/2x4096_512_2048cnn_2xhighway/elmo_2x4096_512_2048cnn_2xhighway_options.json	True	https://s3-us-west-2.amazonaws.com/allennlp/models/elmo/2x4096_512_2048cnn_2xhighway/elmo_2x4096_512_2048cnn_2xhighway_weights.hdf5	0.4	True	319	337	1	lstm	True	421	1914	2	lstm	0.1	[0.4, 0.4, 0]	3368	3	[167, 167, 2]	5	tanh	0.3	[337, 337, 337]	1324	3	300	https://s3-us-west-2.amazonaws.com/allennlp/datasets/glove/glove.840B.300d.txt.gz	True	embedding	bcn	True	False	4506.708	4627	4399	4705	4643	4595	4809	4629	4477	0.499176276771005	1.0	https://s3-us-west-2.amazonaws.com/allennlp/datasets/sst/test.txt	0.7076370883406254	https://s3-us-west-2.amazonaws.com/allennlp/datasets/sst/train.txt	0	5	0.5	2	reduce_on_plateau	50	1	0.0022243403184401935	adam	10	+accuracy	0.5669575075409438	1.0	4506.708	13224.0	9	4627	4399	4705	4643	4595	4809	4629	4475	0.6808479664200231	0	0.4862385321100918	1.0	https://s3-us-west-2.amazonaws.com/allennlp/datasets/sst/dev.txt	2-class	elmo_characters	single_id	sst_tokens	False	0.6961021542549133	6919	elmo fine-tuned
49	8	0.518348623853211	1.0	0.6927287686954845	2-class	elmo_characters	single_id	sst_tokens	True	17	True	16	[['tokens', 'num_tokens']]	bucket	False	0.0	1	https://s3-us-west-2.amazonaws.com/allennlp/models/elmo/2x4096_512_2048cnn_2xhighway/elmo_2x4096_512_2048cnn_2xhighway_options.json	True	https://s3-us-west-2.amazonaws.com/allennlp/models/elmo/2x4096_512_2048cnn_2xhighway/elmo_2x4096_512_2048cnn_2xhighway_weights.hdf5	0.0	True	404	189	1	lstm	True	313	2424	2	lstm	0.0	[0.2, 0]	2504	2	[369, 2]	4	tanh	0.4	[189, 189, 189]	1324	3	300	https://s3-us-west-2.amazonaws.com/allennlp/datasets/glove/glove.840B.300d.txt.gz	True	embedding	bcn	True	False	4479.696	4587	4901	4347	4647	4157	4657	4799	4481	0.4925864909390445	1.0	https://s3-us-west-2.amazonaws.com/allennlp/datasets/sst/test.txt	0.6948024390036601	https://s3-us-west-2.amazonaws.com/allennlp/datasets/sst/train.txt	0	7	0.5	2	reduce_on_plateau	50	1	0.017955305363658903	adam	10	+accuracy	0.5588193614996863	1.0	4479.696	23701.0	17	4587	4899	4347	4647	4157	4657	4239	4337	0.6882673314611921	0	0.5091743119266054	1.0	https://s3-us-west-2.amazonaws.com/allennlp/datasets/sst/dev.txt	2-class	elmo_characters	single_id	sst_tokens	False	0.6971271395683288	6919	elmo fine-tuned
