Unnamed: 0	best_epoch	best_validation_accuracy	best_validation_accuracy3	best_validation_loss	dataset_reader.granularity	dataset_reader.token_indexers.elmo.type	dataset_reader.token_indexers.tokens.type	dataset_reader.type	dataset_reader.use_subtrees	epoch	evaluate_on_test	iterator.batch_size	iterator.sorting_keys	iterator.type	model.elmo.do_layer_norm	model.elmo.dropout	model.elmo.num_output_representations	model.elmo.options_file	model.elmo.weight_file	model.embedding_dropout	model.encoder.bidirectional	model.encoder.hidden_size	model.encoder.input_size	model.encoder.num_layers	model.encoder.type	model.integrator.bidirectional	model.integrator.hidden_size	model.integrator.input_size	model.integrator.num_layers	model.integrator.type	model.integrator_dropout	model.output_layer.dropout	model.output_layer.input_dim	model.output_layer.num_layers	model.output_layer.output_dims	model.output_layer.pool_sizes	model.pre_encode_feedforward.activations	model.pre_encode_feedforward.dropout	model.pre_encode_feedforward.hidden_dims	model.pre_encode_feedforward.input_dim	model.pre_encode_feedforward.num_layers	model.text_field_embedder.token_embedders.tokens.embedding_dim	model.text_field_embedder.token_embedders.tokens.pretrained_file	model.text_field_embedder.token_embedders.tokens.trainable	model.text_field_embedder.token_embedders.tokens.type	model.type	model.use_input_elmo	model.use_integrator_output_elmo	peak_cpu_memory_MB	peak_gpu_0_memory_MB	peak_gpu_1_memory_MB	peak_gpu_2_memory_MB	peak_gpu_3_memory_MB	peak_gpu_4_memory_MB	peak_gpu_5_memory_MB	peak_gpu_6_memory_MB	peak_gpu_7_memory_MB	test_accuracy	test_accuracy3	test_data_path	test_loss	train_data_path	trainer.cuda_device	trainer.grad_norm	trainer.learning_rate_scheduler.factor	trainer.learning_rate_scheduler.patience	trainer.learning_rate_scheduler.type	trainer.num_epochs	trainer.num_serialized_models_to_keep	trainer.optimizer.lr	trainer.optimizer.type	trainer.patience	trainer.validation_metric	training_accuracy	training_accuracy3	training_cpu_memory_MB	training_duration	training_epochs	training_gpu_0_memory_MB	training_gpu_1_memory_MB	training_gpu_2_memory_MB	training_gpu_3_memory_MB	training_gpu_4_memory_MB	training_gpu_5_memory_MB	training_gpu_6_memory_MB	training_gpu_7_memory_MB	training_loss	training_start_epoch	validation_accuracy	validation_accuracy3	validation_data_path	validation_dataset_reader.granularity	validation_dataset_reader.token_indexers.elmo.type	validation_dataset_reader.token_indexers.tokens.type	validation_dataset_reader.type	validation_dataset_reader.use_subtrees	validation_loss	dataset_reader.sample	embedding
0	19	0.8704128440366973	1.0	0.32250339537858963	2-class	elmo_characters	single_id	sst_tokens	True	28	True	64	[['tokens', 'num_tokens']]	bucket	False	0.2	1	https://s3-us-west-2.amazonaws.com/allennlp/models/elmo/2x4096_512_2048cnn_2xhighway/elmo_2x4096_512_2048cnn_2xhighway_options.json	https://s3-us-west-2.amazonaws.com/allennlp/models/elmo/2x4096_512_2048cnn_2xhighway/elmo_2x4096_512_2048cnn_2xhighway_weights.hdf5	0.4	True	404	199	2	lstm	True	73	2424	2	lstm	0.2	[0, 0]	584	2	[354, 2]	6	tanh	0.1	[199, 199, 199]	1324	3	300	https://s3-us-west-2.amazonaws.com/allennlp/datasets/glove/glove.840B.300d.txt.gz	False	embedding	bcn	True	False	4454.6759999999995	4335	5061	6753	5759	5355	6031	4519	6425	0.8797364085667215	1.0	https://s3-us-west-2.amazonaws.com/allennlp/datasets/sst/test.txt	0.2891575437167595	https://s3-us-west-2.amazonaws.com/allennlp/datasets/sst/train.txt	0	9	0.5	2	reduce_on_plateau	50	1	0.008733377976113905	adam	10	+accuracy	0.900965645686985	1.0	4454.6759999999995	5230.0	28	4335	3929	5495	5507	2787	6031	4519	6425	0.23989232655233397	0	0.8681192660550459	1.0	https://s3-us-west-2.amazonaws.com/allennlp/datasets/sst/dev.txt	2-class	elmo_characters	single_id	sst_tokens	False	0.31525891912834986	6919	elmo frozen
1	12	0.893348623853211	1.0	0.2716671217765127	2-class	elmo_characters	single_id	sst_tokens	True	21	True	64	[['tokens', 'num_tokens']]	bucket	False	0.1	1	https://s3-us-west-2.amazonaws.com/allennlp/models/elmo/2x4096_512_2048cnn_2xhighway/elmo_2x4096_512_2048cnn_2xhighway_options.json	https://s3-us-west-2.amazonaws.com/allennlp/models/elmo/2x4096_512_2048cnn_2xhighway/elmo_2x4096_512_2048cnn_2xhighway_weights.hdf5	0.4	True	472	311	2	lstm	True	105	2832	3	lstm	0.3	[0.1, 0.1, 0.1, 0]	840	4	[511, 511, 511, 2]	4	relu	0.1	[311, 311, 311]	1324	3	300	https://s3-us-west-2.amazonaws.com/allennlp/datasets/glove/glove.840B.300d.txt.gz	False	embedding	bcn	True	False	4513.456	4335	5061	6753	5759	5355	6031	4519	6425	0.8940142778693025	1.0	https://s3-us-west-2.amazonaws.com/allennlp/datasets/sst/test.txt	0.24281996951021	https://s3-us-west-2.amazonaws.com/allennlp/datasets/sst/train.txt	0	7	0.5	2	reduce_on_plateau	50	1	2.7085827996621437e-05	adam	10	+accuracy	0.9206935643865012	1.0	4513.456	4189.0	21	4335	3929	5495	5507	2787	6031	4519	6425	0.1972529230750325	0	0.8910550458715596	1.0	https://s3-us-west-2.amazonaws.com/allennlp/datasets/sst/dev.txt	2-class	elmo_characters	single_id	sst_tokens	False	0.2700731871383531	6919	elmo frozen
2	1	0.5091743119266054	1.0	959.8511744907923	2-class	elmo_characters	single_id	sst_tokens	True	10	True	64	[['tokens', 'num_tokens']]	bucket	False	0.2	1	https://s3-us-west-2.amazonaws.com/allennlp/models/elmo/2x4096_512_2048cnn_2xhighway/elmo_2x4096_512_2048cnn_2xhighway_options.json	https://s3-us-west-2.amazonaws.com/allennlp/models/elmo/2x4096_512_2048cnn_2xhighway/elmo_2x4096_512_2048cnn_2xhighway_weights.hdf5	0.1	True	375	474	3	lstm	True	300	2250	3	lstm	0.0	[0.3, 0]	2400	2	[471, 2]	5	relu	0.2	[474, 474, 474]	1324	3	300	https://s3-us-west-2.amazonaws.com/allennlp/datasets/glove/glove.840B.300d.txt.gz	False	embedding	bcn	True	False	4549.056	4687	4693	3689	5005	4311	4437	5589	6091	0.499176276771005	1.0	https://s3-us-west-2.amazonaws.com/allennlp/datasets/sst/test.txt	958.7159234408673	https://s3-us-west-2.amazonaws.com/allennlp/datasets/sst/train.txt	0	9	0.5	2	reduce_on_plateau	50	1	0.04621150201078774	adam	10	+accuracy	0.5010830617243962	1.0	4549.056	2136.0	10	4687	2517	3689	5005	4311	4437	5589	5409	65.28137862334907	0	0.5091743119266054	1.0	https://s3-us-west-2.amazonaws.com/allennlp/datasets/sst/dev.txt	2-class	elmo_characters	single_id	sst_tokens	False	1.6259448443140303	6919	elmo frozen
3	16	0.9059633027522936	1.0	0.24828723392316274	2-class	elmo_characters	single_id	sst_tokens	True	25	True	64	[['tokens', 'num_tokens']]	bucket	False	0.4	1	https://s3-us-west-2.amazonaws.com/allennlp/models/elmo/2x4096_512_2048cnn_2xhighway/elmo_2x4096_512_2048cnn_2xhighway_options.json	https://s3-us-west-2.amazonaws.com/allennlp/models/elmo/2x4096_512_2048cnn_2xhighway/elmo_2x4096_512_2048cnn_2xhighway_weights.hdf5	0.3	True	66	132	2	lstm	True	496	396	3	lstm	0.0	[0.2, 0.2, 0]	3968	3	[487, 487, 2]	5	tanh	0.3	[132, 132, 132]	1324	3	300	https://s3-us-west-2.amazonaws.com/allennlp/datasets/glove/glove.840B.300d.txt.gz	False	embedding	bcn	True	False	4485.068	4687	5613	6083	5893	5301	5033	6185	3975	0.9055464030752334	1.0	https://s3-us-west-2.amazonaws.com/allennlp/datasets/sst/test.txt	0.2284632510152356	https://s3-us-west-2.amazonaws.com/allennlp/datasets/sst/train.txt	0	5	0.5	2	reduce_on_plateau	50	1	0.0019256636640025203	adam	10	+accuracy	0.9292568374597648	1.0	4485.068	4963.0	25	0	5613	6083	5893	5301	0	0	3975	0.17406210569433211	0	0.9025229357798163	1.0	https://s3-us-west-2.amazonaws.com/allennlp/datasets/sst/dev.txt	2-class	elmo_characters	single_id	sst_tokens	False	0.25549537794930594	6919	elmo frozen
4	18	0.8302752293577982	1.0	0.3710033872297832	2-class	elmo_characters	single_id	sst_tokens	True	27	True	64	[['tokens', 'num_tokens']]	bucket	False	0.1	2	https://s3-us-west-2.amazonaws.com/allennlp/models/elmo/2x4096_512_2048cnn_2xhighway/elmo_2x4096_512_2048cnn_2xhighway_options.json	https://s3-us-west-2.amazonaws.com/allennlp/models/elmo/2x4096_512_2048cnn_2xhighway/elmo_2x4096_512_2048cnn_2xhighway_weights.hdf5	0.4	True	139	214	3	lstm	True	222	834	3	lstm	0.0	[0.1, 0.1, 0]	5872	3	[507, 507, 2]	5	relu	0.1	[214, 214, 214]	1324	3	300	https://s3-us-west-2.amazonaws.com/allennlp/datasets/glove/glove.840B.300d.txt.gz	False	embedding	bcn	True	True	4446.648	4687	5611	5489	5893	5301	5033	6185	6091	0.8610653487095002	1.0	https://s3-us-west-2.amazonaws.com/allennlp/datasets/sst/test.txt	0.33756768600694065	https://s3-us-west-2.amazonaws.com/allennlp/datasets/sst/train.txt	0	7	0.5	2	reduce_on_plateau	50	1	2.0723438830418884e-06	adam	10	+accuracy	0.8956110694981476	1.0	4446.648	6302.0	27	4687	5611	4343	5893	5301	5033	6185	3973	0.2519490938679523	0	0.8291284403669725	1.0	https://s3-us-west-2.amazonaws.com/allennlp/datasets/sst/dev.txt	2-class	elmo_characters	single_id	sst_tokens	False	0.3706458434462547	6919	elmo frozen
5	15	0.9059633027522936	1.0	0.2867956374372755	2-class	elmo_characters	single_id	sst_tokens	True	24	True	64	[['tokens', 'num_tokens']]	bucket	False	0.3	1	https://s3-us-west-2.amazonaws.com/allennlp/models/elmo/2x4096_512_2048cnn_2xhighway/elmo_2x4096_512_2048cnn_2xhighway_options.json	https://s3-us-west-2.amazonaws.com/allennlp/models/elmo/2x4096_512_2048cnn_2xhighway/elmo_2x4096_512_2048cnn_2xhighway_weights.hdf5	0.1	True	363	499	1	lstm	True	115	2178	3	lstm	0.1	[0, 0]	920	2	[428, 2]	5	relu	0.4	[499, 499, 499]	1324	3	300	https://s3-us-west-2.amazonaws.com/allennlp/datasets/glove/glove.840B.300d.txt.gz	False	embedding	bcn	True	False	4455.184	5093	5129	6753	5759	4243	5109	5991	4385	0.9066447007138936	1.0	https://s3-us-west-2.amazonaws.com/allennlp/datasets/sst/test.txt	0.25785599289269284	https://s3-us-west-2.amazonaws.com/allennlp/datasets/sst/train.txt	0	5	0.5	2	reduce_on_plateau	50	1	7.40915330222136e-05	adam	10	+accuracy	0.958701945462275	1.0	4455.184	4389.0	24	5093	4465	6753	5759	4243	5109	4371	993	0.11211967074319508	0	0.9002293577981652	1.0	https://s3-us-west-2.amazonaws.com/allennlp/datasets/sst/dev.txt	2-class	elmo_characters	single_id	sst_tokens	False	0.2931643447705677	6919	elmo frozen
6	19	0.8853211009174312	1.0	0.3107412606477737	2-class	elmo_characters	single_id	sst_tokens	True	28	True	64	[['tokens', 'num_tokens']]	bucket	False	0.1	2	https://s3-us-west-2.amazonaws.com/allennlp/models/elmo/2x4096_512_2048cnn_2xhighway/elmo_2x4096_512_2048cnn_2xhighway_options.json	https://s3-us-west-2.amazonaws.com/allennlp/models/elmo/2x4096_512_2048cnn_2xhighway/elmo_2x4096_512_2048cnn_2xhighway_weights.hdf5	0.4	True	406	424	3	lstm	True	331	2436	3	lstm	0.1	[0, 0, 0]	6744	3	[426, 426, 2]	4	tanh	0.2	[424, 424, 424]	1324	3	300	https://s3-us-west-2.amazonaws.com/allennlp/datasets/glove/glove.840B.300d.txt.gz	False	embedding	bcn	True	True	4532.436	5069	5129	5067	5557	5879	5109	5991	7551	0.8923668314113125	1.0	https://s3-us-west-2.amazonaws.com/allennlp/datasets/sst/test.txt	0.2598587166646431	https://s3-us-west-2.amazonaws.com/allennlp/datasets/sst/train.txt	0	5	0.5	2	reduce_on_plateau	50	1	9.728737027984048e-06	adam	10	+accuracy	0.9372026641294006	1.0	4532.436	6774.0	28	4253	5129	5067	5557	5879	5109	5991	4385	0.16118914147457736	0	0.8807339449541285	1.0	https://s3-us-west-2.amazonaws.com/allennlp/datasets/sst/dev.txt	2-class	elmo_characters	single_id	sst_tokens	False	0.3132699270333563	6919	elmo frozen
7	8	0.7844036697247706	1.0	4.6582246507917136	2-class	elmo_characters	single_id	sst_tokens	True	17	True	64	[['tokens', 'num_tokens']]	bucket	False	0.0	2	https://s3-us-west-2.amazonaws.com/allennlp/models/elmo/2x4096_512_2048cnn_2xhighway/elmo_2x4096_512_2048cnn_2xhighway_options.json	https://s3-us-west-2.amazonaws.com/allennlp/models/elmo/2x4096_512_2048cnn_2xhighway/elmo_2x4096_512_2048cnn_2xhighway_weights.hdf5	0.2	True	121	507	2	lstm	True	207	726	2	lstm	0.1	[0, 0, 0, 0]	5752	4	[123, 123, 123, 2]	5	tanh	0.3	[507, 507, 507]	1324	3	300	https://s3-us-west-2.amazonaws.com/allennlp/datasets/glove/glove.840B.300d.txt.gz	False	embedding	bcn	True	True	4451.392	5093	5061	6753	5759	5355	6031	4519	4385	0.7885777045579352	1.0	https://s3-us-west-2.amazonaws.com/allennlp/datasets/sst/test.txt	4.322978278686262	https://s3-us-west-2.amazonaws.com/allennlp/datasets/sst/train.txt	0	5	0.5	2	reduce_on_plateau	50	1	0.024379012787377703	adam	10	+accuracy	0.8320950665020143	1.0	4451.392	3863.0000000000014	17	4335	5061	6753	5759	5355	6031	4519	3915	0.4313958786534136	0	0.7694954128440367	1.0	https://s3-us-west-2.amazonaws.com/allennlp/datasets/sst/dev.txt	2-class	elmo_characters	single_id	sst_tokens	False	0.5196923868996757	6919	elmo frozen
8	4	0.9128440366972476	1.0	0.23539789074233602	2-class	elmo_characters	single_id	sst_tokens	True	13	True	64	[['tokens', 'num_tokens']]	bucket	False	0.4	2	https://s3-us-west-2.amazonaws.com/allennlp/models/elmo/2x4096_512_2048cnn_2xhighway/elmo_2x4096_512_2048cnn_2xhighway_options.json	https://s3-us-west-2.amazonaws.com/allennlp/models/elmo/2x4096_512_2048cnn_2xhighway/elmo_2x4096_512_2048cnn_2xhighway_weights.hdf5	0.4	True	377	110	3	lstm	True	428	2262	1	lstm	0.3	[0, 0, 0, 0]	7520	4	[172, 172, 172, 2]	3	relu	0.0	[110, 110, 110]	1324	3	300	https://s3-us-west-2.amazonaws.com/allennlp/datasets/glove/glove.840B.300d.txt.gz	False	embedding	bcn	True	True	4520.736	4687	4693	3689	5005	5301	5031	5591	5409	0.9044481054365732	1.0	https://s3-us-west-2.amazonaws.com/allennlp/datasets/sst/test.txt	0.2174093345629758	https://s3-us-west-2.amazonaws.com/allennlp/datasets/sst/train.txt	0	5	0.5	2	reduce_on_plateau	50	1	0.0002243257562293813	adam	10	+accuracy	0.9567483855294856	1.0	4520.736	3098.0	13	4687	3111	3689	5005	5301	5031	5591	5409	0.1098697763334458	0	0.9036697247706422	1.0	https://s3-us-west-2.amazonaws.com/allennlp/datasets/sst/dev.txt	2-class	elmo_characters	single_id	sst_tokens	False	0.24980282597243786	6919	elmo frozen
9	6	0.838302752293578	1.0	0.3593978519950594	2-class	elmo_characters	single_id	sst_tokens	True	15	True	64	[['tokens', 'num_tokens']]	bucket	False	0.2	2	https://s3-us-west-2.amazonaws.com/allennlp/models/elmo/2x4096_512_2048cnn_2xhighway/elmo_2x4096_512_2048cnn_2xhighway_options.json	https://s3-us-west-2.amazonaws.com/allennlp/models/elmo/2x4096_512_2048cnn_2xhighway/elmo_2x4096_512_2048cnn_2xhighway_weights.hdf5	0.3	True	415	320	2	lstm	True	449	2490	3	lstm	0.4	[0.3, 0.3, 0]	7688	3	[392, 392, 2]	3	relu	0.2	[320, 320, 320]	1324	3	300	https://s3-us-west-2.amazonaws.com/allennlp/datasets/glove/glove.840B.300d.txt.gz	False	embedding	bcn	True	True	4580.528	5069	5127	4423	4755	5879	5109	5397	7551	0.8583196046128501	1.0	https://s3-us-west-2.amazonaws.com/allennlp/datasets/sst/test.txt	0.33222263229304344	https://s3-us-west-2.amazonaws.com/allennlp/datasets/sst/train.txt	0	9	0.5	2	reduce_on_plateau	50	1	3.5927166944291053e-06	adam	10	+accuracy	0.8857218049679131	1.0	4580.528	3689.0000000000014	15	5069	5127	4423	4755	5879	5109	5397	7551	0.2731245695999365	0	0.8348623853211009	1.0	https://s3-us-west-2.amazonaws.com/allennlp/datasets/sst/dev.txt	2-class	elmo_characters	single_id	sst_tokens	False	0.3598981904132025	6919	elmo frozen
10	24	0.838302752293578	1.0	0.3610011999096189	2-class	elmo_characters	single_id	sst_tokens	True	33	True	64	[['tokens', 'num_tokens']]	bucket	False	0.2	1	https://s3-us-west-2.amazonaws.com/allennlp/models/elmo/2x4096_512_2048cnn_2xhighway/elmo_2x4096_512_2048cnn_2xhighway_options.json	https://s3-us-west-2.amazonaws.com/allennlp/models/elmo/2x4096_512_2048cnn_2xhighway/elmo_2x4096_512_2048cnn_2xhighway_weights.hdf5	0.3	True	243	234	3	lstm	True	95	1458	2	lstm	0.4	[0.4, 0.4, 0]	760	3	[404, 404, 2]	5	tanh	0.2	[234, 234, 234]	1324	3	300	https://s3-us-west-2.amazonaws.com/allennlp/datasets/glove/glove.840B.300d.txt.gz	False	embedding	bcn	True	False	4457.424	4335	4693	5495	5507	2787	6033	4519	6425	0.8616144975288303	1.0	https://s3-us-west-2.amazonaws.com/allennlp/datasets/sst/test.txt	0.31939478167172136	https://s3-us-west-2.amazonaws.com/allennlp/datasets/sst/train.txt	0	6	0.5	2	reduce_on_plateau	50	1	5.6936942986314365e-06	adam	10	+accuracy	0.8852258234305727	1.0	4457.424	6234.0	33	4093	4693	3689	2967	2787	3519	3433	6091	0.2773171589791852	0	0.8348623853211009	1.0	https://s3-us-west-2.amazonaws.com/allennlp/datasets/sst/dev.txt	2-class	elmo_characters	single_id	sst_tokens	False	0.3633470929094723	6919	elmo frozen
11	11	0.8910550458715596	1.0	0.2922054997512272	2-class	elmo_characters	single_id	sst_tokens	True	20	True	64	[['tokens', 'num_tokens']]	bucket	False	0.3	2	https://s3-us-west-2.amazonaws.com/allennlp/models/elmo/2x4096_512_2048cnn_2xhighway/elmo_2x4096_512_2048cnn_2xhighway_options.json	https://s3-us-west-2.amazonaws.com/allennlp/models/elmo/2x4096_512_2048cnn_2xhighway/elmo_2x4096_512_2048cnn_2xhighway_weights.hdf5	0.3	True	216	217	2	lstm	True	132	1296	2	lstm	0.0	[0.3, 0]	5152	2	[166, 2]	3	relu	0.1	[217, 217, 217]	1324	3	300	https://s3-us-west-2.amazonaws.com/allennlp/datasets/glove/glove.840B.300d.txt.gz	False	embedding	bcn	True	True	4447.808	3983	4691	5495	5507	2787	6033	3479	6425	0.8956617243272927	1.0	https://s3-us-west-2.amazonaws.com/allennlp/datasets/sst/test.txt	0.2627633938501621	https://s3-us-west-2.amazonaws.com/allennlp/datasets/sst/train.txt	0	8	0.5	2	reduce_on_plateau	50	1	0.0019528082234886667	adam	10	+accuracy	0.9437212786201592	1.0	4447.808	4382.0	20	3983	4691	4901	5507	2787	3519	3479	6091	0.14209913763934215	0	0.8899082568807339	1.0	https://s3-us-west-2.amazonaws.com/allennlp/datasets/sst/dev.txt	2-class	elmo_characters	single_id	sst_tokens	False	0.3016067434634481	6919	elmo frozen
12	28	0.8910550458715596	1.0	0.2938871404954365	2-class	elmo_characters	single_id	sst_tokens	True	37	True	64	[['tokens', 'num_tokens']]	bucket	False	0.1	2	https://s3-us-west-2.amazonaws.com/allennlp/models/elmo/2x4096_512_2048cnn_2xhighway/elmo_2x4096_512_2048cnn_2xhighway_options.json	https://s3-us-west-2.amazonaws.com/allennlp/models/elmo/2x4096_512_2048cnn_2xhighway/elmo_2x4096_512_2048cnn_2xhighway_weights.hdf5	0.0	True	464	329	2	lstm	True	318	2784	2	lstm	0.1	[0.1, 0.1, 0.1, 0]	6640	4	[189, 189, 189, 2]	4	tanh	0.0	[329, 329, 329]	1324	3	300	https://s3-us-west-2.amazonaws.com/allennlp/datasets/glove/glove.840B.300d.txt.gz	False	embedding	bcn	True	True	4551.308	5069	5129	5067	5557	5879	5109	5991	7551	0.8874244920373421	1.0	https://s3-us-west-2.amazonaws.com/allennlp/datasets/sst/test.txt	0.26581279779302663	https://s3-us-west-2.amazonaws.com/allennlp/datasets/sst/train.txt	0	8	0.5	2	reduce_on_plateau	50	1	7.740115581156337e-06	adam	10	+accuracy	0.9303297771119704	1.0	4551.308	8339.0	37	4253	5129	5067	5557	4243	5109	4371	4385	0.17620161429790712	0	0.8887614678899083	1.0	https://s3-us-west-2.amazonaws.com/allennlp/datasets/sst/dev.txt	2-class	elmo_characters	single_id	sst_tokens	False	0.2950029373168945	6919	elmo frozen
13	9	0.8302752293577982	1.0	0.39060353487730026	2-class	elmo_characters	single_id	sst_tokens	True	18	True	64	[['tokens', 'num_tokens']]	bucket	False	0.2	1	https://s3-us-west-2.amazonaws.com/allennlp/models/elmo/2x4096_512_2048cnn_2xhighway/elmo_2x4096_512_2048cnn_2xhighway_options.json	https://s3-us-west-2.amazonaws.com/allennlp/models/elmo/2x4096_512_2048cnn_2xhighway/elmo_2x4096_512_2048cnn_2xhighway_weights.hdf5	0.3	True	293	70	3	lstm	True	164	1758	2	lstm	0.0	[0.4, 0.4, 0]	1312	3	[203, 203, 2]	6	tanh	0.0	[70, 70, 70]	1324	3	300	https://s3-us-west-2.amazonaws.com/allennlp/datasets/glove/glove.840B.300d.txt.gz	False	embedding	bcn	True	False	4456.524	5069	5127	4423	4755	5879	5109	5397	7551	0.8495332235035694	1.0	https://s3-us-west-2.amazonaws.com/allennlp/datasets/sst/test.txt	0.3397281154476363	https://s3-us-west-2.amazonaws.com/allennlp/datasets/sst/train.txt	0	8	0.5	2	reduce_on_plateau	50	1	4.9548451830093534e-06	adam	10	+accuracy	0.8800838107577383	1.0	4456.524	3579.0	18	5069	5127	4423	4755	5879	5109	5397	7551	0.2916478720648031	0	0.8291284403669725	1.0	https://s3-us-west-2.amazonaws.com/allennlp/datasets/sst/dev.txt	2-class	elmo_characters	single_id	sst_tokens	False	0.3881409540772438	6919	elmo frozen
14	14	0.8532110091743119	1.0	0.3575432928545134	2-class	elmo_characters	single_id	sst_tokens	True	23	True	64	[['tokens', 'num_tokens']]	bucket	False	0.1	2	https://s3-us-west-2.amazonaws.com/allennlp/models/elmo/2x4096_512_2048cnn_2xhighway/elmo_2x4096_512_2048cnn_2xhighway_options.json	https://s3-us-west-2.amazonaws.com/allennlp/models/elmo/2x4096_512_2048cnn_2xhighway/elmo_2x4096_512_2048cnn_2xhighway_weights.hdf5	0.2	True	348	211	3	lstm	True	289	2088	1	lstm	0.4	[0.1, 0.1, 0]	6408	3	[252, 252, 2]	3	relu	0.3	[211, 211, 211]	1324	3	300	https://s3-us-west-2.amazonaws.com/allennlp/datasets/glove/glove.840B.300d.txt.gz	False	embedding	bcn	True	True	4467.3279999999995	4687	5613	6083	5893	5301	5033	6185	3975	0.8682042833607908	1.0	https://s3-us-west-2.amazonaws.com/allennlp/datasets/sst/test.txt	0.32234549162716697	https://s3-us-west-2.amazonaws.com/allennlp/datasets/sst/train.txt	0	6	0.5	2	reduce_on_plateau	50	1	3.2508239585053523e-06	adam	10	+accuracy	0.886440472093447	1.0	4467.3279999999995	4935.0	23	0	5613	6083	0	5301	0	0	3975	0.2730039209489339	0	0.8509174311926605	1.0	https://s3-us-west-2.amazonaws.com/allennlp/datasets/sst/dev.txt	2-class	elmo_characters	single_id	sst_tokens	False	0.35680393874645233	6919	elmo frozen
15	18	0.8795871559633027	1.0	0.2978319972753525	2-class	elmo_characters	single_id	sst_tokens	True	27	True	64	[['tokens', 'num_tokens']]	bucket	False	0.0	1	https://s3-us-west-2.amazonaws.com/allennlp/models/elmo/2x4096_512_2048cnn_2xhighway/elmo_2x4096_512_2048cnn_2xhighway_options.json	https://s3-us-west-2.amazonaws.com/allennlp/models/elmo/2x4096_512_2048cnn_2xhighway/elmo_2x4096_512_2048cnn_2xhighway_weights.hdf5	0.2	True	360	201	1	lstm	True	260	2160	2	lstm	0.2	[0, 0]	2080	2	[304, 2]	5	tanh	0.2	[201, 201, 201]	1324	3	300	https://s3-us-west-2.amazonaws.com/allennlp/datasets/glove/glove.840B.300d.txt.gz	False	embedding	bcn	True	False	4463.788	5093	5061	6753	5759	5355	6031	4519	4385	0.8923668314113125	1.0	https://s3-us-west-2.amazonaws.com/allennlp/datasets/sst/test.txt	0.2596158472628429	https://s3-us-west-2.amazonaws.com/allennlp/datasets/sst/train.txt	0	9	0.5	2	reduce_on_plateau	50	1	1.4336585855391196e-05	adam	10	+accuracy	0.9067858371965908	1.0	4463.788	4852.0	27	4335	5061	6753	5759	5355	6031	4519	3915	0.2266380020110853	0	0.8772935779816514	1.0	https://s3-us-west-2.amazonaws.com/allennlp/datasets/sst/dev.txt	2-class	elmo_characters	single_id	sst_tokens	False	0.29629745334386826	6919	elmo frozen
16	20	0.9071100917431192	1.0	0.2448456095797675	2-class	elmo_characters	single_id	sst_tokens	True	29	True	64	[['tokens', 'num_tokens']]	bucket	False	0.4	1	https://s3-us-west-2.amazonaws.com/allennlp/models/elmo/2x4096_512_2048cnn_2xhighway/elmo_2x4096_512_2048cnn_2xhighway_options.json	https://s3-us-west-2.amazonaws.com/allennlp/models/elmo/2x4096_512_2048cnn_2xhighway/elmo_2x4096_512_2048cnn_2xhighway_weights.hdf5	0.3	True	182	273	1	lstm	True	313	1092	3	lstm	0.2	[0.3, 0.3, 0.3, 0]	2504	4	[195, 195, 195, 2]	4	relu	0.4	[273, 273, 273]	1324	3	300	https://s3-us-west-2.amazonaws.com/allennlp/datasets/glove/glove.840B.300d.txt.gz	False	embedding	bcn	True	False	4469.668	4687	4693	3689	5507	5301	5031	6185	6091	0.9049972542559034	1.0	https://s3-us-west-2.amazonaws.com/allennlp/datasets/sst/test.txt	0.2408053692558716	https://s3-us-west-2.amazonaws.com/allennlp/datasets/sst/train.txt	0	9	0.5	2	reduce_on_plateau	50	1	0.0005491408838438337	adam	10	+accuracy	0.9480838917343158	1.0	4469.668	5428.0	29	4687	3111	3689	5299	5301	5031	6185	3973	0.1370527277690952	0	0.9013761467889908	1.0	https://s3-us-west-2.amazonaws.com/allennlp/datasets/sst/dev.txt	2-class	elmo_characters	single_id	sst_tokens	False	0.25059727260044645	6919	elmo frozen
17	19	0.9036697247706422	1.0	0.31428616281066624	2-class	elmo_characters	single_id	sst_tokens	True	28	True	64	[['tokens', 'num_tokens']]	bucket	False	0.0	1	https://s3-us-west-2.amazonaws.com/allennlp/models/elmo/2x4096_512_2048cnn_2xhighway/elmo_2x4096_512_2048cnn_2xhighway_options.json	https://s3-us-west-2.amazonaws.com/allennlp/models/elmo/2x4096_512_2048cnn_2xhighway/elmo_2x4096_512_2048cnn_2xhighway_weights.hdf5	0.1	True	344	82	3	lstm	True	149	2064	3	lstm	0.0	[0.2, 0.2, 0.2, 0]	1192	4	[226, 226, 226, 2]	3	tanh	0.2	[82, 82, 82]	1324	3	300	https://s3-us-west-2.amazonaws.com/allennlp/datasets/glove/glove.840B.300d.txt.gz	False	embedding	bcn	True	False	4458.004	5093	5129	6753	5759	5355	5437	4371	4385	0.9082921471718836	1.0	https://s3-us-west-2.amazonaws.com/allennlp/datasets/sst/test.txt	0.2665763582135069	https://s3-us-west-2.amazonaws.com/allennlp/datasets/sst/train.txt	0	8	0.5	2	reduce_on_plateau	50	1	0.00042743603822368236	adam	10	+accuracy	0.9553110512784178	1.0	4458.004	5569.0	28	4335	5059	6753	5759	5355	5437	4371	3915	0.11721268946418315	0	0.9013761467889908	1.0	https://s3-us-west-2.amazonaws.com/allennlp/datasets/sst/dev.txt	2-class	elmo_characters	single_id	sst_tokens	False	0.3226053129349436	6919	elmo frozen
18	11	0.8268348623853211	1.0	0.3877573194248336	2-class	elmo_characters	single_id	sst_tokens	True	20	True	64	[['tokens', 'num_tokens']]	bucket	False	0.0	1	https://s3-us-west-2.amazonaws.com/allennlp/models/elmo/2x4096_512_2048cnn_2xhighway/elmo_2x4096_512_2048cnn_2xhighway_options.json	https://s3-us-west-2.amazonaws.com/allennlp/models/elmo/2x4096_512_2048cnn_2xhighway/elmo_2x4096_512_2048cnn_2xhighway_weights.hdf5	0.0	True	489	140	3	lstm	True	292	2934	3	lstm	0.1	[0.2, 0.2, 0.2, 0]	2336	4	[320, 320, 320, 2]	4	relu	0.3	[140, 140, 140]	1324	3	300	https://s3-us-west-2.amazonaws.com/allennlp/datasets/glove/glove.840B.300d.txt.gz	False	embedding	bcn	True	False	4554.616	5093	5061	6753	5759	5355	6031	4519	4385	0.8500823723228995	1.0	https://s3-us-west-2.amazonaws.com/allennlp/datasets/sst/test.txt	0.3506831814502848	https://s3-us-west-2.amazonaws.com/allennlp/datasets/sst/train.txt	0	6	0.5	2	reduce_on_plateau	50	1	3.5520264676764054e-06	adam	10	+accuracy	0.8780593963196146	1.0	4554.616	4060.0000000000014	20	4335	5061	5495	5505	5355	6031	4519	3915	0.2940648566120801	0	0.8256880733944955	1.0	https://s3-us-west-2.amazonaws.com/allennlp/datasets/sst/dev.txt	2-class	elmo_characters	single_id	sst_tokens	False	0.3860482243554933	6919	elmo frozen
19	12	0.8211009174311926	1.0	0.38783874043396543	2-class	elmo_characters	single_id	sst_tokens	True	21	True	64	[['tokens', 'num_tokens']]	bucket	False	0.0	1	https://s3-us-west-2.amazonaws.com/allennlp/models/elmo/2x4096_512_2048cnn_2xhighway/elmo_2x4096_512_2048cnn_2xhighway_options.json	https://s3-us-west-2.amazonaws.com/allennlp/models/elmo/2x4096_512_2048cnn_2xhighway/elmo_2x4096_512_2048cnn_2xhighway_weights.hdf5	0.2	True	105	79	1	lstm	True	325	630	3	lstm	0.2	[0.4, 0.4, 0]	2600	3	[245, 245, 2]	5	tanh	0.1	[79, 79, 79]	1324	3	300	https://s3-us-west-2.amazonaws.com/allennlp/datasets/glove/glove.840B.300d.txt.gz	False	embedding	bcn	True	False	4466.588	4687	4693	3689	5005	5301	5031	5591	6091	0.8467874794069192	1.0	https://s3-us-west-2.amazonaws.com/allennlp/datasets/sst/test.txt	0.34682066687222185	https://s3-us-west-2.amazonaws.com/allennlp/datasets/sst/train.txt	0	8	0.5	2	reduce_on_plateau	50	1	3.3073570737493213e-06	adam	10	+accuracy	0.8806911350891754	1.0	4466.588	3919.0000000000014	21	4687	3111	3689	5005	5301	5031	5591	5409	0.2904274357130529	0	0.8199541284403671	1.0	https://s3-us-west-2.amazonaws.com/allennlp/datasets/sst/dev.txt	2-class	elmo_characters	single_id	sst_tokens	False	0.3893959607396807	6919	elmo frozen
20	26	0.8360091743119266	1.0	0.3958543837070465	2-class	elmo_characters	single_id	sst_tokens	True	35	True	64	[['tokens', 'num_tokens']]	bucket	False	0.4	2	https://s3-us-west-2.amazonaws.com/allennlp/models/elmo/2x4096_512_2048cnn_2xhighway/elmo_2x4096_512_2048cnn_2xhighway_options.json	https://s3-us-west-2.amazonaws.com/allennlp/models/elmo/2x4096_512_2048cnn_2xhighway/elmo_2x4096_512_2048cnn_2xhighway_weights.hdf5	0.2	True	176	295	2	lstm	True	188	1056	2	lstm	0.0	[0.2, 0]	5600	2	[411, 2]	6	tanh	0.2	[295, 295, 295]	1324	3	300	https://s3-us-west-2.amazonaws.com/allennlp/datasets/glove/glove.840B.300d.txt.gz	False	embedding	bcn	True	True	4471.624	4335	5061	5495	5507	5355	6033	4519	6425	0.8451400329489291	1.0	https://s3-us-west-2.amazonaws.com/allennlp/datasets/sst/test.txt	0.3819449420632987	https://s3-us-west-2.amazonaws.com/allennlp/datasets/sst/train.txt	0	7	0.5	2	reduce_on_plateau	50	1	0.016463644994151427	adam	10	+accuracy	0.8730388485130676	1.0	4471.624	7737.000000000001	35	10	4691	4901	5507	2787	3519	3479	6091	0.30270615144792	0	0.8314220183486238	1.0	https://s3-us-west-2.amazonaws.com/allennlp/datasets/sst/dev.txt	2-class	elmo_characters	single_id	sst_tokens	False	0.4025355258158275	6919	elmo frozen
21	19	0.8188073394495413	1.0	0.4030522480607033	2-class	elmo_characters	single_id	sst_tokens	True	28	True	64	[['tokens', 'num_tokens']]	bucket	False	0.2	2	https://s3-us-west-2.amazonaws.com/allennlp/models/elmo/2x4096_512_2048cnn_2xhighway/elmo_2x4096_512_2048cnn_2xhighway_options.json	https://s3-us-west-2.amazonaws.com/allennlp/models/elmo/2x4096_512_2048cnn_2xhighway/elmo_2x4096_512_2048cnn_2xhighway_weights.hdf5	0.0	True	496	419	3	lstm	True	221	2976	2	lstm	0.2	[0.2, 0]	5864	2	[384, 2]	6	relu	0.2	[419, 419, 419]	1324	3	300	https://s3-us-west-2.amazonaws.com/allennlp/datasets/glove/glove.840B.300d.txt.gz	False	embedding	bcn	True	True	4512.66	5069	5129	5067	5557	5879	5109	5991	7551	0.8423942888522791	1.0	https://s3-us-west-2.amazonaws.com/allennlp/datasets/sst/test.txt	0.3606420811907998	https://s3-us-west-2.amazonaws.com/allennlp/datasets/sst/train.txt	0	9	0.5	2	reduce_on_plateau	50	1	1.1519551718739979e-06	adam	10	+accuracy	0.8698301516286414	1.0	4512.66	6669.0	28	4253	5129	5067	5557	5879	5109	5991	4385	0.3150056661565069	0	0.8188073394495413	1.0	https://s3-us-west-2.amazonaws.com/allennlp/datasets/sst/dev.txt	2-class	elmo_characters	single_id	sst_tokens	False	0.401203813297408	6919	elmo frozen
22	10	0.8830275229357798	1.0	0.2982560098171234	2-class	elmo_characters	single_id	sst_tokens	True	19	True	64	[['tokens', 'num_tokens']]	bucket	False	0.1	2	https://s3-us-west-2.amazonaws.com/allennlp/models/elmo/2x4096_512_2048cnn_2xhighway/elmo_2x4096_512_2048cnn_2xhighway_options.json	https://s3-us-west-2.amazonaws.com/allennlp/models/elmo/2x4096_512_2048cnn_2xhighway/elmo_2x4096_512_2048cnn_2xhighway_weights.hdf5	0.1	True	489	210	2	lstm	True	439	2934	1	lstm	0.4	[0.1, 0.1, 0.1, 0]	7608	4	[217, 217, 217, 2]	3	relu	0.0	[210, 210, 210]	1324	3	300	https://s3-us-west-2.amazonaws.com/allennlp/datasets/glove/glove.840B.300d.txt.gz	False	embedding	bcn	True	True	4536.096	4335	3929	5495	5507	5355	6031	4519	6425	0.8918176825919825	1.0	https://s3-us-west-2.amazonaws.com/allennlp/datasets/sst/test.txt	0.26700810985318546	https://s3-us-west-2.amazonaws.com/allennlp/datasets/sst/train.txt	0	5	0.5	2	reduce_on_plateau	50	1	0.002351470547285446	adam	10	+accuracy	0.93588679474462	1.0	4536.096	4329.0	19	3983	3929	4305	5507	2787	6031	3479	6425	0.15743573350165946	0	0.8761467889908257	1.0	https://s3-us-west-2.amazonaws.com/allennlp/datasets/sst/dev.txt	2-class	elmo_characters	single_id	sst_tokens	False	0.2912389965994017	6919	elmo frozen
23	19	0.8669724770642202	1.0	0.33390031329223085	2-class	elmo_characters	single_id	sst_tokens	True	28	True	64	[['tokens', 'num_tokens']]	bucket	False	0.4	2	https://s3-us-west-2.amazonaws.com/allennlp/models/elmo/2x4096_512_2048cnn_2xhighway/elmo_2x4096_512_2048cnn_2xhighway_options.json	https://s3-us-west-2.amazonaws.com/allennlp/models/elmo/2x4096_512_2048cnn_2xhighway/elmo_2x4096_512_2048cnn_2xhighway_weights.hdf5	0.4	True	236	503	3	lstm	True	262	1416	2	lstm	0.3	[0.4, 0.4, 0]	6192	3	[361, 361, 2]	4	relu	0.2	[503, 503, 503]	1324	3	300	https://s3-us-west-2.amazonaws.com/allennlp/datasets/glove/glove.840B.300d.txt.gz	False	embedding	bcn	True	True	4482.896	4687	5613	6083	5893	5301	5033	6185	3975	0.8660076880834706	1.0	https://s3-us-west-2.amazonaws.com/allennlp/datasets/sst/test.txt	0.3116237546863227	https://s3-us-west-2.amazonaws.com/allennlp/datasets/sst/train.txt	0	6	0.5	2	reduce_on_plateau	50	1	0.003091245380060276	adam	10	+accuracy	0.913557503492115	1.0	4482.896	5990.0	28	0	5613	6083	0	5301	0	0	3975	0.20589984131619876	0	0.8646788990825688	1.0	https://s3-us-west-2.amazonaws.com/allennlp/datasets/sst/dev.txt	2-class	elmo_characters	single_id	sst_tokens	False	0.3256493104355676	6919	elmo frozen
24	8	0.8199541284403671	1.0	0.4116358671869551	2-class	elmo_characters	single_id	sst_tokens	True	17	True	64	[['tokens', 'num_tokens']]	bucket	False	0.0	1	https://s3-us-west-2.amazonaws.com/allennlp/models/elmo/2x4096_512_2048cnn_2xhighway/elmo_2x4096_512_2048cnn_2xhighway_options.json	https://s3-us-west-2.amazonaws.com/allennlp/models/elmo/2x4096_512_2048cnn_2xhighway/elmo_2x4096_512_2048cnn_2xhighway_weights.hdf5	0.4	True	194	422	3	lstm	True	135	1164	1	lstm	0.3	[0.4, 0]	1080	2	[489, 2]	6	relu	0.1	[422, 422, 422]	1324	3	300	https://s3-us-west-2.amazonaws.com/allennlp/datasets/glove/glove.840B.300d.txt.gz	False	embedding	bcn	True	False	4449.748	4253	5129	5067	5557	5879	5109	5991	4385	0.8363536518396485	1.0	https://s3-us-west-2.amazonaws.com/allennlp/datasets/sst/test.txt	0.3810863464043058	https://s3-us-west-2.amazonaws.com/allennlp/datasets/sst/train.txt	0	6	0.5	2	reduce_on_plateau	50	1	1.3836450043395814e-06	adam	10	+accuracy	0.8641719132740855	1.0	4449.748	3192.0	17	4253	5129	5067	5557	4243	5109	4371	4385	0.34068467454994433	0	0.8153669724770642	1.0	https://s3-us-west-2.amazonaws.com/allennlp/datasets/sst/dev.txt	2-class	elmo_characters	single_id	sst_tokens	False	0.4054972529411316	6919	elmo frozen
25	24	0.8956422018348624	1.0	0.298780226281711	2-class	elmo_characters	single_id	sst_tokens	True	33	True	64	[['tokens', 'num_tokens']]	bucket	False	0.4	2	https://s3-us-west-2.amazonaws.com/allennlp/models/elmo/2x4096_512_2048cnn_2xhighway/elmo_2x4096_512_2048cnn_2xhighway_options.json	https://s3-us-west-2.amazonaws.com/allennlp/models/elmo/2x4096_512_2048cnn_2xhighway/elmo_2x4096_512_2048cnn_2xhighway_weights.hdf5	0.0	True	361	180	3	lstm	True	190	2166	1	lstm	0.2	[0.1, 0.1, 0.1, 0]	5616	4	[347, 347, 347, 2]	4	relu	0.2	[180, 180, 180]	1324	3	300	https://s3-us-west-2.amazonaws.com/allennlp/datasets/glove/glove.840B.300d.txt.gz	False	embedding	bcn	True	True	4486.268	4687	5613	6085	5893	5301	5033	6185	3975	0.8896210873146623	1.0	https://s3-us-west-2.amazonaws.com/allennlp/datasets/sst/test.txt	0.2813070894315325	https://s3-us-west-2.amazonaws.com/allennlp/datasets/sst/train.txt	0	8	0.5	2	reduce_on_plateau	50	1	0.0004885458629166132	adam	10	+accuracy	0.9498754985120554	1.0	4486.268	7097.0	33	0	0	6085	0	0	0	0	0	0.12389440756831607	0	0.8922018348623854	1.0	https://s3-us-west-2.amazonaws.com/allennlp/datasets/sst/dev.txt	2-class	elmo_characters	single_id	sst_tokens	False	0.2953180532370295	6919	elmo frozen
26	26	0.8772935779816514	1.0	0.3135328463145665	2-class	elmo_characters	single_id	sst_tokens	True	35	True	64	[['tokens', 'num_tokens']]	bucket	False	0.3	2	https://s3-us-west-2.amazonaws.com/allennlp/models/elmo/2x4096_512_2048cnn_2xhighway/elmo_2x4096_512_2048cnn_2xhighway_options.json	https://s3-us-west-2.amazonaws.com/allennlp/models/elmo/2x4096_512_2048cnn_2xhighway/elmo_2x4096_512_2048cnn_2xhighway_weights.hdf5	0.3	True	243	202	1	lstm	True	205	1458	2	lstm	0.3	[0.1, 0]	5736	2	[455, 2]	5	relu	0.0	[202, 202, 202]	1324	3	300	https://s3-us-west-2.amazonaws.com/allennlp/datasets/glove/glove.840B.300d.txt.gz	False	embedding	bcn	True	True	4474.572	4335	5061	6753	5759	5355	6033	4519	6425	0.871499176276771	1.0	https://s3-us-west-2.amazonaws.com/allennlp/datasets/sst/test.txt	0.3068697904718333	https://s3-us-west-2.amazonaws.com/allennlp/datasets/sst/train.txt	0	5	0.5	2	reduce_on_plateau	50	1	0.01318765016084033	adam	10	+accuracy	0.8999635605401137	1.0	4474.572	7506.000000000001	35	3983	3929	4901	5507	2787	6031	3479	6425	0.24068231297743756	0	0.8704128440366973	1.0	https://s3-us-west-2.amazonaws.com/allennlp/datasets/sst/dev.txt	2-class	elmo_characters	single_id	sst_tokens	False	0.30744729723249165	6919	elmo frozen
27	4	0.8944954128440367	1.0	0.29090747450079235	2-class	elmo_characters	single_id	sst_tokens	True	13	True	64	[['tokens', 'num_tokens']]	bucket	False	0.1	2	https://s3-us-west-2.amazonaws.com/allennlp/models/elmo/2x4096_512_2048cnn_2xhighway/elmo_2x4096_512_2048cnn_2xhighway_options.json	https://s3-us-west-2.amazonaws.com/allennlp/models/elmo/2x4096_512_2048cnn_2xhighway/elmo_2x4096_512_2048cnn_2xhighway_weights.hdf5	0.3	True	382	382	2	lstm	True	147	2292	3	lstm	0.1	[0, 0, 0, 0]	5272	4	[416, 416, 416, 2]	4	relu	0.2	[382, 382, 382]	1324	3	300	https://s3-us-west-2.amazonaws.com/allennlp/datasets/glove/glove.840B.300d.txt.gz	False	embedding	bcn	True	True	4465.616	4335	5061	5495	5507	5355	6031	4519	6425	0.8956617243272927	1.0	https://s3-us-west-2.amazonaws.com/allennlp/datasets/sst/test.txt	0.25122033933113364	https://s3-us-west-2.amazonaws.com/allennlp/datasets/sst/train.txt	0	5	0.5	2	reduce_on_plateau	50	1	3.8449936101663474e-05	adam	10	+accuracy	0.9793003623701844	1.0	4465.616	3016.0	13	4335	3929	5495	5507	2787	6031	4519	6425	0.05653449167844893	0	0.8727064220183486	1.0	https://s3-us-west-2.amazonaws.com/allennlp/datasets/sst/dev.txt	2-class	elmo_characters	single_id	sst_tokens	False	0.415487608739308	6919	elmo frozen
28	16	0.8428899082568807	1.0	0.3608410486153194	2-class	elmo_characters	single_id	sst_tokens	True	25	True	64	[['tokens', 'num_tokens']]	bucket	False	0.2	1	https://s3-us-west-2.amazonaws.com/allennlp/models/elmo/2x4096_512_2048cnn_2xhighway/elmo_2x4096_512_2048cnn_2xhighway_options.json	https://s3-us-west-2.amazonaws.com/allennlp/models/elmo/2x4096_512_2048cnn_2xhighway/elmo_2x4096_512_2048cnn_2xhighway_weights.hdf5	0.3	True	335	142	2	lstm	True	82	2010	3	lstm	0.1	[0.4, 0.4, 0]	656	3	[335, 335, 2]	6	tanh	0.0	[142, 142, 142]	1324	3	300	https://s3-us-west-2.amazonaws.com/allennlp/datasets/glove/glove.840B.300d.txt.gz	False	embedding	bcn	True	False	4424.56	4687	5611	6083	5893	5301	5033	6185	5409	0.8605161998901703	1.0	https://s3-us-west-2.amazonaws.com/allennlp/datasets/sst/test.txt	0.3162946855199748	https://s3-us-west-2.amazonaws.com/allennlp/datasets/sst/train.txt	0	8	0.5	2	reduce_on_plateau	50	1	5.6589912751301925e-06	adam	10	+accuracy	0.8894366054618702	1.0	4424.56	4626.0	25	0	5611	6083	5893	5301	5033	0	3973	0.26992779112918003	0	0.8428899082568807	1.0	https://s3-us-west-2.amazonaws.com/allennlp/datasets/sst/dev.txt	2-class	elmo_characters	single_id	sst_tokens	False	0.3605616348130362	6919	elmo frozen
29	3	0.5091743119266054	1.0	385371652.5714286	2-class	elmo_characters	single_id	sst_tokens	True	12	True	64	[['tokens', 'num_tokens']]	bucket	False	0.4	1	https://s3-us-west-2.amazonaws.com/allennlp/models/elmo/2x4096_512_2048cnn_2xhighway/elmo_2x4096_512_2048cnn_2xhighway_options.json	https://s3-us-west-2.amazonaws.com/allennlp/models/elmo/2x4096_512_2048cnn_2xhighway/elmo_2x4096_512_2048cnn_2xhighway_weights.hdf5	0.2	True	472	165	3	lstm	True	492	2832	3	lstm	0.2	[0, 0, 0, 0]	3936	4	[407, 407, 407, 2]	6	tanh	0.1	[165, 165, 165]	1324	3	300	https://s3-us-west-2.amazonaws.com/allennlp/datasets/glove/glove.840B.300d.txt.gz	False	embedding	bcn	True	False	4657.835999999999	4093	4693	4901	5507	2787	6033	4027	6091	0.499176276771005	1.0	https://s3-us-west-2.amazonaws.com/allennlp/datasets/sst/test.txt	393224539.5862069	https://s3-us-west-2.amazonaws.com/allennlp/datasets/sst/train.txt	0	8	0.5	2	reduce_on_plateau	50	1	0.0662264664232825	adam	10	+accuracy	0.5003542725266716	1.0	4657.835999999999	2860.0	12	4093	4693	3689	4409	2787	3519	3433	6091	3980781.600216564	0	0.5091743119266054	1.0	https://s3-us-west-2.amazonaws.com/allennlp/datasets/sst/dev.txt	2-class	elmo_characters	single_id	sst_tokens	False	10104469.0	6919	elmo frozen
30	0	0.5091743119266054	1.0	0.6950160775865827	2-class	elmo_characters	single_id	sst_tokens	True	9	True	64	[['tokens', 'num_tokens']]	bucket	False	0.0	1	https://s3-us-west-2.amazonaws.com/allennlp/models/elmo/2x4096_512_2048cnn_2xhighway/elmo_2x4096_512_2048cnn_2xhighway_options.json	https://s3-us-west-2.amazonaws.com/allennlp/models/elmo/2x4096_512_2048cnn_2xhighway/elmo_2x4096_512_2048cnn_2xhighway_weights.hdf5	0.4	True	195	482	2	lstm	True	272	1170	1	lstm	0.2	[0.2, 0]	2176	2	[195, 2]	5	tanh	0.1	[482, 482, 482]	1324	3	300	https://s3-us-west-2.amazonaws.com/allennlp/datasets/glove/glove.840B.300d.txt.gz	False	embedding	bcn	True	False	4446.9	5067	4533	4421	4755	5879	4423	5397	7551	0.499176276771005	1.0	https://s3-us-west-2.amazonaws.com/allennlp/datasets/sst/test.txt	0.6963009608202967	https://s3-us-west-2.amazonaws.com/allennlp/datasets/sst/train.txt	0	8	0.5	2	reduce_on_plateau	50	1	0.010804573487402856	adam	10	+accuracy	0.5648723606696763	1.0	4446.9	1783.0	9	5067	4533	4421	4755	5879	4423	5395	7551	0.6860703060818459	0	0.5091743119266054	1.0	https://s3-us-west-2.amazonaws.com/allennlp/datasets/sst/dev.txt	2-class	elmo_characters	single_id	sst_tokens	False	0.6969297102519444	6919	elmo frozen
31	12	0.8669724770642202	1.0	0.3233735252703939	2-class	elmo_characters	single_id	sst_tokens	True	21	True	64	[['tokens', 'num_tokens']]	bucket	False	0.2	1	https://s3-us-west-2.amazonaws.com/allennlp/models/elmo/2x4096_512_2048cnn_2xhighway/elmo_2x4096_512_2048cnn_2xhighway_options.json	https://s3-us-west-2.amazonaws.com/allennlp/models/elmo/2x4096_512_2048cnn_2xhighway/elmo_2x4096_512_2048cnn_2xhighway_weights.hdf5	0.2	True	160	130	3	lstm	True	281	960	3	lstm	0.1	[0, 0]	2248	2	[88, 2]	6	relu	0.4	[130, 130, 130]	1324	3	300	https://s3-us-west-2.amazonaws.com/allennlp/datasets/glove/glove.840B.300d.txt.gz	False	embedding	bcn	True	False	4478.448	5069	5127	5065	4755	5879	5109	5991	7551	0.8780889621087314	1.0	https://s3-us-west-2.amazonaws.com/allennlp/datasets/sst/test.txt	0.2918537736966692	https://s3-us-west-2.amazonaws.com/allennlp/datasets/sst/train.txt	0	9	0.5	2	reduce_on_plateau	50	1	3.0493421420993294e-05	adam	10	+accuracy	0.906573273680588	1.0	4478.448	4137.0	21	5069	5127	3393	4755	5879	5109	5397	7551	0.23293369670924516	0	0.8646788990825688	1.0	https://s3-us-west-2.amazonaws.com/allennlp/datasets/sst/dev.txt	2-class	elmo_characters	single_id	sst_tokens	False	0.3258436769247055	6919	elmo frozen
32	0	0.5091743119266054	1.0	0.6938267222472599	2-class	elmo_characters	single_id	sst_tokens	True	9	True	64	[['tokens', 'num_tokens']]	bucket	False	0.2	1	https://s3-us-west-2.amazonaws.com/allennlp/models/elmo/2x4096_512_2048cnn_2xhighway/elmo_2x4096_512_2048cnn_2xhighway_options.json	https://s3-us-west-2.amazonaws.com/allennlp/models/elmo/2x4096_512_2048cnn_2xhighway/elmo_2x4096_512_2048cnn_2xhighway_weights.hdf5	0.4	True	438	265	3	lstm	True	383	2628	1	lstm	0.1	[0.4, 0.4, 0]	3064	3	[409, 409, 2]	6	tanh	0.0	[265, 265, 265]	1324	3	300	https://s3-us-west-2.amazonaws.com/allennlp/datasets/glove/glove.840B.300d.txt.gz	False	embedding	bcn	True	False	4522.744000000001	4687	4693	3689	5507	4311	3519	4027	6091	0.499176276771005	1.0	https://s3-us-west-2.amazonaws.com/allennlp/datasets/sst/test.txt	0.6947157259645134	https://s3-us-west-2.amazonaws.com/allennlp/datasets/sst/train.txt	0	8	0.5	2	reduce_on_plateau	50	1	0.00498295247062703	adam	10	+accuracy	0.5588902160050205	1.0	4522.744000000001	1911.0	9	4687	2517	3689	5005	4311	3519	4027	5409	0.6877208243997603	0	0.5091743119266054	1.0	https://s3-us-west-2.amazonaws.com/allennlp/datasets/sst/dev.txt	2-class	elmo_characters	single_id	sst_tokens	False	0.6939184750829425	6919	elmo frozen
33	9	0.8876146788990825	1.0	0.305787410054888	2-class	elmo_characters	single_id	sst_tokens	True	18	True	64	[['tokens', 'num_tokens']]	bucket	False	0.1	2	https://s3-us-west-2.amazonaws.com/allennlp/models/elmo/2x4096_512_2048cnn_2xhighway/elmo_2x4096_512_2048cnn_2xhighway_options.json	https://s3-us-west-2.amazonaws.com/allennlp/models/elmo/2x4096_512_2048cnn_2xhighway/elmo_2x4096_512_2048cnn_2xhighway_weights.hdf5	0.0	True	266	255	2	lstm	True	331	1596	2	lstm	0.0	[0, 0]	6744	2	[107, 2]	5	relu	0.4	[255, 255, 255]	1324	3	300	https://s3-us-west-2.amazonaws.com/allennlp/datasets/glove/glove.840B.300d.txt.gz	False	embedding	bcn	True	True	4479.436	4687	4693	4901	5507	4311	3519	4027	6091	0.8918176825919825	1.0	https://s3-us-west-2.amazonaws.com/allennlp/datasets/sst/test.txt	0.2792600388156957	https://s3-us-west-2.amazonaws.com/allennlp/datasets/sst/train.txt	0	6	0.5	2	reduce_on_plateau	50	1	0.004481386247051064	adam	10	+accuracy	0.9723971091361824	1.0	4479.436	3976.0000000000014	18	4687	2517	3689	5005	4311	3519	4027	4815	0.07223026426943319	0	0.8727064220183486	1.0	https://s3-us-west-2.amazonaws.com/allennlp/datasets/sst/dev.txt	2-class	elmo_characters	single_id	sst_tokens	False	0.3729580779160772	6919	elmo frozen
34	15	0.8199541284403671	1.0	0.425209892647607	2-class	elmo_characters	single_id	sst_tokens	True	24	True	64	[['tokens', 'num_tokens']]	bucket	False	0.0	1	https://s3-us-west-2.amazonaws.com/allennlp/models/elmo/2x4096_512_2048cnn_2xhighway/elmo_2x4096_512_2048cnn_2xhighway_options.json	https://s3-us-west-2.amazonaws.com/allennlp/models/elmo/2x4096_512_2048cnn_2xhighway/elmo_2x4096_512_2048cnn_2xhighway_weights.hdf5	0.1	True	251	354	1	lstm	True	502	1506	1	lstm	0.4	[0.2, 0]	4016	2	[255, 2]	6	relu	0.4	[354, 354, 354]	1324	3	300	https://s3-us-west-2.amazonaws.com/allennlp/datasets/glove/glove.840B.300d.txt.gz	False	embedding	bcn	True	False	4482.592000000001	4335	5061	6753	5759	5355	6031	4519	5831	0.8358045030203185	1.0	https://s3-us-west-2.amazonaws.com/allennlp/datasets/sst/test.txt	0.3773708143110933	https://s3-us-west-2.amazonaws.com/allennlp/datasets/sst/train.txt	0	8	0.5	2	reduce_on_plateau	50	1	1.156838712342754e-06	adam	10	+accuracy	0.8626131141567301	1.0	4482.592000000001	4313.0	24	4335	3929	5495	5507	5355	6031	4519	5247	0.3345574917069062	0	0.8199541284403671	1.0	https://s3-us-west-2.amazonaws.com/allennlp/datasets/sst/dev.txt	2-class	elmo_characters	single_id	sst_tokens	False	0.4208852904183524	6919	elmo frozen
35	18	0.8440366972477065	1.0	0.3592556140252522	2-class	elmo_characters	single_id	sst_tokens	True	27	True	64	[['tokens', 'num_tokens']]	bucket	False	0.2	1	https://s3-us-west-2.amazonaws.com/allennlp/models/elmo/2x4096_512_2048cnn_2xhighway/elmo_2x4096_512_2048cnn_2xhighway_options.json	https://s3-us-west-2.amazonaws.com/allennlp/models/elmo/2x4096_512_2048cnn_2xhighway/elmo_2x4096_512_2048cnn_2xhighway_weights.hdf5	0.1	True	187	413	3	lstm	True	161	1122	1	lstm	0.1	[0.1, 0.1, 0]	1288	3	[505, 505, 2]	3	relu	0.1	[413, 413, 413]	1324	3	300	https://s3-us-west-2.amazonaws.com/allennlp/datasets/glove/glove.840B.300d.txt.gz	False	embedding	bcn	True	False	4448.056	5069	5127	5067	4963	5879	5109	5991	7551	0.8594179022515102	1.0	https://s3-us-west-2.amazonaws.com/allennlp/datasets/sst/test.txt	0.3203296147543809	https://s3-us-west-2.amazonaws.com/allennlp/datasets/sst/train.txt	0	9	0.5	2	reduce_on_plateau	50	1	4.876029046056992e-06	adam	10	+accuracy	0.9004899082940258	1.0	4448.056	5107.0	27	5069	5127	5067	4963	5879	5109	5991	4385	0.2468036721035877	0	0.8405963302752294	1.0	https://s3-us-west-2.amazonaws.com/allennlp/datasets/sst/dev.txt	2-class	elmo_characters	single_id	sst_tokens	False	0.3571065579141889	6919	elmo frozen
36	0	0.5091743119266054	1.0	0.6995305248669216	2-class	elmo_characters	single_id	sst_tokens	True	9	True	64	[['tokens', 'num_tokens']]	bucket	False	0.0	1	https://s3-us-west-2.amazonaws.com/allennlp/models/elmo/2x4096_512_2048cnn_2xhighway/elmo_2x4096_512_2048cnn_2xhighway_options.json	https://s3-us-west-2.amazonaws.com/allennlp/models/elmo/2x4096_512_2048cnn_2xhighway/elmo_2x4096_512_2048cnn_2xhighway_weights.hdf5	0.3	True	444	121	1	lstm	True	227	2664	2	lstm	0.4	[0.2, 0]	1816	2	[482, 2]	3	relu	0.2	[121, 121, 121]	1324	3	300	https://s3-us-west-2.amazonaws.com/allennlp/datasets/glove/glove.840B.300d.txt.gz	False	embedding	bcn	True	False	4462.432	5091	4231	6159	5759	4243	5109	4371	4385	0.499176276771005	1.0	https://s3-us-west-2.amazonaws.com/allennlp/datasets/sst/test.txt	0.7016194586096138	https://s3-us-west-2.amazonaws.com/allennlp/datasets/sst/train.txt	0	9	0.5	2	reduce_on_plateau	50	1	0.01357765197246596	adam	10	+accuracy	0.5687288701743021	1.0	4462.1720000000005	1702.0	9	5091	4231	4485	5759	4243	5109	4371	4385	0.6838997519078033	0	0.5091743119266054	1.0	https://s3-us-west-2.amazonaws.com/allennlp/datasets/sst/dev.txt	2-class	elmo_characters	single_id	sst_tokens	False	0.7004547502313342	6919	elmo frozen
37	13	0.8394495412844036	1.0	0.36522861250809263	2-class	elmo_characters	single_id	sst_tokens	True	22	True	64	[['tokens', 'num_tokens']]	bucket	False	0.3	1	https://s3-us-west-2.amazonaws.com/allennlp/models/elmo/2x4096_512_2048cnn_2xhighway/elmo_2x4096_512_2048cnn_2xhighway_options.json	https://s3-us-west-2.amazonaws.com/allennlp/models/elmo/2x4096_512_2048cnn_2xhighway/elmo_2x4096_512_2048cnn_2xhighway_weights.hdf5	0.3	True	274	360	3	lstm	True	76	1644	2	lstm	0.1	[0.3, 0]	608	2	[109, 2]	4	tanh	0.2	[360, 360, 360]	1324	3	300	https://s3-us-west-2.amazonaws.com/allennlp/datasets/glove/glove.840B.300d.txt.gz	False	embedding	bcn	True	False	4444.92	5093	5061	6753	5759	5355	6031	4519	3915	0.8555738605161999	1.0	https://s3-us-west-2.amazonaws.com/allennlp/datasets/sst/test.txt	0.3318448991611086	https://s3-us-west-2.amazonaws.com/allennlp/datasets/sst/train.txt	0	6	0.5	2	reduce_on_plateau	50	1	5.536896033248294e-06	adam	10	+accuracy	0.885033504058951	1.0	4444.92	4205.0	22	4335	3929	5495	5507	5355	6031	4519	3915	0.2795046608668265	0	0.8348623853211009	1.0	https://s3-us-west-2.amazonaws.com/allennlp/datasets/sst/dev.txt	2-class	elmo_characters	single_id	sst_tokens	False	0.3685111754706928	6919	elmo frozen
38	12	0.8256880733944955	1.0	0.3949645385146141	2-class	elmo_characters	single_id	sst_tokens	True	21	True	64	[['tokens', 'num_tokens']]	bucket	False	0.2	1	https://s3-us-west-2.amazonaws.com/allennlp/models/elmo/2x4096_512_2048cnn_2xhighway/elmo_2x4096_512_2048cnn_2xhighway_options.json	https://s3-us-west-2.amazonaws.com/allennlp/models/elmo/2x4096_512_2048cnn_2xhighway/elmo_2x4096_512_2048cnn_2xhighway_weights.hdf5	0.3	True	390	323	1	lstm	True	76	2340	1	lstm	0.2	[0.4, 0]	608	2	[444, 2]	6	tanh	0.4	[323, 323, 323]	1324	3	300	https://s3-us-west-2.amazonaws.com/allennlp/datasets/glove/glove.840B.300d.txt.gz	False	embedding	bcn	True	False	4442.204000000001	4687	5611	5489	5893	5301	5033	6185	5409	0.844041735310269	1.0	https://s3-us-west-2.amazonaws.com/allennlp/datasets/sst/test.txt	0.357840984545905	https://s3-us-west-2.amazonaws.com/allennlp/datasets/sst/train.txt	0	5	0.5	2	reduce_on_plateau	50	1	1.6282767326193266e-06	adam	10	+accuracy	0.865487782658866	1.0	4442.204000000001	3621.0	21	4687	5611	4343	5893	5301	5033	6185	3973	0.31812896337263635	0	0.8256880733944955	1.0	https://s3-us-west-2.amazonaws.com/allennlp/datasets/sst/dev.txt	2-class	elmo_characters	single_id	sst_tokens	False	0.3937587780611856	6919	elmo frozen
39	22	0.9139908256880734	1.0	0.2844609330807413	2-class	elmo_characters	single_id	sst_tokens	True	31	True	64	[['tokens', 'num_tokens']]	bucket	False	0.0	2	https://s3-us-west-2.amazonaws.com/allennlp/models/elmo/2x4096_512_2048cnn_2xhighway/elmo_2x4096_512_2048cnn_2xhighway_options.json	https://s3-us-west-2.amazonaws.com/allennlp/models/elmo/2x4096_512_2048cnn_2xhighway/elmo_2x4096_512_2048cnn_2xhighway_weights.hdf5	0.3	True	93	206	1	lstm	True	159	558	3	lstm	0.4	[0.4, 0]	5368	2	[399, 2]	6	relu	0.3	[206, 206, 206]	1324	3	300	https://s3-us-west-2.amazonaws.com/allennlp/datasets/glove/glove.840B.300d.txt.gz	False	embedding	bcn	True	True	4453.264	5093	5129	6159	5759	5879	5109	5991	4385	0.9071938495332236	1.0	https://s3-us-west-2.amazonaws.com/allennlp/datasets/sst/test.txt	0.2528020492915449	https://s3-us-west-2.amazonaws.com/allennlp/datasets/sst/train.txt	0	9	0.5	2	reduce_on_plateau	50	1	0.0008486701488820313	adam	10	+accuracy	0.96826730368241	1.0	4453.264	6815.0	31	5091	10	6159	5759	4243	5109	4371	4385	0.08538876452550792	0	0.9071100917431192	1.0	https://s3-us-west-2.amazonaws.com/allennlp/datasets/sst/dev.txt	2-class	elmo_characters	single_id	sst_tokens	False	0.291826921914305	6919	elmo frozen
40	14	0.9002293577981652	1.0	0.30360148953539984	2-class	elmo_characters	single_id	sst_tokens	True	23	True	64	[['tokens', 'num_tokens']]	bucket	False	0.0	1	https://s3-us-west-2.amazonaws.com/allennlp/models/elmo/2x4096_512_2048cnn_2xhighway/elmo_2x4096_512_2048cnn_2xhighway_options.json	https://s3-us-west-2.amazonaws.com/allennlp/models/elmo/2x4096_512_2048cnn_2xhighway/elmo_2x4096_512_2048cnn_2xhighway_weights.hdf5	0.0	True	173	264	2	lstm	True	64	1038	3	lstm	0.0	[0.3, 0.3, 0.3, 0]	512	4	[291, 291, 291, 2]	3	tanh	0.4	[264, 264, 264]	1324	3	300	https://s3-us-west-2.amazonaws.com/allennlp/datasets/glove/glove.840B.300d.txt.gz	False	embedding	bcn	True	False	4406.484	5069	5129	5067	5557	5879	5109	5991	4385	0.9011532125205932	1.0	https://s3-us-west-2.amazonaws.com/allennlp/datasets/sst/test.txt	0.24684748567383866	https://s3-us-west-2.amazonaws.com/allennlp/datasets/sst/train.txt	0	5	0.5	2	reduce_on_plateau	50	1	0.00269545863587536	adam	10	+accuracy	0.9555033706500394	1.0	4406.484	4359.0	23	4253	10	5067	5557	4243	5109	4371	4385	0.12086478150039524	0	0.8944954128440367	1.0	https://s3-us-west-2.amazonaws.com/allennlp/datasets/sst/dev.txt	2-class	elmo_characters	single_id	sst_tokens	False	0.29774050201688496	6919	elmo frozen
41	12	0.9094036697247706	1.0	0.2608174516686371	2-class	elmo_characters	single_id	sst_tokens	True	21	True	64	[['tokens', 'num_tokens']]	bucket	False	0.1	1	https://s3-us-west-2.amazonaws.com/allennlp/models/elmo/2x4096_512_2048cnn_2xhighway/elmo_2x4096_512_2048cnn_2xhighway_options.json	https://s3-us-west-2.amazonaws.com/allennlp/models/elmo/2x4096_512_2048cnn_2xhighway/elmo_2x4096_512_2048cnn_2xhighway_weights.hdf5	0.3	True	143	158	3	lstm	True	240	858	2	lstm	0.1	[0.4, 0.4, 0]	1920	3	[339, 339, 2]	6	relu	0.4	[158, 158, 158]	1324	3	300	https://s3-us-west-2.amazonaws.com/allennlp/datasets/glove/glove.840B.300d.txt.gz	False	embedding	bcn	True	False	4474.696	3983	4691	4901	5507	2787	6033	3479	6425	0.915431081823174	1.0	https://s3-us-west-2.amazonaws.com/allennlp/datasets/sst/test.txt	0.21646878534349906	https://s3-us-west-2.amazonaws.com/allennlp/datasets/sst/train.txt	0	5	0.5	2	reduce_on_plateau	50	1	0.0031137290681797305	adam	10	+accuracy	0.9362309451991012	1.0	4474.696	4022.0000000000014	21	3983	4691	4901	5507	2787	3519	3479	6091	0.16584576337858842	0	0.9025229357798163	1.0	https://s3-us-west-2.amazonaws.com/allennlp/datasets/sst/dev.txt	2-class	elmo_characters	single_id	sst_tokens	False	0.25421458802052904	6919	elmo frozen
42	7	0.9059633027522936	1.0	0.24877437949180606	2-class	elmo_characters	single_id	sst_tokens	True	16	True	64	[['tokens', 'num_tokens']]	bucket	False	0.2	1	https://s3-us-west-2.amazonaws.com/allennlp/models/elmo/2x4096_512_2048cnn_2xhighway/elmo_2x4096_512_2048cnn_2xhighway_options.json	https://s3-us-west-2.amazonaws.com/allennlp/models/elmo/2x4096_512_2048cnn_2xhighway/elmo_2x4096_512_2048cnn_2xhighway_weights.hdf5	0.3	True	493	395	3	lstm	True	223	2958	3	lstm	0.0	[0.4, 0]	1784	2	[186, 2]	6	tanh	0.0	[395, 395, 395]	1324	3	300	https://s3-us-west-2.amazonaws.com/allennlp/datasets/glove/glove.840B.300d.txt.gz	False	embedding	bcn	True	False	4555.704000000001	4093	4693	4901	5507	4311	6033	4027	6425	0.913234486545854	1.0	https://s3-us-west-2.amazonaws.com/allennlp/datasets/sst/test.txt	0.2159335510484104	https://s3-us-west-2.amazonaws.com/allennlp/datasets/sst/train.txt	0	6	0.5	2	reduce_on_plateau	50	1	0.000520037998457459	adam	10	+accuracy	0.955118731906796	1.0	4555.704000000001	3360.0	16	4093	4693	3689	5005	3717	3519	4027	6091	0.11667879658975575	0	0.9025229357798163	1.0	https://s3-us-west-2.amazonaws.com/allennlp/datasets/sst/dev.txt	2-class	elmo_characters	single_id	sst_tokens	False	0.30476195152316776	6919	elmo frozen
43	2	0.9002293577981652	1.0	0.2440601385065488	2-class	elmo_characters	single_id	sst_tokens	True	11	True	64	[['tokens', 'num_tokens']]	bucket	False	0.0	2	https://s3-us-west-2.amazonaws.com/allennlp/models/elmo/2x4096_512_2048cnn_2xhighway/elmo_2x4096_512_2048cnn_2xhighway_options.json	https://s3-us-west-2.amazonaws.com/allennlp/models/elmo/2x4096_512_2048cnn_2xhighway/elmo_2x4096_512_2048cnn_2xhighway_weights.hdf5	0.1	True	373	139	1	lstm	True	206	2238	2	lstm	0.4	[0.3, 0.3, 0.3, 0]	5744	4	[363, 363, 363, 2]	5	tanh	0.2	[139, 139, 139]	1324	3	300	https://s3-us-west-2.amazonaws.com/allennlp/datasets/glove/glove.840B.300d.txt.gz	False	embedding	bcn	True	True	4476.052	5093	4465	6753	5759	4243	5109	4371	4385	0.9044481054365732	1.0	https://s3-us-west-2.amazonaws.com/allennlp/datasets/sst/test.txt	0.2221699634502674	https://s3-us-west-2.amazonaws.com/allennlp/datasets/sst/train.txt	0	5	0.5	2	reduce_on_plateau	50	1	0.000322331243886173	adam	10	+accuracy	0.9675385144846852	1.0	4476.052	2508.0	11	5093	4465	6753	5759	4243	5109	4371	993	0.08747295341985252	0	0.8922018348623854	1.0	https://s3-us-west-2.amazonaws.com/allennlp/datasets/sst/dev.txt	2-class	elmo_characters	single_id	sst_tokens	False	0.316663285451276	6919	elmo frozen
44	14	0.893348623853211	1.0	0.3171271064451763	2-class	elmo_characters	single_id	sst_tokens	True	23	True	64	[['tokens', 'num_tokens']]	bucket	False	0.0	1	https://s3-us-west-2.amazonaws.com/allennlp/models/elmo/2x4096_512_2048cnn_2xhighway/elmo_2x4096_512_2048cnn_2xhighway_options.json	https://s3-us-west-2.amazonaws.com/allennlp/models/elmo/2x4096_512_2048cnn_2xhighway/elmo_2x4096_512_2048cnn_2xhighway_weights.hdf5	0.0	True	200	89	1	lstm	True	444	1200	2	lstm	0.1	[0, 0, 0, 0]	3552	4	[504, 504, 504, 2]	6	relu	0.3	[89, 89, 89]	1324	3	300	https://s3-us-west-2.amazonaws.com/allennlp/datasets/glove/glove.840B.300d.txt.gz	False	embedding	bcn	True	False	4493.48	3983	4691	5495	5507	2787	6033	4519	6425	0.9017023613399232	1.0	https://s3-us-west-2.amazonaws.com/allennlp/datasets/sst/test.txt	0.2721833812779394	https://s3-us-west-2.amazonaws.com/allennlp/datasets/sst/train.txt	0	9	0.5	2	reduce_on_plateau	50	1	0.002625297455899703	adam	10	+accuracy	0.9730449217563821	1.0	4493.48	4239.0	23	3983	4691	4901	5507	2787	3519	3479	6091	0.07976553456464522	0	0.8830275229357798	1.0	https://s3-us-west-2.amazonaws.com/allennlp/datasets/sst/dev.txt	2-class	elmo_characters	single_id	sst_tokens	False	0.3605909219809941	6919	elmo frozen
45	16	0.8807339449541285	1.0	0.2983816489577293	2-class	elmo_characters	single_id	sst_tokens	True	25	True	64	[['tokens', 'num_tokens']]	bucket	False	0.0	2	https://s3-us-west-2.amazonaws.com/allennlp/models/elmo/2x4096_512_2048cnn_2xhighway/elmo_2x4096_512_2048cnn_2xhighway_options.json	https://s3-us-west-2.amazonaws.com/allennlp/models/elmo/2x4096_512_2048cnn_2xhighway/elmo_2x4096_512_2048cnn_2xhighway_weights.hdf5	0.4	True	433	246	2	lstm	True	471	2598	2	lstm	0.1	[0.3, 0.3, 0.3, 0]	7864	4	[213, 213, 213, 2]	3	tanh	0.0	[246, 246, 246]	1324	3	300	https://s3-us-west-2.amazonaws.com/allennlp/datasets/glove/glove.840B.300d.txt.gz	False	embedding	bcn	True	True	4571.428	5091	5129	5067	5557	5879	5109	5991	7551	0.8868753432180121	1.0	https://s3-us-west-2.amazonaws.com/allennlp/datasets/sst/test.txt	0.2607806191362184	https://s3-us-west-2.amazonaws.com/allennlp/datasets/sst/train.txt	0	5	0.5	2	reduce_on_plateau	50	1	9.274470652101613e-06	adam	10	+accuracy	0.9239933599206428	1.0	4571.428	5860.0	25	5091	4231	5067	5165	4243	5109	4371	4385	0.19118944333065205	0	0.8807339449541285	1.0	https://s3-us-west-2.amazonaws.com/allennlp/datasets/sst/dev.txt	2-class	elmo_characters	single_id	sst_tokens	False	0.2983257355434554	6919	elmo frozen
46	24	0.8509174311926605	1.0	48.06524331229075	2-class	elmo_characters	single_id	sst_tokens	True	33	True	64	[['tokens', 'num_tokens']]	bucket	False	0.3	2	https://s3-us-west-2.amazonaws.com/allennlp/models/elmo/2x4096_512_2048cnn_2xhighway/elmo_2x4096_512_2048cnn_2xhighway_options.json	https://s3-us-west-2.amazonaws.com/allennlp/models/elmo/2x4096_512_2048cnn_2xhighway/elmo_2x4096_512_2048cnn_2xhighway_weights.hdf5	0.0	True	315	351	3	lstm	True	457	1890	3	lstm	0.1	[0.3, 0.3, 0.3, 0]	7752	4	[421, 421, 421, 2]	4	tanh	0.0	[351, 351, 351]	1324	3	300	https://s3-us-west-2.amazonaws.com/allennlp/datasets/glove/glove.840B.300d.txt.gz	False	embedding	bcn	True	True	4564.1320000000005	4687	5613	6085	5893	5301	5033	6185	5409	0.844041735310269	1.0	https://s3-us-west-2.amazonaws.com/allennlp/datasets/sst/test.txt	48.29101167876146	https://s3-us-west-2.amazonaws.com/allennlp/datasets/sst/train.txt	0	7	0.5	2	reduce_on_plateau	50	1	0.03598652685832263	adam	10	+accuracy	0.7881753952669192	1.0	4564.1320000000005	8051.000000000001	33	0	0	6085	0	5301	0	0	0	25.934095882072352	0	0.8509174311926605	1.0	https://s3-us-west-2.amazonaws.com/allennlp/datasets/sst/dev.txt	2-class	elmo_characters	single_id	sst_tokens	False	4.996555158070156	6919	elmo frozen
47	10	0.8944954128440367	1.0	0.3181114675743239	2-class	elmo_characters	single_id	sst_tokens	True	19	True	64	[['tokens', 'num_tokens']]	bucket	False	0.3	1	https://s3-us-west-2.amazonaws.com/allennlp/models/elmo/2x4096_512_2048cnn_2xhighway/elmo_2x4096_512_2048cnn_2xhighway_options.json	https://s3-us-west-2.amazonaws.com/allennlp/models/elmo/2x4096_512_2048cnn_2xhighway/elmo_2x4096_512_2048cnn_2xhighway_weights.hdf5	0.0	True	152	481	3	lstm	True	213	912	3	lstm	0.2	[0.1, 0]	1704	2	[459, 2]	4	relu	0.1	[481, 481, 481]	1324	3	300	https://s3-us-west-2.amazonaws.com/allennlp/datasets/glove/glove.840B.300d.txt.gz	False	embedding	bcn	True	False	4478.532	4335	3929	5495	5507	5355	6031	4519	6425	0.9115870400878638	1.0	https://s3-us-west-2.amazonaws.com/allennlp/datasets/sst/test.txt	0.254677830585118	https://s3-us-west-2.amazonaws.com/allennlp/datasets/sst/train.txt	0	9	0.5	2	reduce_on_plateau	50	1	0.00022546088980616362	adam	10	+accuracy	0.9865173998420956	1.0	4478.532	3845.0000000000014	19	3983	3929	4899	5507	2787	6031	3479	6425	0.03865867664608043	0	0.893348623853211	1.0	https://s3-us-west-2.amazonaws.com/allennlp/datasets/sst/dev.txt	2-class	elmo_characters	single_id	sst_tokens	False	0.36342810307230267	6919	elmo frozen
48	33	0.8509174311926605	1.0	0.3608189267771585	2-class	elmo_characters	single_id	sst_tokens	True	42	True	64	[['tokens', 'num_tokens']]	bucket	False	0.1	2	https://s3-us-west-2.amazonaws.com/allennlp/models/elmo/2x4096_512_2048cnn_2xhighway/elmo_2x4096_512_2048cnn_2xhighway_options.json	https://s3-us-west-2.amazonaws.com/allennlp/models/elmo/2x4096_512_2048cnn_2xhighway/elmo_2x4096_512_2048cnn_2xhighway_weights.hdf5	0.1	True	420	198	3	lstm	True	158	2520	3	lstm	0.2	[0.1, 0.1, 0]	5360	3	[385, 385, 2]	5	relu	0.3	[198, 198, 198]	1324	3	300	https://s3-us-west-2.amazonaws.com/allennlp/datasets/glove/glove.840B.300d.txt.gz	False	embedding	bcn	True	True	4488.736	5093	5129	6753	5759	5879	5111	5991	7551	0.8660076880834706	1.0	https://s3-us-west-2.amazonaws.com/allennlp/datasets/sst/test.txt	0.3223110791938058	https://s3-us-west-2.amazonaws.com/allennlp/datasets/sst/train.txt	0	5	0.5	2	reduce_on_plateau	50	1	0.006919633704004443	adam	10	+accuracy	0.9015122375852784	1.0	4488.732	9792.0	42	5093	4465	6753	5759	10	5109	4371	3321	0.2300187864846313	0	0.8509174311926605	1.0	https://s3-us-west-2.amazonaws.com/allennlp/datasets/sst/dev.txt	2-class	elmo_characters	single_id	sst_tokens	False	0.35998164117336273	6919	elmo frozen
49	11	0.8233944954128442	1.0	0.4163174544061933	2-class	elmo_characters	single_id	sst_tokens	True	20	True	64	[['tokens', 'num_tokens']]	bucket	False	0.3	1	https://s3-us-west-2.amazonaws.com/allennlp/models/elmo/2x4096_512_2048cnn_2xhighway/elmo_2x4096_512_2048cnn_2xhighway_options.json	https://s3-us-west-2.amazonaws.com/allennlp/models/elmo/2x4096_512_2048cnn_2xhighway/elmo_2x4096_512_2048cnn_2xhighway_weights.hdf5	0.1	True	202	378	2	lstm	True	163	1212	1	lstm	0.2	[0.4, 0.4, 0.4, 0]	1304	4	[123, 123, 123, 2]	3	relu	0.3	[378, 378, 378]	1324	3	300	https://s3-us-west-2.amazonaws.com/allennlp/datasets/glove/glove.840B.300d.txt.gz	False	embedding	bcn	True	False	4411.604	4687	3111	3689	5299	5301	5031	6185	5409	0.8462383305875892	1.0	https://s3-us-west-2.amazonaws.com/allennlp/datasets/sst/test.txt	0.3609547954181145	https://s3-us-west-2.amazonaws.com/allennlp/datasets/sst/train.txt	0	7	0.5	2	reduce_on_plateau	50	1	3.0930289377263656e-06	adam	10	+accuracy	0.873109703018402	1.0	4411.596	3634.0	20	4687	3111	3689	5299	5301	5031	6185	3379	0.3113056010146833	0	0.8211009174311926	1.0	https://s3-us-west-2.amazonaws.com/allennlp/datasets/sst/dev.txt	2-class	elmo_characters	single_id	sst_tokens	False	0.4174396225384304	6919	elmo frozen
