Unnamed: 0	best_epoch	best_validation_accuracy	best_validation_accuracy3	best_validation_loss	dataset_reader.granularity	dataset_reader.token_indexers.tokens.type	dataset_reader.type	dataset_reader.use_subtrees	epoch	evaluate_on_test	iterator.batch_size	iterator.sorting_keys	iterator.type	model.embedding_dropout	model.encoder.bidirectional	model.encoder.hidden_size	model.encoder.input_size	model.encoder.num_layers	model.encoder.type	model.integrator.bidirectional	model.integrator.hidden_size	model.integrator.input_size	model.integrator.num_layers	model.integrator.type	model.integrator_dropout	model.output_layer.dropout	model.output_layer.input_dim	model.output_layer.num_layers	model.output_layer.output_dims	model.output_layer.pool_sizes	model.pre_encode_feedforward.activations	model.pre_encode_feedforward.dropout	model.pre_encode_feedforward.hidden_dims	model.pre_encode_feedforward.input_dim	model.pre_encode_feedforward.num_layers	model.text_field_embedder.token_embedders.tokens.embedding_dim	model.text_field_embedder.token_embedders.tokens.pretrained_file	model.text_field_embedder.token_embedders.tokens.trainable	model.text_field_embedder.token_embedders.tokens.type	model.type	peak_cpu_memory_MB	peak_gpu_0_memory_MB	peak_gpu_1_memory_MB	peak_gpu_2_memory_MB	peak_gpu_3_memory_MB	test_accuracy	test_accuracy3	test_data_path	test_loss	train_data_path	trainer.cuda_device	trainer.grad_norm	trainer.learning_rate_scheduler.factor	trainer.learning_rate_scheduler.patience	trainer.learning_rate_scheduler.type	trainer.num_epochs	trainer.num_serialized_models_to_keep	trainer.optimizer.lr	trainer.optimizer.type	trainer.patience	trainer.validation_metric	training_accuracy	training_accuracy3	training_cpu_memory_MB	training_duration	training_epochs	training_gpu_0_memory_MB	training_gpu_1_memory_MB	training_gpu_2_memory_MB	training_gpu_3_memory_MB	training_loss	training_start_epoch	validation_accuracy	validation_accuracy3	validation_data_path	validation_dataset_reader.granularity	validation_dataset_reader.token_indexers.tokens.type	validation_dataset_reader.type	validation_dataset_reader.use_subtrees	validation_loss	embedding
0	10	0.8612385321100917	1.0	0.35396513236420496	2-class	single_id	sst_tokens	True	19	True	64	[['tokens', 'num_tokens']]	bucket	0.4	True	348	336	2	lstm	True	301	2088	2	lstm	0.3	[0.2, 0]	2408	2	[483, 2]	3	relu	0.0	[336, 336, 336]	300	3	300	https://s3-us-west-2.amazonaws.com/allennlp/datasets/glove/glove.840B.300d.txt.gz	True	embedding	bcn	2890.052	3072	4901	2031	2423	0.8802855573860516	1.0	https://s3-us-west-2.amazonaws.com/allennlp/datasets/sst/test.txt	0.2954585475140604	https://s3-us-west-2.amazonaws.com/allennlp/datasets/sst/train.txt	0	8	0.5	2	reduce_on_plateau	50	1	9.493345353805902e-05	adam	10	+accuracy	0.9469704637933478	1.0	2890.052	1650.0	19	2888	3100	2031	2423	0.13742552980010933	0	0.8589449541284404	1.0	https://s3-us-west-2.amazonaws.com/allennlp/datasets/sst/dev.txt	2-class	single_id	sst_tokens	False	0.3701419266206877	glove
1	2	0.856651376146789	1.0	0.3654527579035078	2-class	single_id	sst_tokens	True	11	True	64	[['tokens', 'num_tokens']]	bucket	0.0	True	294	201	2	lstm	True	306	1764	3	lstm	0.0	[0.1, 0.1, 0.1, 0]	2448	4	[402, 402, 402, 2]	6	tanh	0.0	[201, 201, 201]	300	3	300	https://s3-us-west-2.amazonaws.com/allennlp/datasets/glove/glove.840B.300d.txt.gz	True	embedding	bcn	2889.808	2774	5168	4048	4650	0.8725974739154311	1.0	https://s3-us-west-2.amazonaws.com/allennlp/datasets/sst/test.txt	0.3113815080502937	https://s3-us-west-2.amazonaws.com/allennlp/datasets/sst/train.txt	0	6	0.5	2	reduce_on_plateau	50	1	0.00037248678969044975	adam	10	+accuracy	0.9886835232908882	1.0	2889.808	1142.0	11	1136	5168	4046	4650	0.027466599811097715	0	0.8211009174311926	1.0	https://s3-us-west-2.amazonaws.com/allennlp/datasets/sst/dev.txt	2-class	single_id	sst_tokens	False	1.0402990111282893	glove
2	8	0.8165137614678899	1.0	0.4974444210529328	2-class	single_id	sst_tokens	True	17	True	64	[['tokens', 'num_tokens']]	bucket	0.1	True	404	113	2	lstm	True	329	2424	3	lstm	0.2	[0, 0]	2632	2	[425, 2]	4	tanh	0.3	[113, 113, 113]	300	3	300	https://s3-us-west-2.amazonaws.com/allennlp/datasets/glove/glove.840B.300d.txt.gz	True	embedding	bcn	2931.6679999999997	1806	5450	2069	2107	0.8066996155958265	1.0	https://s3-us-west-2.amazonaws.com/allennlp/datasets/sst/test.txt	0.4787874180695106	https://s3-us-west-2.amazonaws.com/allennlp/datasets/sst/train.txt	0	5	0.5	2	reduce_on_plateau	50	1	0.0034785623180392925	adam	10	+accuracy	0.9729740672510476	1.0	2931.6679999999997	1674.0	17	1806	5306	1017	2107	0.0714193477423215	0	0.8061926605504587	1.0	https://s3-us-west-2.amazonaws.com/allennlp/datasets/sst/dev.txt	2-class	single_id	sst_tokens	False	0.7921790821211678	glove
3	2	0.5091743119266054	1.0	1106.986855643136	2-class	single_id	sst_tokens	True	11	True	64	[['tokens', 'num_tokens']]	bucket	0.4	True	245	322	3	lstm	True	448	1470	3	lstm	0.1	[0, 0]	3584	2	[147, 2]	4	tanh	0.4	[322, 322, 322]	300	3	300	https://s3-us-west-2.amazonaws.com/allennlp/datasets/glove/glove.840B.300d.txt.gz	True	embedding	bcn	2955.216	3250	4304	2263	1429	0.499176276771005	1.0	https://s3-us-west-2.amazonaws.com/allennlp/datasets/sst/test.txt	1106.5119713092672	https://s3-us-west-2.amazonaws.com/allennlp/datasets/sst/train.txt	0	8	0.5	2	reduce_on_plateau	50	1	0.06848473877071015	adam	10	+accuracy	0.4998279247727595	1.0	2955.216	1119.0	11	3250	3296	2031	1429	15.819785935968316	0	0.5091743119266054	1.0	https://s3-us-west-2.amazonaws.com/allennlp/datasets/sst/dev.txt	2-class	single_id	sst_tokens	False	2.1565050397600447	glove
4	0	0.5091743119266054	1.0	769.403302873884	2-class	single_id	sst_tokens	True	9	True	64	[['tokens', 'num_tokens']]	bucket	0.4	True	301	299	2	lstm	True	79	1806	1	lstm	0.4	[0, 0, 0]	632	3	[372, 372, 2]	4	relu	0.2	[299, 299, 299]	300	3	300	https://s3-us-west-2.amazonaws.com/allennlp/datasets/glove/glove.840B.300d.txt.gz	True	embedding	bcn	2826.072	2994	5966	977	1345	0.499176276771005	1.0	https://s3-us-west-2.amazonaws.com/allennlp/datasets/sst/test.txt	785.8473763301456	https://s3-us-west-2.amazonaws.com/allennlp/datasets/sst/train.txt	0	9	0.5	2	reduce_on_plateau	50	1	0.06868772018405647	adam	10	+accuracy	0.5009312306415369	1.0	2826.072	685.0	9	2994	5334	977	1345	13.520608936180725	0	0.5091743119266054	1.0	https://s3-us-west-2.amazonaws.com/allennlp/datasets/sst/dev.txt	2-class	single_id	sst_tokens	False	2.556047252246312	glove
5	8	0.8761467889908257	1.0	0.3680915204542024	2-class	single_id	sst_tokens	True	17	True	64	[['tokens', 'num_tokens']]	bucket	0.3	True	424	232	2	lstm	True	337	2544	3	lstm	0.1	[0.2, 0.2, 0.2, 0]	2696	4	[384, 384, 384, 2]	6	tanh	0.0	[232, 232, 232]	300	3	300	https://s3-us-west-2.amazonaws.com/allennlp/datasets/glove/glove.840B.300d.txt.gz	True	embedding	bcn	2931.744	2367	5678	2939	1962	0.8857770455793521	1.0	https://s3-us-west-2.amazonaws.com/allennlp/datasets/sst/test.txt	0.2935560972526156	https://s3-us-west-2.amazonaws.com/allennlp/datasets/sst/train.txt	0	9	0.5	2	reduce_on_plateau	50	1	0.00013543791114210382	adam	10	+accuracy	0.9619511306354636	1.0	2931.744	1624.0	17	1642	5222	2939	1183	0.09965472319103064	0	0.8623853211009175	1.0	https://s3-us-west-2.amazonaws.com/allennlp/datasets/sst/dev.txt	2-class	single_id	sst_tokens	False	0.3811383609260832	glove
6	21	0.8279816513761468	1.0	0.4077903096164976	2-class	single_id	sst_tokens	True	30	True	64	[['tokens', 'num_tokens']]	bucket	0.4	True	254	71	1	lstm	True	387	1524	2	lstm	0.4	[0.2, 0.2, 0.2, 0]	3096	4	[321, 321, 321, 2]	6	tanh	0.4	[71, 71, 71]	300	3	300	https://s3-us-west-2.amazonaws.com/allennlp/datasets/glove/glove.840B.300d.txt.gz	True	embedding	bcn	2875.116	3256	4314	2263	2816	0.8347062053816584	1.0	https://s3-us-west-2.amazonaws.com/allennlp/datasets/sst/test.txt	0.3813559757224445	https://s3-us-west-2.amazonaws.com/allennlp/datasets/sst/train.txt	0	6	0.5	2	reduce_on_plateau	50	1	0.007576673349776477	adam	10	+accuracy	0.9365953397979634	1.0	2875.116	2247.0	30	3256	4314	2263	2423	0.17105035377676006	0	0.8233944954128442	1.0	https://s3-us-west-2.amazonaws.com/allennlp/datasets/sst/dev.txt	2-class	single_id	sst_tokens	False	0.4365077891520092	glove
7	18	0.7557339449541285	1.0	0.5480156860181263	2-class	single_id	sst_tokens	True	27	True	64	[['tokens', 'num_tokens']]	bucket	0.1	True	426	170	1	lstm	True	162	2556	3	lstm	0.3	[0, 0, 0]	1296	3	[335, 335, 2]	6	relu	0.4	[170, 170, 170]	300	3	300	https://s3-us-west-2.amazonaws.com/allennlp/datasets/glove/glove.840B.300d.txt.gz	True	embedding	bcn	2834.664	2982	5534	1415	1861	0.7605711147721033	1.0	https://s3-us-west-2.amazonaws.com/allennlp/datasets/sst/test.txt	0.5580247537843113	https://s3-us-west-2.amazonaws.com/allennlp/datasets/sst/train.txt	0	7	0.5	2	reduce_on_plateau	50	1	1.7466659723660217e-06	adam	10	+accuracy	0.8144016843128126	1.0	2834.664	2038.0	27	2982	3900	1415	1861	0.4117924132012796	0	0.7522935779816514	1.0	https://s3-us-west-2.amazonaws.com/allennlp/datasets/sst/dev.txt	2-class	single_id	sst_tokens	False	0.5500760121004922	glove
8	11	0.8486238532110092	1.0	0.3695216093744551	2-class	single_id	sst_tokens	True	20	True	64	[['tokens', 'num_tokens']]	bucket	0.3	True	206	469	1	lstm	True	259	1236	1	lstm	0.4	[0.4, 0.4, 0]	2072	3	[508, 508, 2]	5	relu	0.0	[469, 469, 469]	300	3	300	https://s3-us-west-2.amazonaws.com/allennlp/datasets/glove/glove.840B.300d.txt.gz	True	embedding	bcn	2839.312	3108	4732	2069	1861	0.8747940691927513	1.0	https://s3-us-west-2.amazonaws.com/allennlp/datasets/sst/test.txt	0.3003902949135879	https://s3-us-west-2.amazonaws.com/allennlp/datasets/sst/train.txt	0	9	0.5	2	reduce_on_plateau	50	1	2.4987122264167496e-05	adam	10	+accuracy	0.9239832378484524	1.0	2839.312	1324.0	20	3108	3742	2069	1861	0.19137218766339084	0	0.8451834862385321	1.0	https://s3-us-west-2.amazonaws.com/allennlp/datasets/sst/dev.txt	2-class	single_id	sst_tokens	False	0.3641234870467867	glove
9	4	0.8681192660550459	1.0	0.3707908892205784	2-class	single_id	sst_tokens	True	13	True	64	[['tokens', 'num_tokens']]	bucket	0.2	True	266	178	2	lstm	True	292	1596	1	lstm	0.1	[0.4, 0]	2336	2	[303, 2]	4	tanh	0.3	[178, 178, 178]	300	3	300	https://s3-us-west-2.amazonaws.com/allennlp/datasets/glove/glove.840B.300d.txt.gz	True	embedding	bcn	2834.948	1964	5000	2603	2001	0.8791872597473915	1.0	https://s3-us-west-2.amazonaws.com/allennlp/datasets/sst/test.txt	0.3229818513681149	https://s3-us-west-2.amazonaws.com/allennlp/datasets/sst/train.txt	0	9	0.5	2	reduce_on_plateau	50	1	0.00017092014837098176	adam	10	+accuracy	0.9664149644715266	1.0	2834.948	869.0	13	1964	4858	2427	1807	0.09015919161849496	0	0.856651376146789	1.0	https://s3-us-west-2.amazonaws.com/allennlp/datasets/sst/dev.txt	2-class	single_id	sst_tokens	False	0.4581653188381876	glove
10	29	0.7935779816513762	1.0	0.451325535774231	2-class	single_id	sst_tokens	True	38	True	64	[['tokens', 'num_tokens']]	bucket	0.2	True	417	83	1	lstm	True	321	2502	2	lstm	0.2	[0, 0]	2568	2	[384, 2]	5	tanh	0.4	[83, 83, 83]	300	3	300	https://s3-us-west-2.amazonaws.com/allennlp/datasets/glove/glove.840B.300d.txt.gz	True	embedding	bcn	2872.204	3108	5786	2069	1971	0.8121911037891268	1.0	https://s3-us-west-2.amazonaws.com/allennlp/datasets/sst/test.txt	0.4327324865193203	https://s3-us-west-2.amazonaws.com/allennlp/datasets/sst/train.txt	0	9	0.5	2	reduce_on_plateau	50	1	2.557202751714366e-06	adam	10	+accuracy	0.8311638358604774	1.0	2872.204	2666.0	38	1806	5786	2069	1971	0.3769907646383028	0	0.7924311926605505	1.0	https://s3-us-west-2.amazonaws.com/allennlp/datasets/sst/dev.txt	2-class	single_id	sst_tokens	False	0.4500397869518825	glove
11	20	0.5217889908256881	1.0	0.7085523349898202	2-class	single_id	sst_tokens	True	29	True	64	[['tokens', 'num_tokens']]	bucket	0.2	True	131	390	3	lstm	True	176	786	1	lstm	0.4	[0, 0, 0]	1408	3	[319, 319, 2]	5	tanh	0.2	[390, 390, 390]	300	3	300	https://s3-us-west-2.amazonaws.com/allennlp/datasets/glove/glove.840B.300d.txt.gz	True	embedding	bcn	2817.288	2982	5764	2939	1702	0.4958813838550247	1.0	https://s3-us-west-2.amazonaws.com/allennlp/datasets/sst/test.txt	0.7321452313456042	https://s3-us-west-2.amazonaws.com/allennlp/datasets/sst/train.txt	0	9	0.5	2	reduce_on_plateau	50	1	0.03895018525709438	adam	10	+accuracy	0.5374820333218616	1.0	2817.288	2093.0	29	2982	4716	1331	1283	0.7117457119217191	0	0.5091743119266054	1.0	https://s3-us-west-2.amazonaws.com/allennlp/datasets/sst/dev.txt	2-class	single_id	sst_tokens	False	0.6992517326559339	glove
12	11	0.8233944954128442	1.0	0.39492788378681454	2-class	single_id	sst_tokens	True	20	True	64	[['tokens', 'num_tokens']]	bucket	0.3	True	352	427	2	lstm	True	472	2112	1	lstm	0.3	[0, 0, 0]	3776	3	[444, 444, 2]	6	tanh	0.2	[427, 427, 427]	300	3	300	https://s3-us-west-2.amazonaws.com/allennlp/datasets/glove/glove.840B.300d.txt.gz	True	embedding	bcn	2900.452	2998	4784	3762	4830	0.8396485447556288	1.0	https://s3-us-west-2.amazonaws.com/allennlp/datasets/sst/test.txt	0.3537763274949172	https://s3-us-west-2.amazonaws.com/allennlp/datasets/sst/train.txt	0	8	0.5	2	reduce_on_plateau	50	1	9.664003246118761e-06	adam	10	+accuracy	0.8828167702492055	1.0	2900.452	1754.0	20	2206	2965	2157	2137	0.2770528578310433	0	0.8211009174311926	1.0	https://s3-us-west-2.amazonaws.com/allennlp/datasets/sst/dev.txt	2-class	single_id	sst_tokens	False	0.3990806192159653	glove
13	13	0.8153669724770642	1.0	0.4140836490052087	2-class	single_id	sst_tokens	True	22	True	64	[['tokens', 'num_tokens']]	bucket	0.1	True	498	259	1	lstm	True	126	2988	1	lstm	0.3	[0.1, 0.1, 0]	1008	3	[316, 316, 2]	4	relu	0.1	[259, 259, 259]	300	3	300	https://s3-us-west-2.amazonaws.com/allennlp/datasets/glove/glove.840B.300d.txt.gz	True	embedding	bcn	2830.3920000000003	3256	4612	2263	2423	0.8264689730917079	1.0	https://s3-us-west-2.amazonaws.com/allennlp/datasets/sst/test.txt	0.3855376983511037	https://s3-us-west-2.amazonaws.com/allennlp/datasets/sst/train.txt	0	5	0.5	2	reduce_on_plateau	50	1	4.659498287297244e-06	adam	10	+accuracy	0.8799825900358321	1.0	2830.3920000000003	1501.0	22	3250	3296	2031	1429	0.2861487745847843	0	0.8153669724770642	1.0	https://s3-us-west-2.amazonaws.com/allennlp/datasets/sst/dev.txt	2-class	single_id	sst_tokens	False	0.4133048674889973	glove
14	1	0.8314220183486238	1.0	0.3759145502533232	2-class	single_id	sst_tokens	True	10	True	64	[['tokens', 'num_tokens']]	bucket	0.1	True	490	138	3	lstm	True	227	2940	3	lstm	0.2	[0.2, 0.2, 0]	1816	3	[336, 336, 2]	6	relu	0.4	[138, 138, 138]	300	3	300	https://s3-us-west-2.amazonaws.com/allennlp/datasets/glove/glove.840B.300d.txt.gz	True	embedding	bcn	2973.9320000000002	3256	4531	2263	2423	0.8539264140582098	1.0	https://s3-us-west-2.amazonaws.com/allennlp/datasets/sst/test.txt	0.3488040674349357	https://s3-us-west-2.amazonaws.com/allennlp/datasets/sst/train.txt	0	5	0.5	2	reduce_on_plateau	50	1	0.00031109375636859354	adam	10	+accuracy	0.9626191874000444	1.0	2973.9320000000002	1052.0	10	3256	4531	2263	2423	0.09978222549492444	0	0.8142201834862385	1.0	https://s3-us-west-2.amazonaws.com/allennlp/datasets/sst/dev.txt	2-class	single_id	sst_tokens	False	0.5927465749638421	glove
15	6	0.8405963302752294	1.0	0.3986070688281741	2-class	single_id	sst_tokens	True	15	True	64	[['tokens', 'num_tokens']]	bucket	0.3	True	151	398	3	lstm	True	248	906	3	lstm	0.0	[0.3, 0.3, 0]	1984	3	[404, 404, 2]	4	relu	0.4	[398, 398, 398]	300	3	300	https://s3-us-west-2.amazonaws.com/allennlp/datasets/glove/glove.840B.300d.txt.gz	True	embedding	bcn	2860.284	3710	4324	1871	1807	0.8550247116968699	1.0	https://s3-us-west-2.amazonaws.com/allennlp/datasets/sst/test.txt	0.3360424226727979	https://s3-us-west-2.amazonaws.com/allennlp/datasets/sst/train.txt	0	8	0.5	2	reduce_on_plateau	50	1	3.933368906808634e-05	adam	10	+accuracy	0.9103285624633076	1.0	2860.284	1240.0	15	455	4162	1871	10	0.2225992926661832	0	0.8394495412844036	1.0	https://s3-us-west-2.amazonaws.com/allennlp/datasets/sst/dev.txt	2-class	single_id	sst_tokens	False	0.3999452111976488	glove
16	6	0.8520642201834863	1.0	0.4743900650313922	2-class	single_id	sst_tokens	True	15	True	64	[['tokens', 'num_tokens']]	bucket	0.2	True	92	320	3	lstm	True	192	552	2	lstm	0.3	[0.1, 0.1, 0.1, 0]	1536	4	[304, 304, 304, 2]	5	relu	0.4	[320, 320, 320]	300	3	300	https://s3-us-west-2.amazonaws.com/allennlp/datasets/glove/glove.840B.300d.txt.gz	True	embedding	bcn	2819.3559999999998	2087	5508	2939	1726	0.8539264140582098	1.0	https://s3-us-west-2.amazonaws.com/allennlp/datasets/sst/test.txt	0.4166231674366984	https://s3-us-west-2.amazonaws.com/allennlp/datasets/sst/train.txt	0	9	0.5	2	reduce_on_plateau	50	1	0.00026337078498629257	adam	10	+accuracy	0.965392635180274	1.0	2819.3559999999998	1275.0	15	1690	5508	1331	1283	0.09128693946989476	0	0.8451834862385321	1.0	https://s3-us-west-2.amazonaws.com/allennlp/datasets/sst/dev.txt	2-class	single_id	sst_tokens	False	0.5770232028194836	glove
17	12	0.5160550458715596	1.0	11.33971118927002	2-class	single_id	sst_tokens	True	21	True	64	[['tokens', 'num_tokens']]	bucket	0.2	True	296	447	2	lstm	True	320	1776	3	lstm	0.1	[0, 0, 0]	2560	3	[332, 332, 2]	5	relu	0.1	[447, 447, 447]	300	3	300	https://s3-us-west-2.amazonaws.com/allennlp/datasets/glove/glove.840B.300d.txt.gz	True	embedding	bcn	2886.968	3561	5936	2187	1918	0.49972542559033506	1.0	https://s3-us-west-2.amazonaws.com/allennlp/datasets/sst/test.txt	12.081201586230046	https://s3-us-west-2.amazonaws.com/allennlp/datasets/sst/train.txt	0	5	0.5	2	reduce_on_plateau	50	1	0.06939627284030139	adam	10	+accuracy	0.5057999473652246	1.0	2886.968	1783.0	21	3561	4764	977	1882	18.06078920833805	0	0.5091743119266054	1.0	https://s3-us-west-2.amazonaws.com/allennlp/datasets/sst/dev.txt	2-class	single_id	sst_tokens	False	4.323497227260044	glove
18	9	0.8061926605504587	1.0	0.4329034260341099	2-class	single_id	sst_tokens	True	18	True	64	[['tokens', 'num_tokens']]	bucket	0.3	True	86	78	1	lstm	True	211	516	1	lstm	0.3	[0.1, 0.1, 0.1, 0]	1688	4	[126, 126, 126, 2]	5	tanh	0.1	[78, 78, 78]	300	3	300	https://s3-us-west-2.amazonaws.com/allennlp/datasets/glove/glove.840B.300d.txt.gz	True	embedding	bcn	2805.8	2426	5354	851	2289	0.8132894014277869	1.0	https://s3-us-west-2.amazonaws.com/allennlp/datasets/sst/test.txt	0.4089168649295281	https://s3-us-west-2.amazonaws.com/allennlp/datasets/sst/train.txt	0	6	0.5	2	reduce_on_plateau	50	1	3.894889767821734e-06	adam	10	+accuracy	0.8546976537036662	1.0	2805.8	1150.0	18	1898	4472	851	2001	0.3344882914140203	0	0.8061926605504587	1.0	https://s3-us-west-2.amazonaws.com/allennlp/datasets/sst/dev.txt	2-class	single_id	sst_tokens	False	0.4303098406110491	glove
19	5	0.8245412844036697	1.0	0.492129915526935	2-class	single_id	sst_tokens	True	14	True	64	[['tokens', 'num_tokens']]	bucket	0.3	True	416	296	3	lstm	True	111	2496	2	lstm	0.2	[0, 0, 0]	888	3	[213, 213, 2]	5	tanh	0.4	[296, 296, 296]	300	3	300	https://s3-us-west-2.amazonaws.com/allennlp/datasets/glove/glove.840B.300d.txt.gz	True	embedding	bcn	2905.028	3250	4870	2187	1429	0.8099945085118067	1.0	https://s3-us-west-2.amazonaws.com/allennlp/datasets/sst/test.txt	0.5018318028285585	https://s3-us-west-2.amazonaws.com/allennlp/datasets/sst/train.txt	0	8	0.5	2	reduce_on_plateau	50	1	0.005128171667758373	adam	10	+accuracy	0.9524667489928538	1.0	2904.988	1309.0	14	2754	4870	2187	1429	0.13493792358737616	0	0.8176605504587156	1.0	https://s3-us-west-2.amazonaws.com/allennlp/datasets/sst/dev.txt	2-class	single_id	sst_tokens	False	0.5512953783784594	glove
20	18	0.5126146788990825	1.0	8.431180681501116	2-class	single_id	sst_tokens	True	27	True	64	[['tokens', 'num_tokens']]	bucket	0.2	True	429	440	2	lstm	True	167	2574	2	lstm	0.3	[0.3, 0.3, 0.3, 0]	1336	4	[321, 321, 321, 2]	5	tanh	0.4	[440, 440, 440]	300	3	300	https://s3-us-west-2.amazonaws.com/allennlp/datasets/glove/glove.840B.300d.txt.gz	True	embedding	bcn	2861.284	3372	5276	2603	1807	0.4920373421197145	1.0	https://s3-us-west-2.amazonaws.com/allennlp/datasets/sst/test.txt	8.67811758764859	https://s3-us-west-2.amazonaws.com/allennlp/datasets/sst/train.txt	0	8	0.5	2	reduce_on_plateau	50	1	0.025345159169260462	adam	10	+accuracy	0.5096564568698504	1.0	2861.284	2237.0	27	3372	3522	2603	1807	2.8228881568334265	0	0.5091743119266054	1.0	https://s3-us-west-2.amazonaws.com/allennlp/datasets/sst/dev.txt	2-class	single_id	sst_tokens	False	1.6310093232563565	glove
21	0	0.5091743119266054	1.0	85.7169805254255	2-class	single_id	sst_tokens	True	9	True	64	[['tokens', 'num_tokens']]	bucket	0.2	True	160	425	2	lstm	True	152	960	3	lstm	0.1	[0.1, 0]	1216	2	[422, 2]	5	tanh	0.1	[425, 425, 425]	300	3	300	https://s3-us-west-2.amazonaws.com/allennlp/datasets/glove/glove.840B.300d.txt.gz	True	embedding	bcn	2823.72	2998	5050	4048	4830	0.499176276771005	1.0	https://s3-us-west-2.amazonaws.com/allennlp/datasets/sst/test.txt	85.36522345707334	https://s3-us-west-2.amazonaws.com/allennlp/datasets/sst/train.txt	0	9	0.5	2	reduce_on_plateau	50	1	0.03520871638546491	adam	10	+accuracy	0.5025710063364172	1.0	2823.72	807.0	9	2998	4210	3666	4830	42.62984757395606	0	0.4908256880733945	1.0	https://s3-us-west-2.amazonaws.com/allennlp/datasets/sst/dev.txt	2-class	single_id	sst_tokens	False	18.49958746773856	glove
22	15	0.8096330275229358	1.0	0.4196504099028451	2-class	single_id	sst_tokens	True	24	True	64	[['tokens', 'num_tokens']]	bucket	0.3	True	204	426	2	lstm	True	292	1224	3	lstm	0.0	[0.2, 0]	2336	2	[221, 2]	4	relu	0.1	[426, 426, 426]	300	3	300	https://s3-us-west-2.amazonaws.com/allennlp/datasets/glove/glove.840B.300d.txt.gz	True	embedding	bcn	2862.972	2426	5244	3762	4830	0.8045030203185063	1.0	https://s3-us-west-2.amazonaws.com/allennlp/datasets/sst/test.txt	0.3992000694932609	https://s3-us-west-2.amazonaws.com/allennlp/datasets/sst/train.txt	0	8	0.5	2	reduce_on_plateau	50	1	3.993542809601643e-06	adam	10	+accuracy	0.8619349353199587	1.0	2862.972	1967.0	24	2426	4138	851	2001	0.31926268383551754	0	0.8096330275229358	1.0	https://s3-us-west-2.amazonaws.com/allennlp/datasets/sst/dev.txt	2-class	single_id	sst_tokens	False	0.4213917808873313	glove
23	21	0.8233944954128442	1.0	0.4079866004841669	2-class	single_id	sst_tokens	True	30	True	64	[['tokens', 'num_tokens']]	bucket	0.1	True	406	173	3	lstm	True	468	2436	2	lstm	0.3	[0.1, 0.1, 0.1, 0]	3744	4	[157, 157, 157, 2]	3	tanh	0.0	[173, 173, 173]	300	3	300	https://s3-us-west-2.amazonaws.com/allennlp/datasets/glove/glove.840B.300d.txt.gz	True	embedding	bcn	2947.448	2982	5810	2939	1962	0.8467874794069192	1.0	https://s3-us-west-2.amazonaws.com/allennlp/datasets/sst/test.txt	0.34711278923626604	https://s3-us-west-2.amazonaws.com/allennlp/datasets/sst/train.txt	0	7	0.5	2	reduce_on_plateau	50	1	1.3213189989841205e-05	adam	10	+accuracy	0.9045792254590359	1.0	2947.448	3194.0	30	2982	4760	1331	1641	0.2363669983342946	0	0.8199541284403671	1.0	https://s3-us-west-2.amazonaws.com/allennlp/datasets/sst/dev.txt	2-class	single_id	sst_tokens	False	0.4114542816366468	glove
24	8	0.8486238532110092	1.0	0.35574317617075785	2-class	single_id	sst_tokens	True	17	True	64	[['tokens', 'num_tokens']]	bucket	0.3	True	458	340	1	lstm	True	272	2748	1	lstm	0.2	[0.4, 0]	2176	2	[460, 2]	4	tanh	0.3	[340, 340, 340]	300	3	300	https://s3-us-west-2.amazonaws.com/allennlp/datasets/glove/glove.840B.300d.txt.gz	True	embedding	bcn	2850.724	3372	4962	2603	2001	0.8775398132894014	1.0	https://s3-us-west-2.amazonaws.com/allennlp/datasets/sst/test.txt	0.2989356445855108	https://s3-us-west-2.amazonaws.com/allennlp/datasets/sst/train.txt	0	6	0.5	2	reduce_on_plateau	50	1	3.202414104777405e-05	adam	10	+accuracy	0.9143571471951738	1.0	2850.724	1219.0	17	3372	4878	2603	1807	0.21096738016985628	0	0.8463302752293578	1.0	https://s3-us-west-2.amazonaws.com/allennlp/datasets/sst/dev.txt	2-class	single_id	sst_tokens	False	0.35359263526541845	glove
25	12	0.8497706422018348	1.0	0.5914202204772404	2-class	single_id	sst_tokens	True	21	True	64	[['tokens', 'num_tokens']]	bucket	0.2	True	275	122	1	lstm	True	187	1650	3	lstm	0.3	[0.2, 0.2, 0.2, 0]	1496	4	[274, 274, 274, 2]	4	relu	0.1	[122, 122, 122]	300	3	300	https://s3-us-west-2.amazonaws.com/allennlp/datasets/glove/glove.840B.300d.txt.gz	True	embedding	bcn	2831.92	2432	5236	4046	4648	0.8517298187808896	1.0	https://s3-us-west-2.amazonaws.com/allennlp/datasets/sst/test.txt	0.4979000194319364	https://s3-us-west-2.amazonaws.com/allennlp/datasets/sst/train.txt	0	9	0.5	2	reduce_on_plateau	50	1	0.0003769799100983093	adam	10	+accuracy	0.9747960402453589	1.0	2831.92	1587.0	21	2432	4430	4046	4468	0.06825003730328609	0	0.8463302752293578	1.0	https://s3-us-west-2.amazonaws.com/allennlp/datasets/sst/dev.txt	2-class	single_id	sst_tokens	False	0.6559550911188126	glove
26	9	0.7981651376146789	1.0	0.4454671825681414	2-class	single_id	sst_tokens	True	18	True	64	[['tokens', 'num_tokens']]	bucket	0.1	True	106	299	2	lstm	True	479	636	3	lstm	0.2	[0.2, 0.2, 0.2, 0]	3832	4	[449, 449, 449, 2]	6	relu	0.4	[299, 299, 299]	300	3	300	https://s3-us-west-2.amazonaws.com/allennlp/datasets/glove/glove.840B.300d.txt.gz	True	embedding	bcn	2928.312	2998	5184	4048	4830	0.7979132344865458	1.0	https://s3-us-west-2.amazonaws.com/allennlp/datasets/sst/test.txt	0.4245839858877248	https://s3-us-west-2.amazonaws.com/allennlp/datasets/sst/train.txt	0	7	0.5	2	reduce_on_plateau	50	1	4.9260173747117995e-06	adam	10	+accuracy	0.8650120452659068	1.0	2928.312	1988.0	18	2096	3592	3762	4830	0.3143936299521071	0	0.7878440366972477	1.0	https://s3-us-west-2.amazonaws.com/allennlp/datasets/sst/dev.txt	2-class	single_id	sst_tokens	False	0.4513166099786758	glove
27	18	0.8142201834862385	1.0	0.4116063181843077	2-class	single_id	sst_tokens	True	27	True	64	[['tokens', 'num_tokens']]	bucket	0.2	True	132	263	1	lstm	True	446	792	1	lstm	0.4	[0.2, 0]	3568	2	[368, 2]	4	relu	0.4	[263, 263, 263]	300	3	300	https://s3-us-west-2.amazonaws.com/allennlp/datasets/glove/glove.840B.300d.txt.gz	True	embedding	bcn	2848.74	3250	4536	2263	1918	0.8286655683690279	1.0	https://s3-us-west-2.amazonaws.com/allennlp/datasets/sst/test.txt	0.3768965519707778	https://s3-us-west-2.amazonaws.com/allennlp/datasets/sst/train.txt	0	5	0.5	2	reduce_on_plateau	50	1	1.3401470221350419e-05	adam	10	+accuracy	0.8852258234305727	1.0	2848.74	1608.0	27	2754	4320	2187	1429	0.2763630053042941	0	0.8084862385321101	1.0	https://s3-us-west-2.amazonaws.com/allennlp/datasets/sst/dev.txt	2-class	single_id	sst_tokens	False	0.4099520870617458	glove
28	13	0.7763761467889908	1.0	0.4673443074737276	2-class	single_id	sst_tokens	True	22	True	64	[['tokens', 'num_tokens']]	bucket	0.4	True	165	172	1	lstm	True	410	990	2	lstm	0.0	[0, 0, 0]	3280	3	[155, 155, 2]	3	tanh	0.4	[172, 172, 172]	300	3	300	https://s3-us-west-2.amazonaws.com/allennlp/datasets/glove/glove.840B.300d.txt.gz	True	embedding	bcn	2884.16	2432	5074	4046	4650	0.8056013179571664	1.0	https://s3-us-west-2.amazonaws.com/allennlp/datasets/sst/test.txt	0.4364564799029252	https://s3-us-west-2.amazonaws.com/allennlp/datasets/sst/train.txt	0	8	0.5	2	reduce_on_plateau	50	1	1.4927250258702266e-06	adam	10	+accuracy	0.8145029050347187	1.0	2884.16	1671.0	22	2432	4414	4046	4650	0.4127624014324938	0	0.7729357798165137	1.0	https://s3-us-west-2.amazonaws.com/allennlp/datasets/sst/dev.txt	2-class	single_id	sst_tokens	False	0.4662206598690578	glove
29	8	0.8016055045871558	1.0	0.4303360496248518	2-class	single_id	sst_tokens	True	17	True	64	[['tokens', 'num_tokens']]	bucket	0.0	True	463	340	3	lstm	True	435	2778	3	lstm	0.0	[0.1, 0]	3480	2	[172, 2]	6	tanh	0.3	[340, 340, 340]	300	3	300	https://s3-us-west-2.amazonaws.com/allennlp/datasets/glove/glove.840B.300d.txt.gz	True	embedding	bcn	2999.0240000000003	3710	6074	2603	1807	0.7973640856672158	1.0	https://s3-us-west-2.amazonaws.com/allennlp/datasets/sst/test.txt	0.4239057713541491	https://s3-us-west-2.amazonaws.com/allennlp/datasets/sst/train.txt	0	8	0.5	2	reduce_on_plateau	50	1	1.96415699933637e-06	adam	10	+accuracy	0.8572281717513209	1.0	2999.0240000000003	1932.0	17	3710	3508	1683	10	0.3313908797008386	0	0.7981651376146789	1.0	https://s3-us-west-2.amazonaws.com/allennlp/datasets/sst/dev.txt	2-class	single_id	sst_tokens	False	0.4290469299469675	glove
30	13	0.8325688073394495	1.0	0.4080038549644606	2-class	single_id	sst_tokens	True	22	True	64	[['tokens', 'num_tokens']]	bucket	0.0	True	248	69	3	lstm	True	469	1488	3	lstm	0.4	[0.2, 0.2, 0.2, 0]	3752	4	[230, 230, 230, 2]	4	relu	0.3	[69, 69, 69]	300	3	300	https://s3-us-west-2.amazonaws.com/allennlp/datasets/glove/glove.840B.300d.txt.gz	True	embedding	bcn	2941.552	3372	5510	2603	2001	0.8489840746842394	1.0	https://s3-us-west-2.amazonaws.com/allennlp/datasets/sst/test.txt	0.3424229251927343	https://s3-us-west-2.amazonaws.com/allennlp/datasets/sst/train.txt	0	9	0.5	2	reduce_on_plateau	50	1	3.5223243978956577e-05	adam	10	+accuracy	0.9240136040650242	1.0	2941.552	2198.0	22	3372	2122	2603	1807	0.1957757463859674	0	0.8302752293577982	1.0	https://s3-us-west-2.amazonaws.com/allennlp/datasets/sst/dev.txt	2-class	single_id	sst_tokens	False	0.40436645490782597	glove
31	15	0.8176605504587156	1.0	0.4237459514822279	2-class	single_id	sst_tokens	True	24	True	64	[['tokens', 'num_tokens']]	bucket	0.2	True	472	216	2	lstm	True	302	2832	3	lstm	0.1	[0.4, 0.4, 0]	2416	3	[350, 350, 2]	6	tanh	0.2	[216, 216, 216]	300	3	300	https://s3-us-west-2.amazonaws.com/allennlp/datasets/glove/glove.840B.300d.txt.gz	True	embedding	bcn	2974.988	3108	5062	2069	1861	0.8209774848984075	1.0	https://s3-us-west-2.amazonaws.com/allennlp/datasets/sst/test.txt	0.3940117225564759	https://s3-us-west-2.amazonaws.com/allennlp/datasets/sst/train.txt	0	8	0.5	2	reduce_on_plateau	50	1	4.20834307698758e-06	adam	10	+accuracy	0.8647691155333321	1.0	2974.988	2213.0	24	3108	3720	1951	1861	0.3153879027210485	0	0.8165137614678899	1.0	https://s3-us-west-2.amazonaws.com/allennlp/datasets/sst/dev.txt	2-class	single_id	sst_tokens	False	0.4214777478149959	glove
32	5	0.8038990825688074	1.0	0.4389580573354449	2-class	single_id	sst_tokens	True	14	True	64	[['tokens', 'num_tokens']]	bucket	0.3	True	209	103	2	lstm	True	203	1254	1	lstm	0.0	[0.3, 0.3, 0.3, 0]	1624	4	[226, 226, 226, 2]	6	relu	0.4	[103, 103, 103]	300	3	300	https://s3-us-west-2.amazonaws.com/allennlp/datasets/glove/glove.840B.300d.txt.gz	True	embedding	bcn	2822.4959999999996	2426	4916	2157	2289	0.8099945085118067	1.0	https://s3-us-west-2.amazonaws.com/allennlp/datasets/sst/test.txt	0.4201228202416979	https://s3-us-west-2.amazonaws.com/allennlp/datasets/sst/train.txt	0	9	0.5	2	reduce_on_plateau	50	1	5.682009337488829e-06	adam	10	+accuracy	0.8393121039739255	1.0	2822.4959999999996	1063.0	14	2426	4310	851	2001	0.3637906416160069	0	0.8004587155963303	1.0	https://s3-us-west-2.amazonaws.com/allennlp/datasets/sst/dev.txt	2-class	single_id	sst_tokens	False	0.4309539731059756	glove
33	11	0.7958715596330275	1.0	0.4612011632749013	2-class	single_id	sst_tokens	True	20	True	64	[['tokens', 'num_tokens']]	bucket	0.1	True	101	475	2	lstm	True	326	606	2	lstm	0.3	[0.2, 0]	2608	2	[332, 2]	3	relu	0.1	[475, 475, 475]	300	3	300	https://s3-us-west-2.amazonaws.com/allennlp/datasets/glove/glove.840B.300d.txt.gz	True	embedding	bcn	2833.768	3561	5048	2813	1978	0.7979132344865458	1.0	https://s3-us-west-2.amazonaws.com/allennlp/datasets/sst/test.txt	0.4492617753045312	https://s3-us-west-2.amazonaws.com/allennlp/datasets/sst/train.txt	0	5	0.5	2	reduce_on_plateau	50	1	1.1721276121971602e-06	adam	10	+accuracy	0.8390792963135413	1.0	2833.768	1481.0	20	1922	4394	2813	1473	0.39833667946718826	0	0.7924311926605505	1.0	https://s3-us-west-2.amazonaws.com/allennlp/datasets/sst/dev.txt	2-class	single_id	sst_tokens	False	0.4582298951489585	glove
34	13	0.8704128440366973	1.0	0.4043773178543363	2-class	single_id	sst_tokens	True	22	True	64	[['tokens', 'num_tokens']]	bucket	0.3	True	145	247	3	lstm	True	428	870	3	lstm	0.1	[0.4, 0.4, 0.4, 0]	3424	4	[174, 174, 174, 2]	6	tanh	0.3	[247, 247, 247]	300	3	300	https://s3-us-west-2.amazonaws.com/allennlp/datasets/glove/glove.840B.300d.txt.gz	True	embedding	bcn	2897.968	3561	5094	2187	1882	0.8819330038440417	1.0	https://s3-us-west-2.amazonaws.com/allennlp/datasets/sst/test.txt	0.3115909140685509	https://s3-us-west-2.amazonaws.com/allennlp/datasets/sst/train.txt	0	6	0.5	2	reduce_on_plateau	50	1	0.00013427698337580013	adam	10	+accuracy	0.9535093224284876	1.0	2897.968	2232.0	22	455	4776	977	1393	0.12179394092632775	0	0.8600917431192661	1.0	https://s3-us-west-2.amazonaws.com/allennlp/datasets/sst/dev.txt	2-class	single_id	sst_tokens	False	0.3870368972420693	glove
35	5	0.8348623853211009	1.0	0.4614741578698158	2-class	single_id	sst_tokens	True	14	True	64	[['tokens', 'num_tokens']]	bucket	0.0	True	330	230	2	lstm	True	148	1980	3	lstm	0.4	[0.2, 0.2, 0]	1184	3	[245, 245, 2]	4	relu	0.0	[230, 230, 230]	300	3	300	https://s3-us-west-2.amazonaws.com/allennlp/datasets/glove/glove.840B.300d.txt.gz	True	embedding	bcn	2838.636	2706	3412	1551	2423	0.8506315211422295	1.0	https://s3-us-west-2.amazonaws.com/allennlp/datasets/sst/test.txt	0.4353978495145666	https://s3-us-west-2.amazonaws.com/allennlp/datasets/sst/train.txt	0	6	0.5	2	reduce_on_plateau	50	1	0.00014740958172312031	adam	10	+accuracy	0.9783893758730288	1.0	2838.636	1219.0	14	2352	3040	1551	2423	0.0619176419468722	0	0.8142201834862385	1.0	https://s3-us-west-2.amazonaws.com/allennlp/datasets/sst/dev.txt	2-class	single_id	sst_tokens	False	0.7090021627289909	glove
36	7	0.8509174311926605	1.0	0.4531130130801882	2-class	single_id	sst_tokens	True	16	True	64	[['tokens', 'num_tokens']]	bucket	0.3	True	306	413	1	lstm	True	396	1836	1	lstm	0.0	[0, 0, 0, 0]	3168	4	[428, 428, 428, 2]	3	relu	0.3	[413, 413, 413]	300	3	300	https://s3-us-west-2.amazonaws.com/allennlp/datasets/glove/glove.840B.300d.txt.gz	True	embedding	bcn	2853.728	2367	4776	2813	1982	0.8599670510708401	1.0	https://s3-us-west-2.amazonaws.com/allennlp/datasets/sst/test.txt	0.39008977187090893	https://s3-us-west-2.amazonaws.com/allennlp/datasets/sst/train.txt	0	9	0.5	2	reduce_on_plateau	50	1	0.0004233872582202997	adam	10	+accuracy	0.9742494483470656	1.0	2853.728	1068.0	16	1922	4432	2813	10	0.06659437459230018	0	0.8451834862385321	1.0	https://s3-us-west-2.amazonaws.com/allennlp/datasets/sst/dev.txt	2-class	single_id	sst_tokens	False	0.6033409642321723	glove
37	1	0.8153669724770642	1.0	0.4900235171828951	2-class	single_id	sst_tokens	True	10	True	64	[['tokens', 'num_tokens']]	bucket	0.4	True	494	282	2	lstm	True	239	2964	1	lstm	0.4	[0.3, 0.3, 0.3, 0]	1912	4	[74, 74, 74, 2]	5	tanh	0.3	[282, 282, 282]	300	3	300	https://s3-us-west-2.amazonaws.com/allennlp/datasets/glove/glove.840B.300d.txt.gz	True	embedding	bcn	2878.848	3372	5294	2603	1807	0.7940691927512356	1.0	https://s3-us-west-2.amazonaws.com/allennlp/datasets/sst/test.txt	0.4715584254470365	https://s3-us-west-2.amazonaws.com/allennlp/datasets/sst/train.txt	0	8	0.5	2	reduce_on_plateau	50	1	0.005171531157231869	adam	10	+accuracy	0.9330222483146751	1.0	2878.848	862.0	10	3372	2720	2603	1807	0.19966861645454648	0	0.8061926605504587	1.0	https://s3-us-west-2.amazonaws.com/allennlp/datasets/sst/dev.txt	2-class	single_id	sst_tokens	False	0.4967645066125052	glove
38	3	0.8337155963302753	1.0	0.4873258258615221	2-class	single_id	sst_tokens	True	12	True	64	[['tokens', 'num_tokens']]	bucket	0.0	True	281	278	2	lstm	True	307	1686	3	lstm	0.0	[0, 0, 0, 0]	2456	4	[343, 343, 343, 2]	6	relu	0.2	[278, 278, 278]	300	3	300	https://s3-us-west-2.amazonaws.com/allennlp/datasets/glove/glove.840B.300d.txt.gz	True	embedding	bcn	2883.1	3256	4841	2263	2423	0.8330587589236683	1.0	https://s3-us-west-2.amazonaws.com/allennlp/datasets/sst/test.txt	0.4274366888506659	https://s3-us-west-2.amazonaws.com/allennlp/datasets/sst/train.txt	0	9	0.5	2	reduce_on_plateau	50	1	0.00015673543187100654	adam	10	+accuracy	0.9757778812478491	1.0	2883.1	1063.0	12	2194	4188	2263	10	0.0662506672383619	0	0.8199541284403671	1.0	https://s3-us-west-2.amazonaws.com/allennlp/datasets/sst/dev.txt	2-class	single_id	sst_tokens	False	0.7923842370510101	glove
39	14	0.8107798165137615	1.0	0.41639179629938944	2-class	single_id	sst_tokens	True	23	True	64	[['tokens', 'num_tokens']]	bucket	0.1	True	97	128	2	lstm	True	497	582	3	lstm	0.2	[0, 0, 0, 0]	3976	4	[469, 469, 469, 2]	6	tanh	0.2	[128, 128, 128]	300	3	300	https://s3-us-west-2.amazonaws.com/allennlp/datasets/glove/glove.840B.300d.txt.gz	True	embedding	bcn	2909.288	3710	5282	2603	1807	0.8248215266337178	1.0	https://s3-us-west-2.amazonaws.com/allennlp/datasets/sst/test.txt	0.38299914783444894	https://s3-us-west-2.amazonaws.com/allennlp/datasets/sst/train.txt	0	5	0.5	2	reduce_on_plateau	50	1	5.736965766804656e-06	adam	10	+accuracy	0.8784744012794299	1.0	2909.288	2266.0	23	455	4230	10	10	0.28928965217689623	0	0.8107798165137615	1.0	https://s3-us-west-2.amazonaws.com/allennlp/datasets/sst/dev.txt	2-class	single_id	sst_tokens	False	0.4183990380593709	glove
40	1	0.5091743119266054	1.0	0.6959388681820461	2-class	single_id	sst_tokens	True	10	True	64	[['tokens', 'num_tokens']]	bucket	0.0	True	179	167	3	lstm	True	405	1074	3	lstm	0.0	[0.4, 0.4, 0.4, 0]	3240	4	[454, 454, 454, 2]	4	relu	0.4	[167, 167, 167]	300	3	300	https://s3-us-west-2.amazonaws.com/allennlp/datasets/glove/glove.840B.300d.txt.gz	True	embedding	bcn	2917.052	2316	5410	2157	3590	0.499176276771005	1.0	https://s3-us-west-2.amazonaws.com/allennlp/datasets/sst/test.txt	0.6972971024184391	https://s3-us-west-2.amazonaws.com/allennlp/datasets/sst/train.txt	0	7	0.5	2	reduce_on_plateau	50	1	0.007916486925923491	adam	10	+accuracy	0.5403971901127599	1.0	2917.052	1036.0	10	2316	5410	851	2289	0.7006845439499524	0	0.5091743119266054	1.0	https://s3-us-west-2.amazonaws.com/allennlp/datasets/sst/dev.txt	2-class	single_id	sst_tokens	False	0.7195137270859309	glove
41	16	0.7993119266055045	1.0	0.4215568431786129	2-class	single_id	sst_tokens	True	25	True	64	[['tokens', 'num_tokens']]	bucket	0.0	True	126	486	2	lstm	True	176	756	1	lstm	0.1	[0.2, 0]	1408	2	[499, 2]	5	tanh	0.0	[486, 486, 486]	300	3	300	https://s3-us-west-2.amazonaws.com/allennlp/datasets/glove/glove.840B.300d.txt.gz	True	embedding	bcn	2820.268	3561	5660	977	1962	0.8242723778143877	1.0	https://s3-us-west-2.amazonaws.com/allennlp/datasets/sst/test.txt	0.3957786847805155	https://s3-us-west-2.amazonaws.com/allennlp/datasets/sst/train.txt	0	5	0.5	2	reduce_on_plateau	50	1	2.293316380725003e-06	adam	10	+accuracy	0.876267789541875	1.0	2820.268	1658.0	25	1844	4776	977	1473	0.29555706799493553	0	0.7981651376146789	1.0	https://s3-us-west-2.amazonaws.com/allennlp/datasets/sst/dev.txt	2-class	single_id	sst_tokens	False	0.4235352384192603	glove
42	12	0.8337155963302753	1.0	0.4097193883998053	2-class	single_id	sst_tokens	True	21	True	64	[['tokens', 'num_tokens']]	bucket	0.0	True	118	268	3	lstm	True	257	708	2	lstm	0.4	[0.1, 0]	2056	2	[266, 2]	6	relu	0.0	[268, 268, 268]	300	3	300	https://s3-us-west-2.amazonaws.com/allennlp/datasets/glove/glove.840B.300d.txt.gz	True	embedding	bcn	2827.9440000000004	1806	6314	2069	2107	0.8385502471169687	1.0	https://s3-us-west-2.amazonaws.com/allennlp/datasets/sst/test.txt	0.3567890514587534	https://s3-us-west-2.amazonaws.com/allennlp/datasets/sst/train.txt	0	5	0.5	2	reduce_on_plateau	50	1	1.2682312945557033e-05	adam	10	+accuracy	0.9158552138793854	1.0	2827.9440000000004	1734.0	21	1806	5562	1017	2107	0.2171051380757744	0	0.8302752293577982	1.0	https://s3-us-west-2.amazonaws.com/allennlp/datasets/sst/dev.txt	2-class	single_id	sst_tokens	False	0.4102881742375238	glove
43	12	0.8222477064220184	1.0	0.3986328105841364	2-class	single_id	sst_tokens	True	21	True	64	[['tokens', 'num_tokens']]	bucket	0.3	True	422	317	2	lstm	True	355	2532	2	lstm	0.2	[0.1, 0]	2840	2	[289, 2]	3	relu	0.1	[317, 317, 317]	300	3	300	https://s3-us-west-2.amazonaws.com/allennlp/datasets/glove/glove.840B.300d.txt.gz	True	embedding	bcn	2896.836	2432	6602	3818	2107	0.8500823723228995	1.0	https://s3-us-west-2.amazonaws.com/allennlp/datasets/sst/test.txt	0.3453600884511553	https://s3-us-west-2.amazonaws.com/allennlp/datasets/sst/train.txt	0	7	0.5	2	reduce_on_plateau	50	1	1.4583001081675242e-05	adam	10	+accuracy	0.8960159523857724	1.0	2896.836	1730.0	21	2432	4212	3818	2107	0.25094120391678315	0	0.8211009174311926	1.0	https://s3-us-west-2.amazonaws.com/allennlp/datasets/sst/dev.txt	2-class	single_id	sst_tokens	False	0.39543139189481735	glove
44	1	0.5091743119266054	1.0	739.3809596470426	2-class	single_id	sst_tokens	True	10	True	64	[['tokens', 'num_tokens']]	bucket	0.4	True	318	381	2	lstm	True	297	1908	3	lstm	0.1	[0, 0, 0]	2376	3	[246, 246, 2]	5	relu	0.0	[381, 381, 381]	300	3	300	https://s3-us-west-2.amazonaws.com/allennlp/datasets/glove/glove.840B.300d.txt.gz	True	embedding	bcn	2874.656	2998	5226	4048	4830	0.499176276771005	1.0	https://s3-us-west-2.amazonaws.com/allennlp/datasets/sst/test.txt	753.2315021383351	https://s3-us-west-2.amazonaws.com/allennlp/datasets/sst/train.txt	0	8	0.5	2	reduce_on_plateau	50	1	0.019093559437004685	adam	10	+accuracy	0.5009919630746806	1.0	2874.6279999999997	890.0	10	2998	4146	3570	4830	95.21670279817877	0	0.5091743119266054	1.0	https://s3-us-west-2.amazonaws.com/allennlp/datasets/sst/dev.txt	2-class	single_id	sst_tokens	False	19.576752390180317	glove
45	1	0.8256880733944955	1.0	0.407104240996497	2-class	single_id	sst_tokens	True	10	True	64	[['tokens', 'num_tokens']]	bucket	0.4	True	286	91	1	lstm	True	347	1716	2	lstm	0.4	[0, 0, 0, 0]	2776	4	[314, 314, 314, 2]	6	relu	0.3	[91, 91, 91]	300	3	300	https://s3-us-west-2.amazonaws.com/allennlp/datasets/glove/glove.840B.300d.txt.gz	True	embedding	bcn	2901.784	2426	4566	851	2001	0.8401976935749588	1.0	https://s3-us-west-2.amazonaws.com/allennlp/datasets/sst/test.txt	0.3867008377765787	https://s3-us-west-2.amazonaws.com/allennlp/datasets/sst/train.txt	0	8	0.5	2	reduce_on_plateau	50	1	0.0014152627206671176	adam	10	+accuracy	0.9693706095511874	1.0	2901.784	761.0	10	1964	4566	851	2001	0.08066286776429574	0	0.8222477064220184	1.0	https://s3-us-west-2.amazonaws.com/allennlp/datasets/sst/dev.txt	2-class	single_id	sst_tokens	False	0.5780161076358387	glove
46	8	0.8509174311926605	1.0	0.3905341412339892	2-class	single_id	sst_tokens	True	17	True	64	[['tokens', 'num_tokens']]	bucket	0.1	True	74	185	3	lstm	True	181	444	1	lstm	0.3	[0.3, 0.3, 0.3, 0]	1448	4	[203, 203, 203, 2]	5	tanh	0.1	[185, 185, 185]	300	3	300	https://s3-us-west-2.amazonaws.com/allennlp/datasets/glove/glove.840B.300d.txt.gz	True	embedding	bcn	2817.708	2360	5912	1017	2107	0.8654585392641406	1.0	https://s3-us-west-2.amazonaws.com/allennlp/datasets/sst/test.txt	0.3352221163182423	https://s3-us-west-2.amazonaws.com/allennlp/datasets/sst/train.txt	0	5	0.5	2	reduce_on_plateau	50	1	4.6068426621749016e-05	adam	10	+accuracy	0.9388829281130432	1.0	2817.708	1318.0	17	2360	4212	1017	2107	0.16170027249413085	0	0.8474770642201835	1.0	https://s3-us-west-2.amazonaws.com/allennlp/datasets/sst/dev.txt	2-class	single_id	sst_tokens	False	0.4022559544869832	glove
47	14	0.7958715596330275	1.0	0.4307182367358889	2-class	single_id	sst_tokens	True	23	True	64	[['tokens', 'num_tokens']]	bucket	0.2	True	212	126	1	lstm	True	487	1272	2	lstm	0.1	[0.2, 0.2, 0.2, 0]	3896	4	[197, 197, 197, 2]	3	tanh	0.2	[126, 126, 126]	300	3	300	https://s3-us-west-2.amazonaws.com/allennlp/datasets/glove/glove.840B.300d.txt.gz	True	embedding	bcn	2906.06	3108	6026	2069	1971	0.8110928061504667	1.0	https://s3-us-west-2.amazonaws.com/allennlp/datasets/sst/test.txt	0.41455734392692295	https://s3-us-west-2.amazonaws.com/allennlp/datasets/sst/train.txt	0	8	0.5	2	reduce_on_plateau	50	1	2.6851686302278786e-06	adam	10	+accuracy	0.8564993825535964	1.0	2905.9759999999997	1713.0	23	1806	6026	2069	1971	0.3336358166738881	0	0.7947247706422018	1.0	https://s3-us-west-2.amazonaws.com/allennlp/datasets/sst/dev.txt	2-class	single_id	sst_tokens	False	0.4302069076469967	glove
48	0	0.8107798165137615	1.0	0.4391231749738966	2-class	single_id	sst_tokens	True	9	True	64	[['tokens', 'num_tokens']]	bucket	0.2	True	83	78	1	lstm	True	97	498	2	lstm	0.3	[0.1, 0.1, 0.1, 0]	776	4	[82, 82, 82, 2]	3	relu	0.1	[78, 78, 78]	300	3	300	https://s3-us-west-2.amazonaws.com/allennlp/datasets/glove/glove.840B.300d.txt.gz	True	embedding	bcn	2801.68	2206	4850	3762	4830	0.8099945085118067	1.0	https://s3-us-west-2.amazonaws.com/allennlp/datasets/sst/test.txt	0.4543761672644779	https://s3-us-west-2.amazonaws.com/allennlp/datasets/sst/train.txt	0	8	0.5	2	reduce_on_plateau	50	1	0.006982364646659035	adam	10	+accuracy	0.9215539405227038	1.0	2801.68	717.0	9	2206	4570	2157	1985	0.2085597225141572	0	0.7855504587155964	1.0	https://s3-us-west-2.amazonaws.com/allennlp/datasets/sst/dev.txt	2-class	single_id	sst_tokens	False	0.4647903740406037	glove
49	3	0.8371559633027523	1.0	0.39998150723321096	2-class	single_id	sst_tokens	True	12	True	64	[['tokens', 'num_tokens']]	bucket	0.4	True	76	71	2	lstm	True	221	456	2	lstm	0.2	[0.3, 0]	1768	2	[144, 2]	6	tanh	0.3	[71, 71, 71]	300	3	300	https://s3-us-west-2.amazonaws.com/allennlp/datasets/glove/glove.840B.300d.txt.gz	True	embedding	bcn	2812.072	1516	4146	1551	2858	0.8462383305875892	1.0	https://s3-us-west-2.amazonaws.com/allennlp/datasets/sst/test.txt	0.3442103312960986	https://s3-us-west-2.amazonaws.com/allennlp/datasets/sst/train.txt	0	7	0.5	2	reduce_on_plateau	50	1	0.0001069262952604529	adam	10	+accuracy	0.9262303378747696	1.0	2812.072	946.0	12	1516	3040	1551	2329	0.1898755112764247	0	0.8325688073394495	1.0	https://s3-us-west-2.amazonaws.com/allennlp/datasets/sst/dev.txt	2-class	single_id	sst_tokens	False	0.3929410055279732	glove
