	best_epoch	best_validation_accuracy	best_validation_accuracy3	best_validation_f1-measure-overall	best_validation_loss	best_validation_precision-overall	best_validation_recall-overall	dataset_reader.coding_scheme	dataset_reader.tag_label	dataset_reader.token_indexers.elmo.type	dataset_reader.token_indexers.token_characters.min_padding_length	dataset_reader.token_indexers.token_characters.type	dataset_reader.token_indexers.tokens.lowercase_tokens	dataset_reader.token_indexers.tokens.type	dataset_reader.type	epoch	evaluate_on_test	iterator.batch_size	iterator.type	model.dropout	model.encoder.bidirectional	model.encoder.dropout	model.encoder.hidden_size	model.encoder.input_size	model.encoder.num_layers	model.encoder.type	model.include_start_end_transitions	model.label_encoding	model.regularizer	model.text_field_embedder.token_embedders.elmo.do_layer_norm	model.text_field_embedder.token_embedders.elmo.dropout	model.text_field_embedder.token_embedders.elmo.options_file	model.text_field_embedder.token_embedders.elmo.requires_grad	model.text_field_embedder.token_embedders.elmo.type	model.text_field_embedder.token_embedders.elmo.weight_file	model.text_field_embedder.token_embedders.token_characters.embedding.embedding_dim	model.text_field_embedder.token_embedders.token_characters.encoder.conv_layer_activation	model.text_field_embedder.token_embedders.token_characters.encoder.embedding_dim	model.text_field_embedder.token_embedders.token_characters.encoder.ngram_filter_sizes	model.text_field_embedder.token_embedders.token_characters.encoder.num_filters	model.text_field_embedder.token_embedders.token_characters.encoder.type	model.text_field_embedder.token_embedders.token_characters.type	model.text_field_embedder.token_embedders.tokens.embedding_dim	model.text_field_embedder.token_embedders.tokens.pretrained_file	model.text_field_embedder.token_embedders.tokens.trainable	model.text_field_embedder.token_embedders.tokens.type	model.type	peak_cpu_memory_MB	peak_gpu_0_memory_MB	peak_gpu_1_memory_MB	peak_gpu_2_memory_MB	peak_gpu_3_memory_MB	peak_gpu_4_memory_MB	peak_gpu_5_memory_MB	peak_gpu_6_memory_MB	peak_gpu_7_memory_MB	test_accuracy	test_accuracy3	test_data_path	test_f1-measure-overall	test_loss	test_precision-overall	test_recall-overall	train_data_path	trainer.cuda_device	trainer.grad_norm	trainer.learning_rate_scheduler.factor	trainer.learning_rate_scheduler.patience	trainer.learning_rate_scheduler.type	trainer.num_epochs	trainer.num_serialized_models_to_keep	trainer.optimizer.lr	trainer.optimizer.type	trainer.patience	trainer.validation_metric	training_accuracy	training_accuracy3	training_cpu_memory_MB	training_duration	training_epochs	training_f1-measure-overall	training_gpu_0_memory_MB	training_gpu_1_memory_MB	training_gpu_2_memory_MB	training_gpu_3_memory_MB	training_gpu_4_memory_MB	training_gpu_5_memory_MB	training_gpu_6_memory_MB	training_gpu_7_memory_MB	training_loss	training_precision-overall	training_recall-overall	training_start_epoch	validation_accuracy	validation_accuracy3	validation_data_path	validation_f1-measure-overall	validation_loss	validation_precision-overall	validation_recall-overall
0	0	0.288929558817803	0.30431057980608234	0.03882211832665861	2571.2266845703125	0.02271490361204205	0.1334567485695052	BIOUL	ner	elmo_characters	3	characters	True	single_id	conll2003	24	True	64	basic	0.42716354313318194	True	0.3752112726314413	250	1242	3	lstm	False	BIOUL	[['scalar_parameters', {'alpha': '0.0010766927989249507', 'type': 'l2'}]]	False	0.1147647059045267	https://s3-us-west-2.amazonaws.com/allennlp/models/elmo/2x4096_512_2048cnn_2xhighway/elmo_2x4096_512_2048cnn_2xhighway_options.json	True	elmo_token_embedder	https://s3-us-west-2.amazonaws.com/allennlp/models/elmo/2x4096_512_2048cnn_2xhighway/elmo_2x4096_512_2048cnn_2xhighway_weights.hdf5	23	relu	23	[1, 2, 3]	56	cnn	character_encoding	50	https://s3-us-west-2.amazonaws.com/allennlp/datasets/glove/glove.6B.50d.txt.gz	True	embedding	crf_tagger	3285.848	7185	10	1545	10	10	10	10	10	0.3246473565198665	0.34717346828900614	s3://suching-dev/ner-2003/test.txt	0.049407669417748844	2196.3716758445457	0.029358777607259624	0.1558073654390935	s3://suching-dev/ner-2003/train.txt	0	5.347089418959384	0.5	2	reduce_on_plateau	75	1	2.7332740961720135e-06	adam	25	+f1-measure-overall	0.832811939829389	0.8572200313327211	3285.848	7275.0	24	0.0	7185	10	1545	10	10	10	10	10	669.344304448908	0.0	0.0	0	0.8325026284023208	0.8500253105408668	s3://suching-dev/ner-2003/dev.txt	0.0	731.8848817114737	0.0	0.0
1	5	0.8023246758303805	0.8198473579689265	0.07627765064831438	3025.453005323223	0.10819165378670788	0.05890272635476271	BIOUL	ner	elmo_characters	3	characters	True	single_id	conll2003	29	True	64	basic	0.1444544733299371	True	0.31176076009421183	321	1238	2	lstm	False	BIOUL	[['scalar_parameters', {'alpha': '0.07197068249693782', 'type': 'l2'}]]	False	0.3702637199446509	https://s3-us-west-2.amazonaws.com/allennlp/models/elmo/2x4096_512_2048cnn_2xhighway/elmo_2x4096_512_2048cnn_2xhighway_options.json	True	elmo_token_embedder	https://s3-us-west-2.amazonaws.com/allennlp/models/elmo/2x4096_512_2048cnn_2xhighway/elmo_2x4096_512_2048cnn_2xhighway_weights.hdf5	17	relu	17	[1, 2, 3, 4]	41	cnn	character_encoding	50	https://s3-us-west-2.amazonaws.com/allennlp/datasets/glove/glove.6B.50d.txt.gz	True	embedding	crf_tagger	3295.72	7185	0	0	0	0	0	0	0	0.7924625821040163	0.8174006675998707	s3://suching-dev/ner-2003/test.txt	0.07432730480806948	2588.2344247323495	0.09853801169590644	0.0596671388101983	s3://suching-dev/ner-2003/train.txt	0	9.897442602125762	0.5	2	reduce_on_plateau	75	1	0.08387022569195368	adam	25	+f1-measure-overall	0.832811939829389	0.8572200313327211	3295.708	9041.0	29	0.0	7185	0	0	0	0	0	0	0	517.5502007224343	0.0	0.0	0	0.8325026284023208	0.8500253105408668	s3://suching-dev/ner-2003/dev.txt	0.0	558.1906304452933	0.0	0.0
2	2	0.17215061718780422	0.18967329932635021	0.049336892151116835	2506.0114422966453	0.028157280906364546	0.19909121507909794	BIOUL	ner	elmo_characters	3	characters	True	single_id	conll2003	26	True	64	basic	0.28653023676262257	True	0.2955912573061985	224	1158	3	lstm	False	BIOUL	[['scalar_parameters', {'alpha': '0.02514465563400908', 'type': 'l2'}]]	False	0.4452153920119227	https://s3-us-west-2.amazonaws.com/allennlp/models/elmo/2x4096_512_2048cnn_2xhighway/elmo_2x4096_512_2048cnn_2xhighway_options.json	True	elmo_token_embedder	https://s3-us-west-2.amazonaws.com/allennlp/models/elmo/2x4096_512_2048cnn_2xhighway/elmo_2x4096_512_2048cnn_2xhighway_weights.hdf5	41	relu	41	[1, 2, 3]	28	cnn	character_encoding	50	https://s3-us-west-2.amazonaws.com/allennlp/datasets/glove/glove.6B.50d.txt.gz	True	embedding	crf_tagger	3263.884	7175	0	0	0	0	0	0	0	0.185915796274362	0.21085388177021644	s3://suching-dev/ner-2003/test.txt	0.04830488660273602	2140.951656765408	0.02782716448467216	0.18289660056657223	s3://suching-dev/ner-2003/train.txt	0	9.888668204903476	0.5	2	reduce_on_plateau	75	1	1.0249669667814997e-06	adam	25	+f1-measure-overall	0.832811939829389	0.8572200313327211	3263.884	8156.000000000001	26	0.0	7175	0	0	0	0	0	0	0	784.2730785023083	0.0	0.0	0	0.8325026284023208	0.8500253105408668	s3://suching-dev/ner-2003/dev.txt	0.0	880.7340889725031	0.0	0.0
3	23	0.9860986721700868	0.9877925314434796	0.9318984361862624	70.5091495513916	0.9311155913978495	0.9326825984516998	BIOUL	ner	elmo_characters	3	characters	True	single_id	conll2003	47	True	64	basic	0.4526555836357668	True	0.4463057120813388	198	1234	1	lstm	False	BIOUL	[['scalar_parameters', {'alpha': '0.43468269837489604', 'type': 'l2'}]]	False	0.20523697580208838	https://s3-us-west-2.amazonaws.com/allennlp/models/elmo/2x4096_512_2048cnn_2xhighway/elmo_2x4096_512_2048cnn_2xhighway_options.json	True	elmo_token_embedder	https://s3-us-west-2.amazonaws.com/allennlp/models/elmo/2x4096_512_2048cnn_2xhighway/elmo_2x4096_512_2048cnn_2xhighway_weights.hdf5	46	relu	46	[1, 2, 3, 4, 5]	32	cnn	character_encoding	50	https://s3-us-west-2.amazonaws.com/allennlp/datasets/glove/glove.6B.50d.txt.gz	True	embedding	crf_tagger	3256.752	7149	10	1577	10	10	10	10	10	0.9748034887477118	0.9768493593194788	s3://suching-dev/ner-2003/test.txt	0.8865781195385729	106.40494809327302	0.8752587991718427	0.8981940509915014	s3://suching-dev/ner-2003/train.txt	0	9.70630181810997	0.5	2	reduce_on_plateau	75	1	2.739710353737769e-05	adam	25	+f1-measure-overall	0.9995285358582857	0.9996513129785238	3256.752	14157.0	47	0.9975098435670459	7149	10	1577	10	10	10	10	10	6.453536742925644	0.9977859150131994	0.9972339248478659	0	0.9860986721700868	0.9877925314434796	s3://suching-dev/ner-2003/dev.txt	0.9318315541732711	70.67810385834937	0.930814441645676	0.9328508919555705
4	8	0.9876562439157354	0.9889412406058954	0.9387926685723395	79.40807617411895	0.9380040322580645	0.9395826321104005	BIOUL	ner	elmo_characters	3	characters	True	single_id	conll2003	32	True	64	basic	0.17581373583321425	True	0.25985967173093966	201	1234	1	lstm	False	BIOUL	[['scalar_parameters', {'alpha': '0.42772788058916145', 'type': 'l2'}]]	False	0.033027263305457966	https://s3-us-west-2.amazonaws.com/allennlp/models/elmo/2x4096_512_2048cnn_2xhighway/elmo_2x4096_512_2048cnn_2xhighway_options.json	True	elmo_token_embedder	https://s3-us-west-2.amazonaws.com/allennlp/models/elmo/2x4096_512_2048cnn_2xhighway/elmo_2x4096_512_2048cnn_2xhighway_weights.hdf5	58	relu	58	[1, 2, 3, 4, 5]	32	cnn	character_encoding	50	https://s3-us-west-2.amazonaws.com/allennlp/datasets/glove/glove.6B.50d.txt.gz	True	embedding	crf_tagger	3251.352	7149	10	1545	10	10	10	10	10	0.9777753849466997	0.9802519651125229	s3://suching-dev/ner-2003/test.txt	0.8993383325980973	127.77327140172322	0.8962546157903991	0.902443342776204	s3://suching-dev/ner-2003/train.txt	0	9.844786864026482	0.5	2	reduce_on_plateau	75	1	0.00021862339693656634	adam	25	+f1-measure-overall	0.9999705334911428	0.9999803556607619	3251.352	9603.0	32	0.9998297727465668	7149	10	1545	10	10	10	10	10	0.07138824340972033	0.9998723241264842	0.9997872249882974	0	0.9876562439157354	0.9889217709590749	s3://suching-dev/ner-2003/dev.txt	0.9383774695249606	85.16565182629753	0.9375104989081136	0.9392460451026591
5	0	0.8926054281375336	0.8995950313461314	0.4171355962969189	264.17889299579696	0.45271867612293143	0.38673847189498484	BIOUL	ner	elmo_characters	3	characters	True	single_id	conll2003	24	True	64	basic	0.3938581442062948	True	0.24261041910699221	378	1200	3	lstm	False	BIOUL	[['scalar_parameters', {'alpha': '0.0033719750826483757', 'type': 'l2'}]]	False	0.04961459940986107	https://s3-us-west-2.amazonaws.com/allennlp/models/elmo/2x4096_512_2048cnn_2xhighway/elmo_2x4096_512_2048cnn_2xhighway_options.json	True	elmo_token_embedder	https://s3-us-west-2.amazonaws.com/allennlp/models/elmo/2x4096_512_2048cnn_2xhighway/elmo_2x4096_512_2048cnn_2xhighway_weights.hdf5	63	relu	63	[1, 2, 3]	42	cnn	character_encoding	50	https://s3-us-west-2.amazonaws.com/allennlp/datasets/glove/glove.6B.50d.txt.gz	True	embedding	crf_tagger	3300.564	7241	10	5434	10	2947	10	10	10	0.8809949391622698	0.8897383439216109	s3://suching-dev/ner-2003/test.txt	0.40321808255909214	233.06000928525572	0.43918214062174005	0.3726983002832861	s3://suching-dev/ner-2003/train.txt	0	8.68611722966501	0.5	2	reduce_on_plateau	75	1	0.008009261125368455	adam	25	+f1-measure-overall	0.836996184087103	0.8598425506210067	3300.564	19771.0	24	0.12483389930604519	7241	0	0	0	0	0	0	0	462.124110065807	0.47063735040356247	0.07196050895782799	0	0.8407188193606168	0.8572680191581324	s3://suching-dev/ner-2003/dev.txt	0.1293866341165531	496.718682382621	0.6928104575163397	0.07135644564119825
6	5	0.985495113118648	0.9871695027452202	0.9298998569384336	62.100090213850436	0.9299781181619255	0.929821608885897	BIOUL	ner	elmo_characters	3	characters	True	single_id	conll2003	29	True	64	basic	0.123376678579882	True	0.31882590349428036	153	1222	1	lstm	False	BIOUL	[['scalar_parameters', {'alpha': '0.2558788436268222', 'type': 'l2'}]]	False	0.028120660710680034	https://s3-us-west-2.amazonaws.com/allennlp/models/elmo/2x4096_512_2048cnn_2xhighway/elmo_2x4096_512_2048cnn_2xhighway_options.json	True	elmo_token_embedder	https://s3-us-west-2.amazonaws.com/allennlp/models/elmo/2x4096_512_2048cnn_2xhighway/elmo_2x4096_512_2048cnn_2xhighway_weights.hdf5	48	relu	48	[1, 2, 3, 4]	37	cnn	character_encoding	50	https://s3-us-west-2.amazonaws.com/allennlp/datasets/glove/glove.6B.50d.txt.gz	True	embedding	crf_tagger	3245.316	7145	0	0	0	0	0	0	0	0.9758802627328523	0.9779907397437277	s3://suching-dev/ner-2003/test.txt	0.8932431245057052	82.09236856743142	0.8866213151927438	0.8999645892351275	s3://suching-dev/ner-2003/train.txt	0	9.815641224221768	0.5	2	reduce_on_plateau	75	1	1.9673443685213962e-05	adam	25	+f1-measure-overall	0.9997544457595238	0.999774090098762	3245.316	8952.0	29	0.998659203609459	7145	0	0	0	0	0	0	0	5.022538665207949	0.9988930517711172	0.9984254649134006	0	0.985300416650442	0.987033215217476	s3://suching-dev/ner-2003/dev.txt	0.9284511784511285	62.15405568889543	0.9287638935668575	0.9281386738471895
7	64	0.9789922510805654	0.9812507301117558	0.898891501511539	86.61733883502437	0.8970834730137446	0.9007068327162572	BIOUL	ner	elmo_characters	3	characters	True	single_id	conll2003	74	True	64	basic	0.2724030594561611	True	0.10793444710715805	326	1384	1	lstm	False	BIOUL	[['scalar_parameters', {'alpha': '0.03360225246818618', 'type': 'l2'}]]	False	0.019636628938241807	https://s3-us-west-2.amazonaws.com/allennlp/models/elmo/2x4096_512_2048cnn_2xhighway/elmo_2x4096_512_2048cnn_2xhighway_options.json	True	elmo_token_embedder	https://s3-us-west-2.amazonaws.com/allennlp/models/elmo/2x4096_512_2048cnn_2xhighway/elmo_2x4096_512_2048cnn_2xhighway_weights.hdf5	29	relu	29	[1, 2, 3, 4, 5]	62	cnn	character_encoding	50	https://s3-us-west-2.amazonaws.com/allennlp/datasets/glove/glove.6B.50d.txt.gz	True	embedding	crf_tagger	3282.048	7173	10	10	10	10	10	10	10	0.9725853343383224	0.9750619145041456	s3://suching-dev/ner-2003/test.txt	0.8740766795637911	93.61250282216955	0.8682739343116702	0.8799575070821529	s3://suching-dev/ner-2003/train.txt	0	5.177100382679941	0.5	2	reduce_on_plateau	75	1	6.417594389526557e-06	adam	25	+f1-measure-overall	0.9873686898699053	0.9883361735773815	3282.048	23283.0	74	0.9373243634505164	7173	0	0	0	0	0	0	0	59.49295080358332	0.9378434797426831	0.9368058215243202	0	0.9789533117869242	0.9812117908181146	s3://suching-dev/ner-2003/dev.txt	0.8984801410697292	86.42462822035247	0.8965979554214848	0.9003702457085156
8	8	0.9851641291226977	0.9869748062770142	0.927210141885602	89.8281530492446	0.9251130842687217	0.9293167283742848	BIOUL	ner	elmo_characters	3	characters	True	single_id	conll2003	32	True	64	basic	0.1485949452758244	True	0.11673877105322855	65	1206	2	lstm	False	BIOUL	[['scalar_parameters', {'alpha': '0.002081208101538013', 'type': 'l2'}]]	False	0.49191998272802545	https://s3-us-west-2.amazonaws.com/allennlp/models/elmo/2x4096_512_2048cnn_2xhighway/elmo_2x4096_512_2048cnn_2xhighway_options.json	True	elmo_token_embedder	https://s3-us-west-2.amazonaws.com/allennlp/models/elmo/2x4096_512_2048cnn_2xhighway/elmo_2x4096_512_2048cnn_2xhighway_weights.hdf5	32	relu	32	[1, 2, 3]	44	cnn	character_encoding	50	https://s3-us-west-2.amazonaws.com/allennlp/datasets/glove/glove.6B.50d.txt.gz	True	embedding	crf_tagger	3244.656	7137	10	1545	10	10	10	10	10	0.974674275869495	0.977064714116507	s3://suching-dev/ner-2003/test.txt	0.8870600595341822	134.83402884448017	0.8773813647384828	0.8969546742209632	s3://suching-dev/ner-2003/train.txt	0	5.027261109467275	0.5	2	reduce_on_plateau	75	1	0.00020778690632967782	adam	25	+f1-measure-overall	0.9999803556607619	0.9999901778303809	3244.656	9441.0	32	0.9998723295599126	7137	10	1545	10	10	10	10	10	0.31851785883984784	0.9999148827509895	0.9998297799906379	0	0.984949963007671	0.9867217008683462	s3://suching-dev/ner-2003/dev.txt	0.9258359172043412	108.21124172210693	0.9220497412785845	0.9296533153820262
9	15	0.9810365639967291	0.9832950430279195	0.9066017134217542	139.9399081024469	0.9049295774647887	0.908280040390441	BIOUL	ner	elmo_characters	3	characters	True	single_id	conll2003	39	True	64	basic	0.472906631018193	True	0.42043305463076946	87	1233	2	lstm	False	BIOUL	[['scalar_parameters', {'alpha': '0.0015511189820842887', 'type': 'l2'}]]	False	0.16189350711290906	https://s3-us-west-2.amazonaws.com/allennlp/models/elmo/2x4096_512_2048cnn_2xhighway/elmo_2x4096_512_2048cnn_2xhighway_options.json	True	elmo_token_embedder	https://s3-us-west-2.amazonaws.com/allennlp/models/elmo/2x4096_512_2048cnn_2xhighway/elmo_2x4096_512_2048cnn_2xhighway_weights.hdf5	33	relu	33	[1, 2, 3]	53	cnn	character_encoding	50	https://s3-us-west-2.amazonaws.com/allennlp/datasets/glove/glove.6B.50d.txt.gz	True	embedding	crf_tagger	3248.068	7139	0	0	0	0	0	0	0	0.9653494131581781	0.9689027673091418	s3://suching-dev/ner-2003/test.txt	0.8405873560185907	210.10371360072384	0.8349344978165939	0.8463172804532578	s3://suching-dev/ner-2003/train.txt	0	5.34890774297936	0.5	2	reduce_on_plateau	75	1	0.0006088294970765483	adam	25	+f1-measure-overall	0.9998919561341905	0.9999116004734285	3248.068	11821.0	39	0.9994254707947156	7139	0	0	0	0	0	0	0	0.667197897285223	0.9994892747701737	0.9993616749648921	0	0.9809392157626261	0.9831003465597135	s3://suching-dev/ner-2003/dev.txt	0.9045462170776215	148.70729160308838	0.9016722408026756	0.9074385728710872
10	2	0.7110315018885558	0.7256921459444726	0.004140786749436752	850.7303604425168	0.005873261205564142	0.0031975765735442613	BIOUL	ner	elmo_characters	3	characters	True	single_id	conll2003	26	True	64	basic	0.3266453463633236	True	0.04887438254645715	411	1190	1	lstm	False	BIOUL	[['scalar_parameters', {'alpha': '0.009481026004796637', 'type': 'l2'}]]	False	0.30995828457357344	https://s3-us-west-2.amazonaws.com/allennlp/models/elmo/2x4096_512_2048cnn_2xhighway/elmo_2x4096_512_2048cnn_2xhighway_options.json	True	elmo_token_embedder	https://s3-us-west-2.amazonaws.com/allennlp/models/elmo/2x4096_512_2048cnn_2xhighway/elmo_2x4096_512_2048cnn_2xhighway_weights.hdf5	27	relu	27	[1, 2, 3, 4]	29	cnn	character_encoding	50	https://s3-us-west-2.amazonaws.com/allennlp/datasets/glove/glove.6B.50d.txt.gz	True	embedding	crf_tagger	3281.848	7173	10	2187	10	10	10	10	10	0.6926025627220846	0.7108861849897706	s3://suching-dev/ner-2003/test.txt	0.0081605646228026	719.4926181369358	0.010818713450292398	0.006550991501416431	s3://suching-dev/ner-2003/train.txt	0	5.520893756926197	0.5	2	reduce_on_plateau	75	1	0.012551871849637596	adam	25	+f1-measure-overall	0.832811939829389	0.8572200313327211	3281.848	10047.0	26	0.0	7173	10	1831	10	10	10	10	10	524.2931643399326	0.0	0.0	0	0.8325026284023208	0.8500253105408668	s3://suching-dev/ner-2003/dev.txt	0.0	567.6201138963886	0.0	0.0
11	12	0.9870526848642965	0.9886297262567657	0.937757244855053	93.77397709266812	0.9361059869193359	0.9394143386065298	BIOUL	ner	elmo_characters	3	characters	True	single_id	conll2003	36	True	64	basic	0.07257971470828256	True	0.45689792597098555	417	1274	2	lstm	False	BIOUL	[['scalar_parameters', {'alpha': '0.016059731186772945', 'type': 'l2'}]]	False	0.38500192202926964	https://s3-us-west-2.amazonaws.com/allennlp/models/elmo/2x4096_512_2048cnn_2xhighway/elmo_2x4096_512_2048cnn_2xhighway_options.json	True	elmo_token_embedder	https://s3-us-west-2.amazonaws.com/allennlp/models/elmo/2x4096_512_2048cnn_2xhighway/elmo_2x4096_512_2048cnn_2xhighway_weights.hdf5	16	relu	16	[1, 2, 3, 4]	50	cnn	character_encoding	50	https://s3-us-west-2.amazonaws.com/allennlp/datasets/glove/glove.6B.50d.txt.gz	True	embedding	crf_tagger	3283.656	7215	0	0	0	0	0	0	0	0.9769355012382901	0.9790459782491655	s3://suching-dev/ner-2003/test.txt	0.8977731018761556	154.29081510614466	0.8891976380687738	0.9065155807365439	s3://suching-dev/ner-2003/train.txt	0	8.583509816841868	0.5	2	reduce_on_plateau	75	1	5.22057739011715e-05	adam	25	+f1-measure-overall	0.9999754445759523	0.9999852667455714	3283.656	11253.0	36	0.9998297727465668	7215	0	0	0	0	0	0	0	0.14527973022565924	0.9998723241264842	0.9997872249882974	0	0.9869748062770142	0.9885713173163039	s3://suching-dev/ner-2003/dev.txt	0.9364346292719292	97.09357955409031	0.9344729344729344	0.9384045775833053
12	11	0.9854172345313656	0.9871110938047584	0.9289736908463818	69.68467604880239	0.9279596977329975	0.9299899023897678	BIOUL	ner	elmo_characters	3	characters	True	single_id	conll2003	35	True	64	basic	0.29147815162819724	True	0.24991849045478282	68	1162	1	lstm	False	BIOUL	[['scalar_parameters', {'alpha': '0.1297198893214948', 'type': 'l2'}]]	False	0.19302490170113495	https://s3-us-west-2.amazonaws.com/allennlp/models/elmo/2x4096_512_2048cnn_2xhighway/elmo_2x4096_512_2048cnn_2xhighway_options.json	True	elmo_token_embedder	https://s3-us-west-2.amazonaws.com/allennlp/models/elmo/2x4096_512_2048cnn_2xhighway/elmo_2x4096_512_2048cnn_2xhighway_weights.hdf5	42	relu	42	[1, 2, 3, 4]	22	cnn	character_encoding	50	https://s3-us-west-2.amazonaws.com/allennlp/datasets/glove/glove.6B.50d.txt.gz	True	embedding	crf_tagger	3241.208	7137	0	0	0	0	0	0	0	0.9747604177883062	0.9772369979541294	s3://suching-dev/ner-2003/test.txt	0.8866684196686327	98.99412953412092	0.877972574205867	0.8955382436260623	s3://suching-dev/ner-2003/train.txt	0	8.803404657025856	0.5	2	reduce_on_plateau	75	1	5.6886140869417575e-05	adam	25	+f1-measure-overall	0.9999361558974762	0.9999459780670953	3241.208	10353.0	35	0.999659531003908	7137	0	0	0	0	0	0	0	3.6606342006813395	0.99974462651628	0.9995744499765947	0	0.9854367041781862	0.9870916241579378	s3://suching-dev/ner-2003/dev.txt	0.9284153923709801	71.99851744782691	0.927013422818792	0.929821608885897
13	13	0.986488065106499	0.9882013940267124	0.9342304457526834	82.66821014179902	0.9337592468056489	0.9347021204981488	BIOUL	ner	elmo_characters	3	characters	True	single_id	conll2003	37	True	64	basic	0.31150276311771585	True	0.3592023241065256	511	1326	1	lstm	False	BIOUL	[['scalar_parameters', {'alpha': '0.008986298919757328', 'type': 'l2'}]]	False	0.356353506197303	https://s3-us-west-2.amazonaws.com/allennlp/models/elmo/2x4096_512_2048cnn_2xhighway/elmo_2x4096_512_2048cnn_2xhighway_options.json	True	elmo_token_embedder	https://s3-us-west-2.amazonaws.com/allennlp/models/elmo/2x4096_512_2048cnn_2xhighway/elmo_2x4096_512_2048cnn_2xhighway_weights.hdf5	32	relu	32	[1, 2, 3, 4]	63	cnn	character_encoding	50	https://s3-us-west-2.amazonaws.com/allennlp/datasets/glove/glove.6B.50d.txt.gz	True	embedding	crf_tagger	3276.2	7169	0	0	0	0	0	0	0	0.9768708947991817	0.979218262086788	s3://suching-dev/ner-2003/test.txt	0.8969271290605295	130.70061577690973	0.8895855102751654	0.9043909348441926	s3://suching-dev/ner-2003/train.txt	0	9.208951640140413	0.5	2	reduce_on_plateau	75	1	3.271570607091245e-05	adam	25	+f1-measure-overall	0.9999656224063334	0.9999754445759523	3276.2	11022.0	37	0.9997872159332211	7169	0	0	0	0	0	0	0	0.2782241371968253	0.999829765501979	0.9997446699859569	0	0.9861570811105487	0.9878509403839414	s3://suching-dev/ner-2003/dev.txt	0.9321449592196592	84.93030783709358	0.9314400941018316	0.9328508919555705
14	0	0.8280051399867606	0.845508352478486	0.002598246183819148	2466.1020112879137	0.037037037037037014	0.0013463480309660047	BIOUL	ner	elmo_characters	3	characters	True	single_id	conll2003	24	True	64	basic	0.08404260627245691	True	0.017250216018479536	119	1224	3	lstm	False	BIOUL	[['scalar_parameters', {'alpha': '0.002722313161250724', 'type': 'l2'}]]	False	0.1384282229308919	https://s3-us-west-2.amazonaws.com/allennlp/models/elmo/2x4096_512_2048cnn_2xhighway/elmo_2x4096_512_2048cnn_2xhighway_options.json	True	elmo_token_embedder	https://s3-us-west-2.amazonaws.com/allennlp/models/elmo/2x4096_512_2048cnn_2xhighway/elmo_2x4096_512_2048cnn_2xhighway_weights.hdf5	60	relu	60	[1, 2, 3, 4, 5]	30	cnn	character_encoding	50	https://s3-us-west-2.amazonaws.com/allennlp/datasets/glove/glove.6B.50d.txt.gz	True	embedding	crf_tagger	3247.34	7155	10	1545	10	10	10	10	10	0.8182405513082804	0.8430709594056207	s3://suching-dev/ner-2003/test.txt	0.007994670219842275	2109.6704078956886	0.06741573033707864	0.00424929178470255	s3://suching-dev/ner-2003/train.txt	0	8.574499128571572	0.5	2	reduce_on_plateau	75	1	2.7892596814160887e-06	adam	25	+f1-measure-overall	0.832811939829389	0.8572200313327211	3247.34	7360.000000000001	24	0.0	7155	10	1545	10	10	10	10	10	618.0690861095081	0.0	0.0	0	0.8325026284023208	0.8500253105408668	s3://suching-dev/ner-2003/dev.txt	0.0	664.0101904775582	0.0	0.0
15	0	0.833729216152019	0.8490128889061952	0.12941310023834865	668.7742118087469	0.1988140913847227	0.09592729720632784	BIOUL	ner	elmo_characters	3	characters	True	single_id	conll2003	24	True	64	basic	0.28398643348385794	True	0.14733152238288494	430	1161	1	lstm	False	BIOUL	[['scalar_parameters', {'alpha': '0.14682890455050362', 'type': 'l2'}]]	False	0.3282592012121696	https://s3-us-west-2.amazonaws.com/allennlp/models/elmo/2x4096_512_2048cnn_2xhighway/elmo_2x4096_512_2048cnn_2xhighway_options.json	True	elmo_token_embedder	https://s3-us-west-2.amazonaws.com/allennlp/models/elmo/2x4096_512_2048cnn_2xhighway/elmo_2x4096_512_2048cnn_2xhighway_weights.hdf5	54	relu	54	[1, 2, 3]	29	cnn	character_encoding	50	https://s3-us-west-2.amazonaws.com/allennlp/datasets/glove/glove.6B.50d.txt.gz	True	embedding	crf_tagger	3256.708	7173	10	1545	10	10	10	10	10	0.823861311510714	0.8450522235382794	s3://suching-dev/ner-2003/test.txt	0.14351531905086445	577.4043203283239	0.2053394858272907	0.11030453257790368	s3://suching-dev/ner-2003/train.txt	0	7.0650109108963495	0.5	2	reduce_on_plateau	75	1	0.008799864957669823	adam	25	+f1-measure-overall	0.832811939829389	0.8572200313327211	3256.708	7300.0	24	0.0	7173	10	1545	10	10	10	10	10	523.4409898237749	0.0	0.0	0	0.8325026284023208	0.8500253105408668	s3://suching-dev/ner-2003/dev.txt	0.0	566.9800648408777	0.0	0.0
16	4	0.8023246758303805	0.8198473579689265	0.07627765064831438	966.407637053845	0.10819165378670788	0.05890272635476271	BIOUL	ner	elmo_characters	3	characters	True	single_id	conll2003	28	True	64	basic	0.46904083266904084	True	0.37194945516310157	343	1242	1	lstm	False	BIOUL	[['scalar_parameters', {'alpha': '0.00617512278974194', 'type': 'l2'}]]	False	0.27868755049212957	https://s3-us-west-2.amazonaws.com/allennlp/models/elmo/2x4096_512_2048cnn_2xhighway/elmo_2x4096_512_2048cnn_2xhighway_options.json	True	elmo_token_embedder	https://s3-us-west-2.amazonaws.com/allennlp/models/elmo/2x4096_512_2048cnn_2xhighway/elmo_2x4096_512_2048cnn_2xhighway_weights.hdf5	44	relu	44	[1, 2, 3]	56	cnn	character_encoding	50	https://s3-us-west-2.amazonaws.com/allennlp/datasets/glove/glove.6B.50d.txt.gz	True	embedding	crf_tagger	3273.248	7163	0	0	0	0	0	0	0	0.7924625821040163	0.8174006675998707	s3://suching-dev/ner-2003/test.txt	0.07432730480806948	831.5384329336661	0.09853801169590644	0.0596671388101983	s3://suching-dev/ner-2003/train.txt	0	6.986531839990597	0.5	2	reduce_on_plateau	75	1	0.03109912067456651	adam	25	+f1-measure-overall	0.832811939829389	0.8572200313327211	3273.248	8434.0	28	0.0	7163	0	0	0	0	0	0	0	517.1341174038973	0.0	0.0	0	0.8325026284023208	0.8500253105408668	s3://suching-dev/ner-2003/dev.txt	0.0	566.6025797526041	0.0	0.0
17	0	0.053307892994821075	0.06333476110743351	0.033859708067326376	2915.2921453737745	0.019041820624790057	0.15264220801077077	BIOUL	ner	elmo_characters	3	characters	True	single_id	conll2003	24	True	64	basic	0.3943251612567519	True	0.4908416244225636	126	1282	3	lstm	False	BIOUL	[['scalar_parameters', {'alpha': '0.0298787958724398', 'type': 'l2'}]]	False	0.4443139109734247	https://s3-us-west-2.amazonaws.com/allennlp/models/elmo/2x4096_512_2048cnn_2xhighway/elmo_2x4096_512_2048cnn_2xhighway_options.json	True	elmo_token_embedder	https://s3-us-west-2.amazonaws.com/allennlp/models/elmo/2x4096_512_2048cnn_2xhighway/elmo_2x4096_512_2048cnn_2xhighway_weights.hdf5	48	relu	48	[1, 2, 3, 4]	52	cnn	character_encoding	50	https://s3-us-west-2.amazonaws.com/allennlp/datasets/glove/glove.6B.50d.txt.gz	True	embedding	crf_tagger	3256.24	7155	10	3191	10	10	10	10	10	0.054678582965435554	0.06843975449553139	s3://suching-dev/ner-2003/test.txt	0.043614723026107693	2487.300513373481	0.024644156801326637	0.18944759206798867	s3://suching-dev/ner-2003/train.txt	0	6.884649977823187	0.5	2	reduce_on_plateau	75	1	2.1964956187085266e-06	adam	25	+f1-measure-overall	0.8328070287445793	0.8572151202479116	3256.24	8692.0	24	0.0	7155	0	0	0	0	0	0	0	799.907919588956	0.0	0.0	0	0.8325026284023208	0.8500253105408668	s3://suching-dev/ner-2003/dev.txt	0.0	885.7989364324832	0.0	0.0
18	12	0.987422608153888	0.9889412406058954	0.9374527747459831	90.94868175656188	0.9353325515161669	0.9395826321104005	BIOUL	ner	elmo_characters	3	characters	True	single_id	conll2003	36	True	64	basic	0.08869838871696756	True	0.02036467247740148	147	1278	1	lstm	False	BIOUL	[['scalar_parameters', {'alpha': '0.6236796564785592', 'type': 'l2'}]]	False	0.4947255823811127	https://s3-us-west-2.amazonaws.com/allennlp/models/elmo/2x4096_512_2048cnn_2xhighway/elmo_2x4096_512_2048cnn_2xhighway_options.json	True	elmo_token_embedder	https://s3-us-west-2.amazonaws.com/allennlp/models/elmo/2x4096_512_2048cnn_2xhighway/elmo_2x4096_512_2048cnn_2xhighway_weights.hdf5	24	relu	24	[1, 2, 3, 4]	51	cnn	character_encoding	50	https://s3-us-west-2.amazonaws.com/allennlp/datasets/glove/glove.6B.50d.txt.gz	True	embedding	crf_tagger	3245.484	7143	0	0	0	0	0	0	0	0.9769570367179929	0.9789813718100571	s3://suching-dev/ner-2003/test.txt	0.8964486638536772	148.28448337978787	0.8901885474860335	0.9027974504249292	s3://suching-dev/ner-2003/train.txt	0	5.699708898800315	0.5	2	reduce_on_plateau	75	1	0.0002440535939490945	adam	25	+f1-measure-overall	0.9999754445759523	0.9999852667455714	3245.484	10680.0	36	0.9998510479837781	7143	0	0	0	0	0	0	0	0.09790038248227739	0.9999148791283623	0.9997872249882974	0	0.9872863206261439	0.9887660137845099	s3://suching-dev/ner-2003/dev.txt	0.9367705096984975	95.191343943278	0.9348081112786996	0.9387411645910468
19	13	0.9856898095868541	0.9875004867411705	0.9316498316497817	69.53183566822725	0.931963624115864	0.9313362504207338	BIOUL	ner	elmo_characters	3	characters	True	single_id	conll2003	37	True	64	basic	0.2517958078225213	True	0.1983862368824697	289	1154	1	lstm	False	BIOUL	[['scalar_parameters', {'alpha': '0.2113762554706641', 'type': 'l2'}]]	False	0.21850336361119327	https://s3-us-west-2.amazonaws.com/allennlp/models/elmo/2x4096_512_2048cnn_2xhighway/elmo_2x4096_512_2048cnn_2xhighway_options.json	True	elmo_token_embedder	https://s3-us-west-2.amazonaws.com/allennlp/models/elmo/2x4096_512_2048cnn_2xhighway/elmo_2x4096_512_2048cnn_2xhighway_weights.hdf5	36	relu	36	[1, 2, 3, 4]	20	cnn	character_encoding	50	https://s3-us-west-2.amazonaws.com/allennlp/datasets/glove/glove.6B.50d.txt.gz	True	embedding	crf_tagger	3267.168	7155	0	0	0	0	0	0	0	0.9763540432863143	0.9787229460536233	s3://suching-dev/ner-2003/test.txt	0.8956376722548435	100.63030661476984	0.888076588337685	0.9033286118980169	s3://suching-dev/ner-2003/train.txt	0	8.724505971855068	0.5	2	reduce_on_plateau	75	1	2.235488076800605e-05	adam	25	+f1-measure-overall	0.9998674007101429	0.999887045049381	3267.168	11027.0	37	0.999276441796077	7155	0	0	0	0	0	0	0	1.9181616083464839	0.9994465965688988	0.9991063449508489	0	0.9856703399400335	0.9874810170943499	s3://suching-dev/ner-2003/dev.txt	0.9307297365541121	71.89972357656441	0.9309648088903856	0.93049478290138
20	74	0.9524551224640785	0.9548693586698337	0.7435940378495564	181.02613946503283	0.74	0.7472231571861326	BIOUL	ner	elmo_characters	3	characters	True	single_id	conll2003	74	True	64	basic	0.16364948680845565	True	0.016348939618658742	390	1344	2	lstm	False	BIOUL	[['scalar_parameters', {'alpha': '0.32594025812389504', 'type': 'l2'}]]	False	0.49584567806818014	https://s3-us-west-2.amazonaws.com/allennlp/models/elmo/2x4096_512_2048cnn_2xhighway/elmo_2x4096_512_2048cnn_2xhighway_options.json	True	elmo_token_embedder	https://s3-us-west-2.amazonaws.com/allennlp/models/elmo/2x4096_512_2048cnn_2xhighway/elmo_2x4096_512_2048cnn_2xhighway_weights.hdf5	59	relu	59	[1, 2, 3, 4, 5]	54	cnn	character_encoding	50	https://s3-us-west-2.amazonaws.com/allennlp/datasets/glove/glove.6B.50d.txt.gz	True	embedding	crf_tagger	3277.34	7219	10	1545	10	10	10	10	10	0.9468935070528696	0.9504253257241305	s3://suching-dev/ner-2003/test.txt	0.7305032822756612	173.99132396556712	0.7223472390514107	0.7388456090651558	s3://suching-dev/ner-2003/train.txt	0	9.16446831462287	0.5	2	reduce_on_plateau	75	1	4.7102942958294e-06	adam	25	+f1-measure-overall	0.9567529871673354	0.9584620446810496	3277.34	22231.0	74	0.7581156736274699	7219	10	1545	10	10	10	10	10	162.78108988675203	0.7584547235710026	0.757776926677731	0	0.9524551224640785	0.9548693586698337	s3://suching-dev/ner-2003/dev.txt	0.7435940378495564	181.02613946503283	0.74	0.7472231571861326
21	74	0.9396830341497605	0.9419220435341303	0.6317635270540584	240.88546924965055	0.6269472986410342	0.6366543251430494	BIOUL	ner	elmo_characters	3	characters	True	single_id	conll2003	74	True	64	basic	0.24546358897731935	True	0.3730218172138543	138	1198	3	lstm	False	BIOUL	[['scalar_parameters', {'alpha': '0.002293478550591012', 'type': 'l2'}]]	False	0.1303102629671779	https://s3-us-west-2.amazonaws.com/allennlp/models/elmo/2x4096_512_2048cnn_2xhighway/elmo_2x4096_512_2048cnn_2xhighway_options.json	True	elmo_token_embedder	https://s3-us-west-2.amazonaws.com/allennlp/models/elmo/2x4096_512_2048cnn_2xhighway/elmo_2x4096_512_2048cnn_2xhighway_weights.hdf5	51	relu	51	[1, 2, 3, 4]	31	cnn	character_encoding	50	https://s3-us-west-2.amazonaws.com/allennlp/datasets/glove/glove.6B.50d.txt.gz	True	embedding	crf_tagger	3257.692	7165	10	2143	10	10	10	10	10	0.9307418972757618	0.934015290190589	s3://suching-dev/ner-2003/test.txt	0.6096396005210096	235.6485034801342	0.5982614624169081	0.6214589235127479	s3://suching-dev/ner-2003/train.txt	0	9.203621872266034	0.5	2	reduce_on_plateau	75	1	1.4686318566666547e-05	adam	25	+f1-measure-overall	0.944293565005574	0.9458749343142406	3257.692	22787.0	74	0.6430638297871841	7165	10	1577	10	10	10	10	10	207.3398209658536	0.643036466533339	0.6430911953700158	0	0.9396830341497605	0.9419220435341303	s3://suching-dev/ner-2003/dev.txt	0.6317635270540584	240.88546924965055	0.6269472986410342	0.6366543251430494
22	4	0.984852614773568	0.9867606401619875	0.9288181282115582	53.84840006921806	0.9298363973688649	0.927802086839448	BIOUL	ner	elmo_characters	3	characters	True	single_id	conll2003	28	True	64	basic	0.38015556140131224	True	0.4309623374686373	322	1324	1	lstm	False	BIOUL	[['scalar_parameters', {'alpha': '0.0024300430846995276', 'type': 'l2'}]]	False	0.008989332695889862	https://s3-us-west-2.amazonaws.com/allennlp/models/elmo/2x4096_512_2048cnn_2xhighway/elmo_2x4096_512_2048cnn_2xhighway_options.json	True	elmo_token_embedder	https://s3-us-west-2.amazonaws.com/allennlp/models/elmo/2x4096_512_2048cnn_2xhighway/elmo_2x4096_512_2048cnn_2xhighway_weights.hdf5	32	relu	32	[1, 2, 3, 4, 5]	50	cnn	character_encoding	50	https://s3-us-west-2.amazonaws.com/allennlp/datasets/glove/glove.6B.50d.txt.gz	True	embedding	crf_tagger	3247.428	7165	0	0	0	0	0	0	0	0.9738774631204911	0.9767201464412619	s3://suching-dev/ner-2003/test.txt	0.8789007092198082	82.2910003485503	0.8801491477272727	0.8776558073654391	s3://suching-dev/ner-2003/train.txt	0	7.2148757930383445	0.5	2	reduce_on_plateau	75	1	0.0021007522283639037	adam	25	+f1-measure-overall	0.9999754445759523	0.9999852667455714	3247.428	8730.0	28	0.9998510479837781	7165	0	0	0	0	0	0	0	0.06869213368680159	0.9999148791283623	0.9997872249882974	0	0.9843269343094116	0.9864296561660372	s3://suching-dev/ner-2003/dev.txt	0.9243612446242859	105.45498597388173	0.9263140104782829	0.922416694715584
23	0	0.03339044429734045	0.049082979634749425	0.0	967.354035022212	0.0	0.0	BIOUL	ner	elmo_characters	3	characters	True	single_id	conll2003	24	True	64	basic	0.06281256902086518	True	0.35799866548832554	127	1143	3	lstm	False	BIOUL	[['scalar_parameters', {'alpha': '0.1476410537367417', 'type': 'l2'}]]	False	0.13536470154588365	https://s3-us-west-2.amazonaws.com/allennlp/models/elmo/2x4096_512_2048cnn_2xhighway/elmo_2x4096_512_2048cnn_2xhighway_options.json	True	elmo_token_embedder	https://s3-us-west-2.amazonaws.com/allennlp/models/elmo/2x4096_512_2048cnn_2xhighway/elmo_2x4096_512_2048cnn_2xhighway_weights.hdf5	56	relu	56	[1, 2, 3]	23	cnn	character_encoding	50	https://s3-us-west-2.amazonaws.com/allennlp/datasets/glove/glove.6B.50d.txt.gz	True	embedding	crf_tagger	3247.372	7153	10	1545	10	10	10	10	10	0.049057822763002044	0.06947345752126628	s3://suching-dev/ner-2003/test.txt	0.0002431019812381054	821.7860531277126	0.00038774718883288094	0.00017705382436260624	s3://suching-dev/ner-2003/train.txt	0	9.135726330674135	0.5	2	reduce_on_plateau	75	1	0.04711590864166794	adam	25	+f1-measure-overall	0.832811939829389	0.8572200313327211	3247.372	7353.000000000001	24	0.0	7153	10	1545	10	10	10	10	10	514.6839423439719	0.0	0.0	0	0.8325026284023208	0.8500253105408668	s3://suching-dev/ner-2003/dev.txt	0.0	560.2634205537684	0.0	0.0
24	15	0.981932167750477	0.984210116428488	0.9130434782608197	60.37925315370747	0.9142760715491056	0.9118142039717267	BIOUL	ner	elmo_characters	3	characters	True	single_id	conll2003	39	True	64	basic	0.007794179427911829	True	0.24690134639655775	65	1359	3	lstm	False	BIOUL	[['scalar_parameters', {'alpha': '0.01981126413921106', 'type': 'l2'}]]	False	0.12745240952127518	https://s3-us-west-2.amazonaws.com/allennlp/models/elmo/2x4096_512_2048cnn_2xhighway/elmo_2x4096_512_2048cnn_2xhighway_options.json	True	elmo_token_embedder	https://s3-us-west-2.amazonaws.com/allennlp/models/elmo/2x4096_512_2048cnn_2xhighway/elmo_2x4096_512_2048cnn_2xhighway_weights.hdf5	17	relu	17	[1, 2, 3, 4, 5]	57	cnn	character_encoding	50	https://s3-us-west-2.amazonaws.com/allennlp/datasets/glove/glove.6B.50d.txt.gz	True	embedding	crf_tagger	3244.132	7141	0	0	0	0	0	0	0	0.9687089479918165	0.9720038763863466	s3://suching-dev/ner-2003/test.txt	0.8609189285080218	98.9427378265946	0.8626022040526129	0.859242209631728	s3://suching-dev/ner-2003/train.txt	0	6.029397887768104	0.5	2	reduce_on_plateau	75	1	0.0018996034610829116	adam	25	+f1-measure-overall	0.9963166863928573	0.9969993271813811	3244.132	11736.0	39	0.9830551771116667	7141	0	0	0	0	0	0	0	9.513166583668102	0.9835157814030754	0.9825950040427253	0	0.9817569409290915	0.9838986020793583	s3://suching-dev/ner-2003/dev.txt	0.9114947368420552	63.41810191846361	0.9121860778695432	0.9108044429485022
25	0	0.8325026284023208	0.8500253105408668	0.0	601.1453749712775	0.0	0.0	BIOUL	ner	elmo_characters	3	characters	True	single_id	conll2003	24	True	64	basic	0.11961723870018792	True	0.062120593929493595	244	1254	2	lstm	False	BIOUL	[['scalar_parameters', {'alpha': '0.011379873378685424', 'type': 'l2'}]]	False	0.21271267584531917	https://s3-us-west-2.amazonaws.com/allennlp/models/elmo/2x4096_512_2048cnn_2xhighway/elmo_2x4096_512_2048cnn_2xhighway_options.json	True	elmo_token_embedder	https://s3-us-west-2.amazonaws.com/allennlp/models/elmo/2x4096_512_2048cnn_2xhighway/elmo_2x4096_512_2048cnn_2xhighway_weights.hdf5	19	relu	19	[1, 2, 3, 4]	45	cnn	character_encoding	50	https://s3-us-west-2.amazonaws.com/allennlp/datasets/glove/glove.6B.50d.txt.gz	True	embedding	crf_tagger	3273.196	7169	0	0	0	0	0	0	0	0.8253041886508022	0.8502422741466567	s3://suching-dev/ner-2003/test.txt	0.0	519.6015068336769	0.0	0.0	s3://suching-dev/ner-2003/train.txt	0	5.871630662535102	0.5	2	reduce_on_plateau	75	1	0.011781309812347443	adam	25	+f1-measure-overall	0.832811939829389	0.8572200313327211	3273.192	7464.000000000001	24	0.0	7169	0	0	0	0	0	0	0	502.8140121459961	0.0	0.0	0	0.8325026284023208	0.8500253105408668	s3://suching-dev/ner-2003/dev.txt	0.0	547.6377018947227	0.0	0.0
26	3	0.8343133055566372	0.8518359876951832	0.04897696149507802	557.8888729319852	0.5735849056603771	0.02558061258835409	BIOUL	ner	elmo_characters	3	characters	True	single_id	conll2003	27	True	64	basic	0.08250515927528157	True	0.3287407076995035	141	1234	2	lstm	False	BIOUL	[['scalar_parameters', {'alpha': '0.42273715155795866', 'type': 'l2'}]]	False	0.4586026044277438	https://s3-us-west-2.amazonaws.com/allennlp/models/elmo/2x4096_512_2048cnn_2xhighway/elmo_2x4096_512_2048cnn_2xhighway_options.json	True	elmo_token_embedder	https://s3-us-west-2.amazonaws.com/allennlp/models/elmo/2x4096_512_2048cnn_2xhighway/elmo_2x4096_512_2048cnn_2xhighway_weights.hdf5	53	relu	53	[1, 2, 3, 4, 5]	32	cnn	character_encoding	50	https://s3-us-west-2.amazonaws.com/allennlp/datasets/glove/glove.6B.50d.txt.gz	True	embedding	crf_tagger	3254.192	7151	10	1545	10	10	10	10	10	0.8265963174329708	0.8515344029288252	s3://suching-dev/ner-2003/test.txt	0.051983122362860276	492.422208432798	0.5559566787003608	0.02726628895184136	s3://suching-dev/ner-2003/train.txt	0	5.022586622462842	0.5	2	reduce_on_plateau	75	1	0.014344593550160586	adam	25	+f1-measure-overall	0.833769601367246	0.8581776928705782	3254.192	8097.000000000001	27	0.030422022899180143	7151	10	1545	10	10	10	10	10	497.81051392988724	0.5302593659942362	0.01566024086131325	0	0.8343133055566372	0.8518359876951832	s3://suching-dev/ner-2003/dev.txt	0.04897696149507802	542.7080760282629	0.5735849056603771	0.02558061258835409
27	1	0.45757563957789804	0.47509832171644406	0.06197584431561183	2911.333869485294	0.03837055450864039	0.1610568832043083	BIOUL	ner	elmo_characters	3	characters	True	single_id	conll2003	25	True	64	basic	0.1717073630947023	True	0.319036033155686	471	1279	2	lstm	False	BIOUL	[['scalar_parameters', {'alpha': '0.053613199186557464', 'type': 'l2'}]]	False	0.08458589165329383	https://s3-us-west-2.amazonaws.com/allennlp/models/elmo/2x4096_512_2048cnn_2xhighway/elmo_2x4096_512_2048cnn_2xhighway_options.json	True	elmo_token_embedder	https://s3-us-west-2.amazonaws.com/allennlp/models/elmo/2x4096_512_2048cnn_2xhighway/elmo_2x4096_512_2048cnn_2xhighway_weights.hdf5	61	relu	61	[1, 2, 3, 4, 5]	41	cnn	character_encoding	50	https://s3-us-west-2.amazonaws.com/allennlp/datasets/glove/glove.6B.50d.txt.gz	True	embedding	crf_tagger	3299.6	7207	10	1577	10	10	10	10	10	0.4588995369871864	0.4838376224830408	s3://suching-dev/ner-2003/test.txt	0.05917792592061238	2427.748528374566	0.03704860956121948	0.14695467422096317	s3://suching-dev/ner-2003/train.txt	0	8.577182778048089	0.5	2	reduce_on_plateau	75	1	0.07823767111897217	adam	25	+f1-measure-overall	0.832811939829389	0.8572200313327211	3299.6	7805.000000000001	25	0.0	7207	0	0	0	0	0	0	0	524.3240599892356	0.0	0.0	0	0.8325026284023208	0.8500253105408668	s3://suching-dev/ner-2003/dev.txt	0.0	568.8000610949946	0.0	0.0
28	2	0.8343133055566372	0.8518359876951832	0.04897696149507802	571.4308166503906	0.5735849056603771	0.02558061258835409	BIOUL	ner	elmo_characters	3	characters	True	single_id	conll2003	26	True	64	basic	0.03151932416163178	True	0.49408980938725944	258	1374	3	lstm	False	BIOUL	[['scalar_parameters', {'alpha': '0.0012103451834672076', 'type': 'l2'}]]	False	0.03334389194674542	https://s3-us-west-2.amazonaws.com/allennlp/models/elmo/2x4096_512_2048cnn_2xhighway/elmo_2x4096_512_2048cnn_2xhighway_options.json	True	elmo_token_embedder	https://s3-us-west-2.amazonaws.com/allennlp/models/elmo/2x4096_512_2048cnn_2xhighway/elmo_2x4096_512_2048cnn_2xhighway_weights.hdf5	28	relu	28	[1, 2, 3, 4, 5]	60	cnn	character_encoding	50	https://s3-us-west-2.amazonaws.com/allennlp/datasets/glove/glove.6B.50d.txt.gz	True	embedding	crf_tagger	3240.508	7197	0	0	0	0	0	0	0	0.8265963174329708	0.8515344029288252	s3://suching-dev/ner-2003/test.txt	0.051983122362860276	499.0149787620262	0.5559566787003608	0.02726628895184136	s3://suching-dev/ner-2003/train.txt	0	6.10754813611043	0.5	2	reduce_on_plateau	75	1	0.032938348793860386	adam	25	+f1-measure-overall	0.8343049096114841	0.8587130011148163	3240.508	8192.0	26	0.04360631596170408	7197	0	0	0	0	0	0	0	503.2914749145508	0.5628299894403378	0.022681816247499893	0	0.8343133055566372	0.8518359876951832	s3://suching-dev/ner-2003/dev.txt	0.04897696149507802	548.063242594401	0.5735849056603771	0.02558061258835409
29	13	0.9839764806666407	0.9858260971145983	0.919942996059972	129.2101988324932	0.916485719057959	0.9234264557388084	BIOUL	ner	elmo_characters	3	characters	True	single_id	conll2003	37	True	64	basic	0.15656708057890972	True	0.16363246143030957	190	1248	3	lstm	False	BIOUL	[['scalar_parameters', {'alpha': '0.02479602132059879', 'type': 'l2'}]]	False	0.22186824060682114	https://s3-us-west-2.amazonaws.com/allennlp/models/elmo/2x4096_512_2048cnn_2xhighway/elmo_2x4096_512_2048cnn_2xhighway_options.json	True	elmo_token_embedder	https://s3-us-west-2.amazonaws.com/allennlp/models/elmo/2x4096_512_2048cnn_2xhighway/elmo_2x4096_512_2048cnn_2xhighway_weights.hdf5	56	relu	56	[1, 2, 3]	58	cnn	character_encoding	50	https://s3-us-west-2.amazonaws.com/allennlp/datasets/glove/glove.6B.50d.txt.gz	True	embedding	crf_tagger	3270.9	7169	0	0	0	0	0	0	0	0.9717454506299128	0.9745235275115753	s3://suching-dev/ner-2003/test.txt	0.8704726826273289	179.9428874651591	0.862380538662033	0.8787181303116147	s3://suching-dev/ner-2003/train.txt	0	9.6909431177456	0.5	2	reduce_on_plateau	75	1	0.0003148931929866045	adam	25	+f1-measure-overall	0.9999803556607619	0.9999852667455714	3270.9	11449.0	37	0.9998723295599126	7169	0	0	0	0	0	0	0	0.1201697409872643	0.9999148827509895	0.9998297799906379	0	0.9838986020793583	0.9857482185273159	s3://suching-dev/ner-2003/dev.txt	0.9195440831377307	136.88287527420943	0.9158597662771285	0.9232581622349377
